candidato,id,celda,ubicacion,cita,categoria,veredicto,ocurrencias,justificacion,refs
K-001,,celda-en-evaluacion,sut/.pipeline/revision-backend.md:6,"dist/main.js`) y responde `GET /health` (`rpc.status = ""OK""`, `chainId 11155111`) contra el",,CORRECTO,1,Sepolia chainId 11155111 es constante de spec/00-fundaciones/activos-y-par-de-trading.md §1; no se afirma un chainId distinto ni una red equivocada como Sepolia (C4 no aplica). §2.6.,
K-002,,celda-en-evaluacion,sut/.pipeline/revision-backend.md:7,nodo JSON-RPC configurable. La suite propia pasa (125 tests). Los puntos siguientes son lo,,CORRECTO,1,"JSON-RPC: `eth_chainId` existe y retorna quantity hex; `eth_getBalance(address, block)` existe (corpus/documentos/ethereum-json-rpc.md, §eth_chainId y §eth_getBalance; Conventions Hex value encoding). No hay método inventado.",
K-003,,celda-en-evaluacion,sut/.pipeline/revision-backend.md:12,1. **Un `chainId`/`network` repetido en la query saltea por completo la validación de red.**,,CORRECTO,1,Sepolia chainId 11155111 es constante de spec/00-fundaciones/activos-y-par-de-trading.md §1; no se afirma un chainId distinto ni una red equivocada como Sepolia (C4 no aplica). §2.6.,
K-004,,celda-en-evaluacion,sut/.pipeline/revision-backend.md:13,`backend/src/http/app.ts:256-267`. Las guardas usan `typeof rawChainId === 'string'` /,,CORRECTO,1,Sepolia chainId 11155111 es constante de spec/00-fundaciones/activos-y-par-de-trading.md §1; no se afirma un chainId distinto ni una red equivocada como Sepolia (C4 no aplica). §2.6.,
K-005,,celda-en-evaluacion,sut/.pipeline/revision-backend.md:16,- `GET /api/v1/deposit-address?asset=ETH&chainId=1` → `422 CHAIN_ID_MISMATCH` (correcto),,CORRECTO,1,Sepolia chainId 11155111 es constante de spec/00-fundaciones/activos-y-par-de-trading.md §1; no se afirma un chainId distinto ni una red equivocada como Sepolia (C4 no aplica). §2.6.,
K-006,,celda-en-evaluacion,sut/.pipeline/revision-backend.md:17,- `GET /api/v1/deposit-address?asset=ETH&chainId=1&chainId=1` → **`200`** con la dirección,,CORRECTO,1,Sepolia chainId 11155111 es constante de spec/00-fundaciones/activos-y-par-de-trading.md §1; no se afirma un chainId distinto ni una red equivocada como Sepolia (C4 no aplica). §2.6.,
K-007,,celda-en-evaluacion,sut/.pipeline/revision-backend.md:19,"Incumple **HU-06-04 RN-4** (""Si… la consulta especificara una red o `chainId` distinto de",,CORRECTO,1,Sepolia chainId 11155111 es constante de spec/00-fundaciones/activos-y-par-de-trading.md §1; no se afirma un chainId distinto ni una red equivocada como Sepolia (C4 no aplica). §2.6.,
K-008,,celda-en-evaluacion,sut/.pipeline/revision-backend.md:20,"Sepolia, se rechaza con `CHAIN_ID_MISMATCH`"") y su precedencia **RN-9**; además es",,CORRECTO,1,Sepolia chainId 11155111 es constante de spec/00-fundaciones/activos-y-par-de-trading.md §1; no se afirma un chainId distinto ni una red equivocada como Sepolia (C4 no aplica). §2.6.,
K-009,,celda-en-evaluacion,sut/.pipeline/revision-backend.md:24,2. **`tokenAddress` se devuelve sin checksum EIP-55 si `USDC_CONTRACT_ADDRESS` viene en,,CORRECTO,1,"Checksum EIP-55/ERC-55: Keccak-256 sobre el hex ASCII en minúsculas sin `0x`; nibble ≥ 8 (o > 7) ⇒ mayúscula. Vectores oficiales All caps / All Lower / Normal (corpus/documentos/erc-55.md, Specification, Implementation y Test Cases).",
K-010,,celda-en-evaluacion,sut/.pipeline/revision-backend.md:30,**HU-06-04 RN-6** exigen `tokenAddress` como `0x`+40 hex **con checksum EIP-55**.,,CORRECTO,1,"Checksum EIP-55/ERC-55: Keccak-256 sobre el hex ASCII en minúsculas sin `0x`; nibble ≥ 8 (o > 7) ⇒ mayúscula. Vectores oficiales All caps / All Lower / Normal (corpus/documentos/erc-55.md, Specification, Implementation y Test Cases).",
K-011,,celda-en-evaluacion,sut/.pipeline/revision-backend.md:31,Normalizar con `toChecksumAddress()` al cargar la config (y rechazar una entrada,,CORRECTO,1,"Checksum EIP-55/ERC-55: Keccak-256 sobre el hex ASCII en minúsculas sin `0x`; nibble ≥ 8 (o > 7) ⇒ mayúscula. Vectores oficiales All caps / All Lower / Normal (corpus/documentos/erc-55.md, Specification, Implementation y Test Cases).",
K-012,,celda-en-evaluacion,sut/.pipeline/revision-backend.md:32,mixed-case cuyo checksum no verifique).,,CORRECTO,1,"Checksum EIP-55/ERC-55: Keccak-256 sobre el hex ASCII en minúsculas sin `0x`; nibble ≥ 8 (o > 7) ⇒ mayúscula. Vectores oficiales All caps / All Lower / Normal (corpus/documentos/erc-55.md, Specification, Implementation y Test Cases).",
K-013,,celda-en-evaluacion,sut/.pipeline/revision-backend.md:43,4. **RN-8 mal generalizado: una clave BIP-32 inválida en un paso intermedio del path,,CORRECTO,1,"BIP-32: I = HMAC-SHA512(key=""Bitcoin seed"", data=S); CKDpriv hardened (`0x00‖ser256(k)‖ser32(i)`) / normal (`serP‖ser32(i)`); si parse256(I_L) ≥ n o k_i = 0, «proceed with the next value for i» (corpus/documentos/bip-0032.mediawiki, Master key generation y Private parent key → private child key).",
K-014,,celda-en-evaluacion,sut/.pipeline/revision-backend.md:45,"`backend/src/wallet/crypto/derivation.ts:98-107`, en particular la línea 102",,CORRECTO,1,"Keccak-256 / secp256k1 usados como en HU-06-02 RN-4 (dirección = últimos 20 B de Keccak-256(X‖Y)) y BIP-32 (corpus/documentos/bip-0032.mediawiki, curva secp256k1; corpus/documentos/erc-55.md usa Keccak-256). Sin fórmula atribuida de más al estándar. §2.6.",
K-015,,celda-en-evaluacion,sut/.pipeline/revision-backend.md:48,"ignorando `error.index` (que sí lleva el nivel, `bip32.ts:38-46`). Como `deriveAccountAt`",,CORRECTO,1,"BIP-32: I = HMAC-SHA512(key=""Bitcoin seed"", data=S); CKDpriv hardened (`0x00‖ser256(k)‖ser32(i)`) / normal (`serP‖ser32(i)`); si parse256(I_L) ≥ n o k_i = 0, «proceed with the next value for i» (corpus/documentos/bip-0032.mediawiki, Master key generation y Private parent key → private child key).",
K-016,,celda-en-evaluacion,sut/.pipeline/revision-backend.md:56,"es un cuelgue, no un error. **BIP-32** (""proceed with the next value for **i**"" se refiere",,CORRECTO,1,"BIP-32: I = HMAC-SHA512(key=""Bitcoin seed"", data=S); CKDpriv hardened (`0x00‖ser256(k)‖ser32(i)`) / normal (`serP‖ser32(i)`); si parse256(I_L) ≥ n o k_i = 0, «proceed with the next value for i» (corpus/documentos/bip-0032.mediawiki, Master key generation y Private parent key → private child key).",
K-017,,celda-en-evaluacion,sut/.pipeline/revision-backend.md:93,8. **`normalizeMnemonic` colapsa los separadores antes de PBKDF2.**,,CORRECTO,1,"BIP-39: ENT 128–256, checksum SHA-256 ENT/32, wordlist inglés 2048, PBKDF2-HMAC-SHA512 2048 iter, seed 64 B, NFKD (corpus/documentos/bip-0039.mediawiki «Generating the mnemonic» y «From mnemonic to seed»; wordlist corpus/documentos/bip-0039-wordlist-english.txt, SHA-256 2f5eed53…24dbda). 24 palabras = política HU-06-01 RN-1, no exclusividad del estándar (§2.6).",
K-018,,celda-en-evaluacion,sut/.pipeline/revision-backend.md:94,"`backend/src/wallet/crypto/bip39.ts:47` (`.trim().replace(/\s+/gu, ' ')`), usado como",,CORRECTO,1,"BIP-39: ENT 128–256, checksum SHA-256 ENT/32, wordlist inglés 2048, PBKDF2-HMAC-SHA512 2048 iter, seed 64 B, NFKD (corpus/documentos/bip-0039.mediawiki «Generating the mnemonic» y «From mnemonic to seed»; wordlist corpus/documentos/bip-0039-wordlist-english.txt, SHA-256 2f5eed53…24dbda). 24 palabras = política HU-06-01 RN-1, no exclusividad del estándar (§2.6).",
K-019,,celda-en-evaluacion,sut/.pipeline/revision-backend.md:96,"`password = mnemonic_NFKD` (BIP-39 §*From mnemonic to seed*: la frase en UTF-8 NFKD, sin",,CORRECTO,1,"BIP-39: ENT 128–256, checksum SHA-256 ENT/32, wordlist inglés 2048, PBKDF2-HMAC-SHA512 2048 iter, seed 64 B, NFKD (corpus/documentos/bip-0039.mediawiki «Generating the mnemonic» y «From mnemonic to seed»; wordlist corpus/documentos/bip-0039-wordlist-english.txt, SHA-256 2f5eed53…24dbda). 24 palabras = política HU-06-01 RN-1, no exclusividad del estándar (§2.6).",
K-020,,celda-en-evaluacion,sut/.pipeline/revision-backend.md:97,"otra transformación). Con un `WALLET_MNEMONIC` importado con espacios irregulares, la seed",,CORRECTO,1,"BIP-39: ENT 128–256, checksum SHA-256 ENT/32, wordlist inglés 2048, PBKDF2-HMAC-SHA512 2048 iter, seed 64 B, NFKD (corpus/documentos/bip-0039.mediawiki «Generating the mnemonic» y «From mnemonic to seed»; wordlist corpus/documentos/bip-0039-wordlist-english.txt, SHA-256 2f5eed53…24dbda). 24 palabras = política HU-06-01 RN-1, no exclusividad del estándar (§2.6).",
K-021,,celda-en-evaluacion,sut/.pipeline/revision-backend.md:99,direcciones — lo que rompería **AT-06-03-07** (coincidencia con una implementación BIP-44,,CORRECTO,1,"Path BIP-44 `m/purpose'/coin_type'/account'/change/address_index` con purpose 44' y change 0 = cadena externa (corpus/documentos/bip-0044.mediawiki, Path levels). coin type 60 (Ethereum) lo fija spec/00-fundaciones/activos-y-par-de-trading.md §1; BIP-44 remite el registro a SLIP-0044 (§2.6).",
K-022,,celda-en-evaluacion,sut/.pipeline/revision-backend.md:101,PBKDF2 el mnemonic NFKD sin colapsar.,,CORRECTO,1,"BIP-39: ENT 128–256, checksum SHA-256 ENT/32, wordlist inglés 2048, PBKDF2-HMAC-SHA512 2048 iter, seed 64 B, NFKD (corpus/documentos/bip-0039.mediawiki «Generating the mnemonic» y «From mnemonic to seed»; wordlist corpus/documentos/bip-0039-wordlist-english.txt, SHA-256 2f5eed53…24dbda). 24 palabras = política HU-06-01 RN-1, no exclusividad del estándar (§2.6).",
K-023,,celda-en-evaluacion,sut/.pipeline/revision-mobile.md:10,"(registro por API, login desde la UI, dirección con checksum EIP-55, QR EIP-681 de ETH y de",,CORRECTO,1,"Uso correcto de ERC-681: `ethereum:` [`pay-`] target [`@` chain_id decimal] [`/` function] [`?` params]; sin function_name = pago nativo; ERC-20 = `transfer` con parámetro `address` (corpus/documentos/erc-681.md, Specification Syntax/Semantics). chainId 11155111 lo fija spec/00-fundaciones/activos-y-par-de-trading.md §1 (§2.6).",
K-024,,celda-en-evaluacion,sut/.pipeline/revision-mobile.md:13,"422 `VALIDATION_ERROR` ante `asset` inválido/ausente, 401 sin token). El EIP-55 de",,CORRECTO,1,"Checksum EIP-55/ERC-55: Keccak-256 sobre el hex ASCII en minúsculas sin `0x`; nibble ≥ 8 (o > 7) ⇒ mayúscula. Vectores oficiales All caps / All Lower / Normal (corpus/documentos/erc-55.md, Specification, Implementation y Test Cases).",
K-025,,celda-en-evaluacion,sut/.pipeline/revision-mobile.md:14,`src/onchain/address.ts` pasa los vectores oficiales de ERC-55; los URIs EIP-681 coinciden,,CORRECTO,1,"Uso correcto de ERC-681: `ethereum:` [`pay-`] target [`@` chain_id decimal] [`/` function] [`?` params]; sin function_name = pago nativo; ERC-20 = `transfer` con parámetro `address` (corpus/documentos/erc-681.md, Specification Syntax/Semantics). chainId 11155111 lo fija spec/00-fundaciones/activos-y-par-de-trading.md §1 (§2.6).",
K-026,,celda-en-evaluacion,sut/.pipeline/revision-mobile.md:113,"string no vacío, cuando `HU-09-01` RN-10 define `0x` + 40 hex con checksum EIP-55. El",,CORRECTO,1,"Checksum EIP-55/ERC-55: Keccak-256 sobre el hex ASCII en minúsculas sin `0x`; nibble ≥ 8 (o > 7) ⇒ mayúscula. Vectores oficiales All caps / All Lower / Normal (corpus/documentos/erc-55.md, Specification, Implementation y Test Cases).",
K-027,,celda-en-evaluacion,sut/.pipeline/revision-mobile.md:114,síntoma queda contenido aguas abajo (QR nulo + advertencia de checksum en,,CORRECTO,1,"Checksum EIP-55/ERC-55: Keccak-256 sobre el hex ASCII en minúsculas sin `0x`; nibble ≥ 8 (o > 7) ⇒ mayúscula. Vectores oficiales All caps / All Lower / Normal (corpus/documentos/erc-55.md, Specification, Implementation y Test Cases).",
K-028,,celda-en-evaluacion,sut/.pipeline/revision-mobile.md:116,`network` y `chainId` se parsean (`:36-37`) y nunca se usan: la pantalla imprime el,,CORRECTO,1,Sepolia chainId 11155111 es constante de spec/00-fundaciones/activos-y-par-de-trading.md §1; no se afirma un chainId distinto ni una red equivocada como Sepolia (C4 no aplica). §2.6.,
K-029,,celda-en-evaluacion,sut/.pipeline/revision-mobile.md:117,"`CHAIN_ID` constante de `src/config.ts:21`, así que un backend apuntado a otra red se",,CORRECTO,1,Sepolia chainId 11155111 es constante de spec/00-fundaciones/activos-y-par-de-trading.md §1; no se afirma un chainId distinto ni una red equivocada como Sepolia (C4 no aplica). §2.6.,
K-030,,celda-en-evaluacion,sut/.pipeline/revision-mobile.md:118,mostraría igual como Sepolia (`HU-11-06` RN-2 exige indicar la red correcta).,,CORRECTO,1,Sepolia chainId 11155111 es constante de spec/00-fundaciones/activos-y-par-de-trading.md §1; no se afirma un chainId distinto ni una red equivocada como Sepolia (C4 no aplica). §2.6.,
K-031,,celda-en-evaluacion,sut/README.md:33,"| `06` Wallet HD y direcciones | `HU-06-01` generación/custodia del seed, `HU-06-02` derivación BIP-32/BIP-44, `HU-06-03` asignación de dirección de depósito, `HU-06-04` consulta de dirección de depósito |",,CORRECTO,1,"BIP-32: I = HMAC-SHA512(key=""Bitcoin seed"", data=S); CKDpriv hardened (`0x00‖ser256(k)‖ser32(i)`) / normal (`serP‖ser32(i)`); si parse256(I_L) ≥ n o k_i = 0, «proceed with the next value for i» (corpus/documentos/bip-0032.mediawiki, Master key generation y Private parent key → private child key).",
K-032,,celda-en-evaluacion,sut/README.md:67,"(BIP-32/39/44, Keccak-256, EIP-55) y las etapas siguientes son React y React Native: un único",,CORRECTO,1,"Checksum EIP-55/ERC-55: Keccak-256 sobre el hex ASCII en minúsculas sin `0x`; nibble ≥ 8 (o > 7) ⇒ mayúscula. Vectores oficiales All caps / All Lower / Normal (corpus/documentos/erc-55.md, Specification, Implementation y Test Cases).",
K-033,,celda-en-evaluacion,sut/README.md:83,"Keccak-256, secp256k1): auditadas, sin dependencias nativas. **Los estándares se implementan",,CORRECTO,1,"Keccak-256 / secp256k1 usados como en HU-06-02 RN-4 (dirección = últimos 20 B de Keccak-256(X‖Y)) y BIP-32 (corpus/documentos/bip-0032.mediawiki, curva secp256k1; corpus/documentos/erc-55.md usa Keccak-256). Sin fórmula atribuida de más al estándar. §2.6.",
K-034,,celda-en-evaluacion,sut/README.md:84,"en este repositorio** (`backend/src/wallet/crypto/`) siguiendo el texto normativo de BIP-39,",,CORRECTO,1,"BIP-39: ENT 128–256, checksum SHA-256 ENT/32, wordlist inglés 2048, PBKDF2-HMAC-SHA512 2048 iter, seed 64 B, NFKD (corpus/documentos/bip-0039.mediawiki «Generating the mnemonic» y «From mnemonic to seed»; wordlist corpus/documentos/bip-0039-wordlist-english.txt, SHA-256 2f5eed53…24dbda). 24 palabras = política HU-06-01 RN-1, no exclusividad del estándar (§2.6).",
K-035,,celda-en-evaluacion,sut/README.md:85,"BIP-32, BIP-44 y EIP-55, y se verifican con los known-answer tests de la spec; no se delega",,CORRECTO,1,"Checksum EIP-55/ERC-55: Keccak-256 sobre el hex ASCII en minúsculas sin `0x`; nibble ≥ 8 (o > 7) ⇒ mayúscula. Vectores oficiales All caps / All Lower / Normal (corpus/documentos/erc-55.md, Specification, Implementation y Test Cases).",
K-036,,celda-en-evaluacion,sut/README.md:119,export ETH_RPC_URL=http://host.docker.internal:8545,,CORRECTO,1,"§2: uso trivial o correcto del término de dominio (identificador, código de error, columna, import o mención) sin afirmación falsa identificable sobre un estándar. No aplica C1–C6.",
K-037,,celda-en-evaluacion,sut/README.md:140,"| `WALLET_MNEMONIC` | no | — | mnemonic BIP-39 de **24 palabras** a importar. Si se omite y no hay seed, se genera uno con 256 bits de entropía del CSPRNG. Un mnemonic inválido aborta el arranque sin persistir nada |",,CORRECTO,1,"BIP-39: ENT 128–256, checksum SHA-256 ENT/32, wordlist inglés 2048, PBKDF2-HMAC-SHA512 2048 iter, seed 64 B, NFKD (corpus/documentos/bip-0039.mediawiki «Generating the mnemonic» y «From mnemonic to seed»; wordlist corpus/documentos/bip-0039-wordlist-english.txt, SHA-256 2f5eed53…24dbda). 24 palabras = política HU-06-01 RN-1, no exclusividad del estándar (§2.6).",
K-038,,celda-en-evaluacion,sut/README.md:141,"| `WALLET_MNEMONIC_PASSPHRASE` | no | `""""` | passphrase BIP-39 |",,CORRECTO,1,"BIP-39: ENT 128–256, checksum SHA-256 ENT/32, wordlist inglés 2048, PBKDF2-HMAC-SHA512 2048 iter, seed 64 B, NFKD (corpus/documentos/bip-0039.mediawiki «Generating the mnemonic» y «From mnemonic to seed»; wordlist corpus/documentos/bip-0039-wordlist-english.txt, SHA-256 2f5eed53…24dbda). 24 palabras = política HU-06-01 RN-1, no exclusividad del estándar (§2.6).",
K-039,,celda-en-evaluacion,sut/README.md:142,| `ETH_RPC_URL` | no | — | endpoint **JSON-RPC** de la red (Sepolia). Es configuración: no hay ninguna URL fija en el código |,,CORRECTO,1,Sepolia chainId 11155111 es constante de spec/00-fundaciones/activos-y-par-de-trading.md §1; no se afirma un chainId distinto ni una red equivocada como Sepolia (C4 no aplica). §2.6.,
K-040,,celda-en-evaluacion,sut/README.md:143,| `USDC_CONTRACT_ADDRESS` | **sí** | — | dirección del ERC-20 USDC-mock del entorno; se devuelve como `tokenAddress` cuando `asset=USDC`. **No tiene default**: `activos-y-par-de-trading.md` §2.2 la define como parámet…,,CORRECTO,1,"USDC-mock como token ERC-20 del proyecto (spec/00-fundaciones/activos-y-par-de-trading.md §2.2); no se atribuye a ERC-20 una semántica falsa (p. ej. revert obligatorio de `transfer`) (corpus/documentos/erc-20.md, Specification).",
K-041,,celda-en-evaluacion,sut/README.md:147,### Sobre el nodo JSON-RPC,,CORRECTO,1,"JSON-RPC: `eth_chainId` existe y retorna quantity hex; `eth_getBalance(address, block)` existe (corpus/documentos/ethereum-json-rpc.md, §eth_chainId y §eth_getBalance; Conventions Hex value encoding). No hay método inventado.",
K-042,,celda-en-evaluacion,sut/README.md:149,"La red es única: **Sepolia, chainId `11155111`** (constante de la spec, no configurable). La URL",,CORRECTO,1,Sepolia chainId 11155111 es constante de spec/00-fundaciones/activos-y-par-de-trading.md §1; no se afirma un chainId distinto ni una red equivocada como Sepolia (C4 no aplica). §2.6.,
K-043,,celda-en-evaluacion,sut/README.md:150,del nodo sí es configuración (`ETH_RPC_URL`). Al arrancar (y cada 30 s) el servicio sondea,,CORRECTO,1,Sepolia chainId 11155111 es constante de spec/00-fundaciones/activos-y-par-de-trading.md §1; no se afirma un chainId distinto ni una red equivocada como Sepolia (C4 no aplica). §2.6.,
K-044,,celda-en-evaluacion,sut/README.md:151,`eth_chainId`; el resultado se publica en `GET /health` bajo `chain.rpc.status`:,,CORRECTO,1,Sepolia chainId 11155111 es constante de spec/00-fundaciones/activos-y-par-de-trading.md §1; no se afirma un chainId distinto ni una red equivocada como Sepolia (C4 no aplica). §2.6.,
K-045,,celda-en-evaluacion,sut/README.md:153,- `OK` — el nodo responde `11155111`.,,CORRECTO,1,Sepolia chainId 11155111 es constante de spec/00-fundaciones/activos-y-par-de-trading.md §1; no se afirma un chainId distinto ni una red equivocada como Sepolia (C4 no aplica). §2.6.,
K-046,,celda-en-evaluacion,sut/README.md:154,- `MISMATCH` — el nodo responde otra red: se registra `code=CHAIN_ID_MISMATCH` en `stderr` y el,,CORRECTO,1,Sepolia chainId 11155111 es constante de spec/00-fundaciones/activos-y-par-de-trading.md §1; no se afirma un chainId distinto ni una red equivocada como Sepolia (C4 no aplica). §2.6.,
K-047,,celda-en-evaluacion,sut/README.md:174,"#  ""chain"":{""network"":""sepolia"",""chainId"":""11155111"",""rpc"":{""status"":""OK"",""chainId"":""11155111"",...}}}",,CORRECTO,1,Sepolia chainId 11155111 es constante de spec/00-fundaciones/activos-y-par-de-trading.md §1; no se afirma un chainId distinto ni una red equivocada como Sepolia (C4 no aplica). §2.6.,
K-048,,celda-en-evaluacion,sut/README.md:196,"# 200 {""asset"":""USDC"",""address"":""0x…"",""network"":""sepolia"",""chainId"":""11155111"",",,CORRECTO,1,Sepolia chainId 11155111 es constante de spec/00-fundaciones/activos-y-par-de-trading.md §1; no se afirma un chainId distinto ni una red equivocada como Sepolia (C4 no aplica). §2.6.,
K-049,,celda-en-evaluacion,sut/README.md:197,"#      ""derivationPath"":""m/44'/60'/0'/0/0"",""tokenAddress"":""0x…""}",,CORRECTO,1,"Path BIP-44 `m/purpose'/coin_type'/account'/change/address_index` con purpose 44' y change 0 = cadena externa (corpus/documentos/bip-0044.mediawiki, Path levels). coin type 60 (Ethereum) lo fija spec/00-fundaciones/activos-y-par-de-trading.md §1; BIP-44 remite el registro a SLIP-0044 (§2.6).",
K-050,,celda-en-evaluacion,sut/README.md:225,infra/        base SQLite (esquema y helpers) y cliente JSON-RPC,,CORRECTO,1,"JSON-RPC: `eth_chainId` existe y retorna quantity hex; `eth_getBalance(address, block)` existe (corpus/documentos/ethereum-json-rpc.md, §eth_chainId y §eth_getBalance; Conventions Hex value encoding). No hay método inventado.",
K-051,,celda-en-evaluacion,sut/README.md:228,"crypto/     BIP-39, BIP-32, BIP-44, Keccak-256 + EIP-55 (funciones puras)",,CORRECTO,1,"Checksum EIP-55/ERC-55: Keccak-256 sobre el hex ASCII en minúsculas sin `0x`; nibble ≥ 8 (o > 7) ⇒ mayúscula. Vectores oficiales All caps / All Lower / Normal (corpus/documentos/erc-55.md, Specification, Implementation y Test Cases).",
K-052,,celda-en-evaluacion,sut/README.md:252,"mnemonic inválido, fallo de descifrado o smoke test de integridad fallido, el proceso **aborta",,CORRECTO,1,"BIP-39: ENT 128–256, checksum SHA-256 ENT/32, wordlist inglés 2048, PBKDF2-HMAC-SHA512 2048 iter, seed 64 B, NFKD (corpus/documentos/bip-0039.mediawiki «Generating the mnemonic» y «From mnemonic to seed»; wordlist corpus/documentos/bip-0039-wordlist-english.txt, SHA-256 2f5eed53…24dbda). 24 palabras = política HU-06-01 RN-1, no exclusividad del estándar (§2.6).",
K-053,,celda-en-evaluacion,sut/README.md:256,fallback idempotente. Los índices saltados por una clave BIP-32 inválida (~2⁻¹²⁷) se registran,,CORRECTO,1,"BIP-32: I = HMAC-SHA512(key=""Bitcoin seed"", data=S); CKDpriv hardened (`0x00‖ser256(k)‖ser32(i)`) / normal (`serP‖ser32(i)`); si parse256(I_L) ≥ n o k_i = 0, «proceed with the next value for i» (corpus/documentos/bip-0032.mediawiki, Master key generation y Private parent key → private child key).",
K-054,,celda-en-evaluacion,sut/README.md:300,"| `tests/wallet-crypto.test.ts` | HU-06-02 (known-answer tests BIP-39/BIP-32/BIP-44, vectores EIP-55, borde de clave inválida y rango del `address_index`) y los vectores de HU-06-01 |",,CORRECTO,1,"Checksum EIP-55/ERC-55: Keccak-256 sobre el hex ASCII en minúsculas sin `0x`; nibble ≥ 8 (o > 7) ⇒ mayúscula. Vectores oficiales All caps / All Lower / Normal (corpus/documentos/erc-55.md, Specification, Implementation y Test Cases).",
K-055,,celda-en-evaluacion,sut/README.md:372,| 1 | Un `chainId`/`network` **repetido** en la query (`?asset=ETH&chainId=1&chainId=1`) llegaba como array y salteaba la validación de red: respondía `200` | Se evalúa **cada** valor recibido ⇒ `422 CHAIN_ID_MISMATCH…,,CORRECTO,1,Sepolia chainId 11155111 es constante de spec/00-fundaciones/activos-y-par-de-trading.md §1; no se afirma un chainId distinto ni una red equivocada como Sepolia (C4 no aplica). §2.6.,
K-056,,celda-en-evaluacion,sut/README.md:373,| 2 | `tokenAddress` salía sin checksum si `USDC_CONTRACT_ADDRESS` venía en minúsculas | Se normaliza a EIP-55 al cargar la config; una entrada mixed-case con checksum inválido impide el arranque |,,CORRECTO,1,"Checksum EIP-55/ERC-55: Keccak-256 sobre el hex ASCII en minúsculas sin `0x`; nibble ≥ 8 (o > 7) ⇒ mayúscula. Vectores oficiales All caps / All Lower / Normal (corpus/documentos/erc-55.md, Specification, Implementation y Test Cases).",
K-057,,celda-en-evaluacion,sut/README.md:375,| 4 | Una clave BIP-32 inválida en un nivel **intermedio** del path degeneraba en 2³¹ reintentos idénticos dentro de la transacción de alta (un cuelgue) | `InvalidChildKeyError` lleva el `depth` del path: sólo se salt…,,CORRECTO,1,"BIP-32: I = HMAC-SHA512(key=""Bitcoin seed"", data=S); CKDpriv hardened (`0x00‖ser256(k)‖ser32(i)`) / normal (`serP‖ser32(i)`); si parse256(I_L) ≥ n o k_i = 0, «proceed with the next value for i» (corpus/documentos/bip-0032.mediawiki, Master key generation y Private parent key → private child key).",
K-058,,celda-en-evaluacion,sut/README.md:379,| 8 | `normalizeMnemonic` colapsaba los separadores antes de PBKDF2 | BIP-39 usa la frase NFKD tal cual como password: la forma colapsada se usa **sólo** para validar (RN-2) |,,CORRECTO,1,"BIP-39: ENT 128–256, checksum SHA-256 ENT/32, wordlist inglés 2048, PBKDF2-HMAC-SHA512 2048 iter, seed 64 B, NFKD (corpus/documentos/bip-0039.mediawiki «Generating the mnemonic» y «From mnemonic to seed»; wordlist corpus/documentos/bip-0039-wordlist-english.txt, SHA-256 2f5eed53…24dbda). 24 palabras = política HU-06-01 RN-1, no exclusividad del estándar (§2.6).",
K-059,,celda-en-evaluacion,sut/README.md:387,automáticamente. El punto 8 cambia la seed derivada **sólo** para un `WALLET_MNEMONIC`,,CORRECTO,1,"BIP-39: ENT 128–256, checksum SHA-256 ENT/32, wordlist inglés 2048, PBKDF2-HMAC-SHA512 2048 iter, seed 64 B, NFKD (corpus/documentos/bip-0039.mediawiki «Generating the mnemonic» y «From mnemonic to seed»; wordlist corpus/documentos/bip-0039-wordlist-english.txt, SHA-256 2f5eed53…24dbda). 24 palabras = política HU-06-01 RN-1, no exclusividad del estándar (§2.6).",
K-060,,celda-en-evaluacion,sut/README.md:388,importado con espaciado irregular; con un mnemonic normal (una sola separación por palabra) la,,CORRECTO,1,"BIP-39: ENT 128–256, checksum SHA-256 ENT/32, wordlist inglés 2048, PBKDF2-HMAC-SHA512 2048 iter, seed 64 B, NFKD (corpus/documentos/bip-0039.mediawiki «Generating the mnemonic» y «From mnemonic to seed»; wordlist corpus/documentos/bip-0039-wordlist-english.txt, SHA-256 2f5eed53…24dbda). 24 palabras = política HU-06-01 RN-1, no exclusividad del estándar (§2.6).",
K-061,,celda-en-evaluacion,sut/README.md:709,"| `HU-11-06` — Depósitos y retiros | **Sólo la pantalla de depósito**: dirección de depósito de la cuenta con su **QR** (URI EIP-681), copiar al portapapeles e indicación de red/activo (Escenarios 1 y 26, `AT-11-06-01…",,CORRECTO,1,"Uso correcto de ERC-681: `ethereum:` [`pay-`] target [`@` chain_id decimal] [`/` function] [`?` params]; sin function_name = pago nativo; ERC-20 = `transfer` con parámetro `address` (corpus/documentos/erc-681.md, Specification Syntax/Semantics). chainId 11155111 lo fija spec/00-fundaciones/activos-y-par-de-trading.md §1 (§2.6).",
K-062,,celda-en-evaluacion,sut/README.md:727,"| Depositar | `HU-11-06` (Esc. 1 y 26) | Selector ETH / USDC-mock, QR EIP-681, dirección con checksum EIP-55, botón de copiar, red Sepolia (`chainId 11155111`), y cierre de sesión |",,CORRECTO,1,"Uso correcto de ERC-681: `ethereum:` [`pay-`] target [`@` chain_id decimal] [`/` function] [`?` params]; sin function_name = pago nativo; ERC-20 = `transfer` con parámetro `address` (corpus/documentos/erc-681.md, Specification Syntax/Semantics). chainId 11155111 lo fija spec/00-fundaciones/activos-y-par-de-trading.md §1 (§2.6).",
K-063,,celda-en-evaluacion,sut/README.md:736,"| **`@noble/hashes` (Keccak-256)** | Necesario para el checksum **EIP-55** de la dirección mostrada. Es la misma biblioteca que usa el backend, sin dependencias nativas |",,CORRECTO,1,"Checksum EIP-55/ERC-55: Keccak-256 sobre el hex ASCII en minúsculas sin `0x`; nibble ≥ 8 (o > 7) ⇒ mayúscula. Vectores oficiales All caps / All Lower / Normal (corpus/documentos/erc-55.md, Specification, Implementation y Test Cases).",
K-064,,celda-en-evaluacion,sut/README.md:824,"│   ├── config.ts                # EXPO_PUBLIC_API_BASE_URL, red Sepolia",,CORRECTO,1,Sepolia chainId 11155111 es constante de spec/00-fundaciones/activos-y-par-de-trading.md §1; no se afirma un chainId distinto ni una red equivocada como Sepolia (C4 no aplica). §2.6.,
K-065,,celda-en-evaluacion,sut/README.md:834,│   │   ├── address.ts           # checksum EIP-55 (Keccak-256),,CORRECTO,1,"Checksum EIP-55/ERC-55: Keccak-256 sobre el hex ASCII en minúsculas sin `0x`; nibble ≥ 8 (o > 7) ⇒ mayúscula. Vectores oficiales All caps / All Lower / Normal (corpus/documentos/erc-55.md, Specification, Implementation y Test Cases).",
K-066,,celda-en-evaluacion,sut/README.md:835,│   │   └── eip681.ts            # URI del QR de depósito,,CORRECTO,1,"Uso correcto de ERC-681: `ethereum:` [`pay-`] target [`@` chain_id decimal] [`/` function] [`?` params]; sin function_name = pago nativo; ERC-20 = `transfer` con parámetro `address` (corpus/documentos/erc-681.md, Specification Syntax/Semantics). chainId 11155111 lo fija spec/00-fundaciones/activos-y-par-de-trading.md §1 (§2.6).",
K-067,,celda-en-evaluacion,sut/README.md:852,"| **El QR codifica un URI EIP-681, no la dirección pelada** | `HU-11-06` RN-2: así una wallet externa no puede equivocarse de red ni de activo. ETH nativo → `ethereum:<address>@11155111`; USDC-mock → `ethereum:<tokenA…",,CORRECTO,1,"Uso correcto de ERC-681: `ethereum:` [`pay-`] target [`@` chain_id decimal] [`/` function] [`?` params]; sin function_name = pago nativo; ERC-20 = `transfer` con parámetro `address` (corpus/documentos/erc-681.md, Specification Syntax/Semantics). chainId 11155111 lo fija spec/00-fundaciones/activos-y-par-de-trading.md §1 (§2.6).",
K-068,,celda-en-evaluacion,sut/README.md:854,"| **El checksum EIP-55 se valida en el cliente** | La dirección la deriva el backend (épica 06) y llega ya con checksum; el cliente lo **verifica** y avisa en pantalla si no cierra, en vez de mostrar como buena una di…",,CORRECTO,1,"Checksum EIP-55/ERC-55: Keccak-256 sobre el hex ASCII en minúsculas sin `0x`; nibble ≥ 8 (o > 7) ⇒ mayúscula. Vectores oficiales All caps / All Lower / Normal (corpus/documentos/erc-55.md, Specification, Implementation y Test Cases).",
K-069,,celda-en-evaluacion,sut/README.md:868,"`value`, así que el URI EIP-681 que se codificaría se verifica igual.",,CORRECTO,1,"Uso correcto de ERC-681: `ethereum:` [`pay-`] target [`@` chain_id decimal] [`/` function] [`?` params]; sin function_name = pago nativo; ERC-20 = `transfer` con parámetro `address` (corpus/documentos/erc-681.md, Specification Syntax/Semantics). chainId 11155111 lo fija spec/00-fundaciones/activos-y-par-de-trading.md §1 (§2.6).",
K-070,,celda-en-evaluacion,sut/README.md:893,"| `AT-11-06-01` | Dirección `0x`+40 hex con checksum EIP-55 traída de la API, su QR (`ethereum:<address>@11155111`), la acción de copiar (copia el **address**) y la leyenda de red Sepolia (`chainId 11155111`) + activo…",,CORRECTO,1,"Uso correcto de ERC-681: `ethereum:` [`pay-`] target [`@` chain_id decimal] [`/` function] [`?` params]; sin function_name = pago nativo; ERC-20 = `transfer` con parámetro `address` (corpus/documentos/erc-681.md, Specification Syntax/Semantics). chainId 11155111 lo fija spec/00-fundaciones/activos-y-par-de-trading.md §1 (§2.6).",
K-071,,celda-en-evaluacion,sut/README.md:894,"| `AT-11-06-26` | QR de USDC-mock exactamente `ethereum:<tokenAddress>@11155111/transfer?address=<depositAddress>`, con el address en texto **además** como respaldo; el `tokenAddress` sale de la respuesta de la API y …",,CORRECTO,1,"Uso correcto de ERC-681: `ethereum:` [`pay-`] target [`@` chain_id decimal] [`/` function] [`?` params]; sin function_name = pago nativo; ERC-20 = `transfer` con parámetro `address` (corpus/documentos/erc-681.md, Specification Syntax/Semantics). chainId 11155111 lo fija spec/00-fundaciones/activos-y-par-de-trading.md §1 (§2.6).",
K-072,,celda-en-evaluacion,sut/README.md:895,"| `AT-11-06-17` (b, c) | Ningún componente de depósito renderiza mnemonics/seeds/claves (ni siquiera si el backend las devolviera) y ningún request saliente las lleva | `tests/deposit/deposit-security.test.tsx` |",,CORRECTO,1,"BIP-39: ENT 128–256, checksum SHA-256 ENT/32, wordlist inglés 2048, PBKDF2-HMAC-SHA512 2048 iter, seed 64 B, NFKD (corpus/documentos/bip-0039.mediawiki «Generating the mnemonic» y «From mnemonic to seed»; wordlist corpus/documentos/bip-0039-wordlist-english.txt, SHA-256 2f5eed53…24dbda). 24 palabras = política HU-06-01 RN-1, no exclusividad del estándar (§2.6).",
K-073,,celda-en-evaluacion,sut/README.md:898,Además: `EIP-55` con los **vectores oficiales del ERC-55** y `EIP-681` con los dos formatos de,,CORRECTO,1,"Uso correcto de ERC-681: `ethereum:` [`pay-`] target [`@` chain_id decimal] [`/` function] [`?` params]; sin function_name = pago nativo; ERC-20 = `transfer` con parámetro `address` (corpus/documentos/erc-681.md, Specification Syntax/Semantics). chainId 11155111 lo fija spec/00-fundaciones/activos-y-par-de-trading.md §1 (§2.6).",
K-074,,celda-en-evaluacion,sut/README.md:921,"devolvió el backend tiene checksum EIP-55 válido, que el QR codifica el URI EIP-681 de ETH y —al",,CORRECTO,1,"Uso correcto de ERC-681: `ethereum:` [`pay-`] target [`@` chain_id decimal] [`/` function] [`?` params]; sin function_name = pago nativo; ERC-20 = `transfer` con parámetro `address` (corpus/documentos/erc-681.md, Specification Syntax/Semantics). chainId 11155111 lo fija spec/00-fundaciones/activos-y-par-de-trading.md §1 (§2.6).",
K-075,,celda-en-evaluacion,sut/README.md:962,componente de depósito renderiza mnemonics/claves y que ningún request saliente lleva esos,,CORRECTO,1,"BIP-39: ENT 128–256, checksum SHA-256 ENT/32, wordlist inglés 2048, PBKDF2-HMAC-SHA512 2048 iter, seed 64 B, NFKD (corpus/documentos/bip-0039.mediawiki «Generating the mnemonic» y «From mnemonic to seed»; wordlist corpus/documentos/bip-0039-wordlist-english.txt, SHA-256 2f5eed53…24dbda). 24 palabras = política HU-06-01 RN-1, no exclusividad del estándar (§2.6).",
K-076,,celda-en-evaluacion,sut/backend/.env.example:33,"# Mnemonic BIP-39 de 24 palabras a importar (opcional). Si se omite, se genera uno nuevo",,CORRECTO,1,"BIP-39: ENT 128–256, checksum SHA-256 ENT/32, wordlist inglés 2048, PBKDF2-HMAC-SHA512 2048 iter, seed 64 B, NFKD (corpus/documentos/bip-0039.mediawiki «Generating the mnemonic» y «From mnemonic to seed»; wordlist corpus/documentos/bip-0039-wordlist-english.txt, SHA-256 2f5eed53…24dbda). 24 palabras = política HU-06-01 RN-1, no exclusividad del estándar (§2.6).",
K-077,,celda-en-evaluacion,sut/backend/.env.example:35,# WALLET_MNEMONIC=,,CORRECTO,1,"BIP-39: ENT 128–256, checksum SHA-256 ENT/32, wordlist inglés 2048, PBKDF2-HMAC-SHA512 2048 iter, seed 64 B, NFKD (corpus/documentos/bip-0039.mediawiki «Generating the mnemonic» y «From mnemonic to seed»; wordlist corpus/documentos/bip-0039-wordlist-english.txt, SHA-256 2f5eed53…24dbda). 24 palabras = política HU-06-01 RN-1, no exclusividad del estándar (§2.6).",
K-078,,celda-en-evaluacion,sut/backend/.env.example:36,# WALLET_MNEMONIC_PASSPHRASE=,,CORRECTO,1,"BIP-39: ENT 128–256, checksum SHA-256 ENT/32, wordlist inglés 2048, PBKDF2-HMAC-SHA512 2048 iter, seed 64 B, NFKD (corpus/documentos/bip-0039.mediawiki «Generating the mnemonic» y «From mnemonic to seed»; wordlist corpus/documentos/bip-0039-wordlist-english.txt, SHA-256 2f5eed53…24dbda). 24 palabras = política HU-06-01 RN-1, no exclusividad del estándar (§2.6).",
K-079,,celda-en-evaluacion,sut/backend/.env.example:38,"# ---- Red on-chain (Sepolia, chainId 11155111) ----",,CORRECTO,1,Sepolia chainId 11155111 es constante de spec/00-fundaciones/activos-y-par-de-trading.md §1; no se afirma un chainId distinto ni una red equivocada como Sepolia (C4 no aplica). §2.6.,
K-080,,celda-en-evaluacion,sut/backend/.env.example:39,ETH_RPC_URL=http://host.docker.internal:8545,,CORRECTO,1,"BIP-39: ENT 128–256, checksum SHA-256 ENT/32, wordlist inglés 2048, PBKDF2-HMAC-SHA512 2048 iter, seed 64 B, NFKD (corpus/documentos/bip-0039.mediawiki «Generating the mnemonic» y «From mnemonic to seed»; wordlist corpus/documentos/bip-0039-wordlist-english.txt, SHA-256 2f5eed53…24dbda). 24 palabras = política HU-06-01 RN-1, no exclusividad del estándar (§2.6).",
K-081,,celda-en-evaluacion,sut/backend/.env.example:40,# OBLIGATORIA. Dirección del contrato ERC-20 USDC-mock del entorno (6 decimales). Es un,,CORRECTO,1,"USDC-mock como token ERC-20 del proyecto (spec/00-fundaciones/activos-y-par-de-trading.md §2.2); no se atribuye a ERC-20 una semántica falsa (p. ej. revert obligatorio de `transfer`) (corpus/documentos/erc-20.md, Specification).",
K-082,,celda-en-evaluacion,sut/backend/.env.example:43,"# `GET /api/v1/deposit-address?asset=USDC`, normalizada a checksum EIP-55.",,CORRECTO,1,"Checksum EIP-55/ERC-55: Keccak-256 sobre el hex ASCII en minúsculas sin `0x`; nibble ≥ 8 (o > 7) ⇒ mayúscula. Vectores oficiales All caps / All Lower / Normal (corpus/documentos/erc-55.md, Specification, Implementation y Test Cases).",
K-083,,celda-en-evaluacion,sut/backend/src/config/index.ts:4,"* Todo lo que depende del entorno (puerto, base de datos, endpoint JSON-RPC, credencial de",,CORRECTO,1,"JSON-RPC: `eth_chainId` existe y retorna quantity hex; `eth_getBalance(address, block)` existe (corpus/documentos/ethereum-json-rpc.md, §eth_chainId y §eth_getBalance; Conventions Hex value encoding). No hay método inventado.",
K-084,,celda-en-evaluacion,sut/backend/src/config/index.ts:6,"* entorno. Los valores que la spec fija como constantes del proyecto (chainId, red,",,CORRECTO,1,Sepolia chainId 11155111 es constante de spec/00-fundaciones/activos-y-par-de-trading.md §1; no se afirma un chainId distinto ni una red equivocada como Sepolia (C4 no aplica). §2.6.,
K-085,,celda-en-evaluacion,sut/backend/src/config/index.ts:14,import { toChecksumAddress } from '../wallet/crypto/address.js';,,CORRECTO,1,"Checksum EIP-55/ERC-55: Keccak-256 sobre el hex ASCII en minúsculas sin `0x`; nibble ≥ 8 (o > 7) ⇒ mayúscula. Vectores oficiales All caps / All Lower / Normal (corpus/documentos/erc-55.md, Specification, Implementation y Test Cases).",
K-086,,celda-en-evaluacion,sut/backend/src/config/index.ts:17,export const CHAIN_ID = '11155111' as const;,,CORRECTO,1,Sepolia chainId 11155111 es constante de spec/00-fundaciones/activos-y-par-de-trading.md §1; no se afirma un chainId distinto ni una red equivocada como Sepolia (C4 no aplica). §2.6.,
K-087,,celda-en-evaluacion,sut/backend/src/config/index.ts:18,export const NETWORK_NAME = 'sepolia' as const;,,CORRECTO,1,Sepolia chainId 11155111 es constante de spec/00-fundaciones/activos-y-par-de-trading.md §1; no se afirma un chainId distinto ni una red equivocada como Sepolia (C4 no aplica). §2.6.,
K-088,,celda-en-evaluacion,sut/backend/src/config/index.ts:19,export const COIN_TYPE = 60 as const;,,CORRECTO,1,"Path BIP-44 `m/purpose'/coin_type'/account'/change/address_index` con purpose 44' y change 0 = cadena externa (corpus/documentos/bip-0044.mediawiki, Path levels). coin type 60 (Ethereum) lo fija spec/00-fundaciones/activos-y-par-de-trading.md §1; BIP-44 remite el registro a SLIP-0044 (§2.6).",
K-089,,celda-en-evaluacion,sut/backend/src/config/index.ts:56,"/** Mnemonic importado por configuración (opcional). Si falta, se genera uno nuevo. */",,CORRECTO,1,"BIP-39: ENT 128–256, checksum SHA-256 ENT/32, wordlist inglés 2048, PBKDF2-HMAC-SHA512 2048 iter, seed 64 B, NFKD (corpus/documentos/bip-0039.mediawiki «Generating the mnemonic» y «From mnemonic to seed»; wordlist corpus/documentos/bip-0039-wordlist-english.txt, SHA-256 2f5eed53…24dbda). 24 palabras = política HU-06-01 RN-1, no exclusividad del estándar (§2.6).",
K-090,,celda-en-evaluacion,sut/backend/src/config/index.ts:57,mnemonic: string | undefined;,,CORRECTO,1,"BIP-39: ENT 128–256, checksum SHA-256 ENT/32, wordlist inglés 2048, PBKDF2-HMAC-SHA512 2048 iter, seed 64 B, NFKD (corpus/documentos/bip-0039.mediawiki «Generating the mnemonic» y «From mnemonic to seed»; wordlist corpus/documentos/bip-0039-wordlist-english.txt, SHA-256 2f5eed53…24dbda). 24 palabras = política HU-06-01 RN-1, no exclusividad del estándar (§2.6).",
K-091,,celda-en-evaluacion,sut/backend/src/config/index.ts:62,chainId: string;,,CORRECTO,1,Sepolia chainId 11155111 es constante de spec/00-fundaciones/activos-y-par-de-trading.md §1; no se afirma un chainId distinto ni una red equivocada como Sepolia (C4 no aplica). §2.6.,
K-092,,celda-en-evaluacion,sut/backend/src/config/index.ts:150,"* Dirección Ethereum **obligatoria** de configuración, normalizada a checksum EIP-55.",,CORRECTO,1,"Checksum EIP-55/ERC-55: Keccak-256 sobre el hex ASCII en minúsculas sin `0x`; nibble ≥ 8 (o > 7) ⇒ mayúscula. Vectores oficiales All caps / All Lower / Normal (corpus/documentos/erc-55.md, Specification, Implementation y Test Cases).",
K-093,,celda-en-evaluacion,sut/backend/src/config/index.ts:158,"* HU-09-01 RN-10 y HU-06-04 RN-6 exigen que `tokenAddress` viaje con checksum EIP-55, así",,CORRECTO,1,"Checksum EIP-55/ERC-55: Keccak-256 sobre el hex ASCII en minúsculas sin `0x`; nibble ≥ 8 (o > 7) ⇒ mayúscula. Vectores oficiales All caps / All Lower / Normal (corpus/documentos/erc-55.md, Specification, Implementation y Test Cases).",
K-094,,celda-en-evaluacion,sut/backend/src/config/index.ts:160,"* **es** un checksum: si no verifica, se rechaza (probablemente hay un dígito equivocado).",,CORRECTO,1,"Checksum EIP-55/ERC-55: Keccak-256 sobre el hex ASCII en minúsculas sin `0x`; nibble ≥ 8 (o > 7) ⇒ mayúscula. Vectores oficiales All caps / All Lower / Normal (corpus/documentos/erc-55.md, Specification, Implementation y Test Cases).",
K-095,,celda-en-evaluacion,sut/backend/src/config/index.ts:175,const carriesChecksum = body !== body.toLowerCase() && body !== body.toUpperCase();,,CORRECTO,1,"Checksum EIP-55/ERC-55: Keccak-256 sobre el hex ASCII en minúsculas sin `0x`; nibble ≥ 8 (o > 7) ⇒ mayúscula. Vectores oficiales All caps / All Lower / Normal (corpus/documentos/erc-55.md, Specification, Implementation y Test Cases).",
K-096,,celda-en-evaluacion,sut/backend/src/config/index.ts:176,const checksummed = toChecksumAddress(value);,,CORRECTO,1,"Checksum EIP-55/ERC-55: Keccak-256 sobre el hex ASCII en minúsculas sin `0x`; nibble ≥ 8 (o > 7) ⇒ mayúscula. Vectores oficiales All caps / All Lower / Normal (corpus/documentos/erc-55.md, Specification, Implementation y Test Cases).",
K-097,,celda-en-evaluacion,sut/backend/src/config/index.ts:177,if (carriesChecksum && value !== checksummed) {,,CORRECTO,1,"Checksum EIP-55/ERC-55: Keccak-256 sobre el hex ASCII en minúsculas sin `0x`; nibble ≥ 8 (o > 7) ⇒ mayúscula. Vectores oficiales All caps / All Lower / Normal (corpus/documentos/erc-55.md, Specification, Implementation y Test Cases).",
K-098,,celda-en-evaluacion,sut/backend/src/config/index.ts:179,`${name} está en mixed-case pero su checksum EIP-55 no verifica: se esperaba ` +,,CORRECTO,1,"Checksum EIP-55/ERC-55: Keccak-256 sobre el hex ASCII en minúsculas sin `0x`; nibble ≥ 8 (o > 7) ⇒ mayúscula. Vectores oficiales All caps / All Lower / Normal (corpus/documentos/erc-55.md, Specification, Implementation y Test Cases).",
K-099,,celda-en-evaluacion,sut/backend/src/config/index.ts:180,"`""${checksummed}"" y se recibió ""${value}"".`,",,CORRECTO,1,"Checksum EIP-55/ERC-55: Keccak-256 sobre el hex ASCII en minúsculas sin `0x`; nibble ≥ 8 (o > 7) ⇒ mayúscula. Vectores oficiales All caps / All Lower / Normal (corpus/documentos/erc-55.md, Specification, Implementation y Test Cases).",
K-100,,celda-en-evaluacion,sut/backend/src/config/index.ts:183,return checksummed;,,CORRECTO,1,"Checksum EIP-55/ERC-55: Keccak-256 sobre el hex ASCII en minúsculas sin `0x`; nibble ≥ 8 (o > 7) ⇒ mayúscula. Vectores oficiales All caps / All Lower / Normal (corpus/documentos/erc-55.md, Specification, Implementation y Test Cases).",
K-101,,celda-en-evaluacion,sut/backend/src/config/index.ts:239,const rpcUrl = env.ETH_RPC_URL?.trim() ? env.ETH_RPC_URL.trim() : undefined;,,CORRECTO,1,"§2: uso trivial o correcto del término de dominio (identificador, código de error, columna, import o mención) sin afirmación falsa identificable sobre un estándar. No aplica C1–C6.",
K-102,,celda-en-evaluacion,sut/backend/src/config/index.ts:241,"throw new ConfigError(`ETH_RPC_URL debe ser una URL http(s)/ws(s); se recibió ""${rpcUrl}"".`);",,CORRECTO,1,"§2: uso trivial o correcto del término de dominio (identificador, código de error, columna, import o mención) sin afirmación falsa identificable sobre un estándar. No aplica C1–C6.",
K-103,,celda-en-evaluacion,sut/backend/src/config/index.ts:252,"mnemonic: env.WALLET_MNEMONIC?.trim() ? env.WALLET_MNEMONIC.trim() : undefined,",,CORRECTO,1,"BIP-39: ENT 128–256, checksum SHA-256 ENT/32, wordlist inglés 2048, PBKDF2-HMAC-SHA512 2048 iter, seed 64 B, NFKD (corpus/documentos/bip-0039.mediawiki «Generating the mnemonic» y «From mnemonic to seed»; wordlist corpus/documentos/bip-0039-wordlist-english.txt, SHA-256 2f5eed53…24dbda). 24 palabras = política HU-06-01 RN-1, no exclusividad del estándar (§2.6).",
K-104,,celda-en-evaluacion,sut/backend/src/config/index.ts:253,"passphrase: env.WALLET_MNEMONIC_PASSPHRASE ?? '',",,CORRECTO,1,"BIP-39: ENT 128–256, checksum SHA-256 ENT/32, wordlist inglés 2048, PBKDF2-HMAC-SHA512 2048 iter, seed 64 B, NFKD (corpus/documentos/bip-0039.mediawiki «Generating the mnemonic» y «From mnemonic to seed»; wordlist corpus/documentos/bip-0039-wordlist-english.txt, SHA-256 2f5eed53…24dbda). 24 palabras = política HU-06-01 RN-1, no exclusividad del estándar (§2.6).",
K-105,,celda-en-evaluacion,sut/backend/src/config/index.ts:257,"chainId: CHAIN_ID,",,CORRECTO,1,Sepolia chainId 11155111 es constante de spec/00-fundaciones/activos-y-par-de-trading.md §1; no se afirma un chainId distinto ni una red equivocada como Sepolia (C4 no aplica). §2.6.,
K-106,,celda-en-evaluacion,sut/backend/src/config/index.ts:271,export function chainIdMismatch(got: string): AppError {,,CORRECTO,1,Sepolia chainId 11155111 es constante de spec/00-fundaciones/activos-y-par-de-trading.md §1; no se afirma un chainId distinto ni una red equivocada como Sepolia (C4 no aplica). §2.6.,
K-107,,celda-en-evaluacion,sut/backend/src/config/index.ts:273,"'CHAIN_ID_MISMATCH',",,CORRECTO,1,Sepolia chainId 11155111 es constante de spec/00-fundaciones/activos-y-par-de-trading.md §1; no se afirma un chainId distinto ni una red equivocada como Sepolia (C4 no aplica). §2.6.,
K-108,,celda-en-evaluacion,sut/backend/src/config/index.ts:274,"`La red solicitada no es Sepolia (chainId ${CHAIN_ID}).`,",,CORRECTO,1,Sepolia chainId 11155111 es constante de spec/00-fundaciones/activos-y-par-de-trading.md §1; no se afirma un chainId distinto ni una red equivocada como Sepolia (C4 no aplica). §2.6.,
K-109,,celda-en-evaluacion,sut/backend/src/config/index.ts:275,"{ expected: CHAIN_ID, got },",,CORRECTO,1,Sepolia chainId 11155111 es constante de spec/00-fundaciones/activos-y-par-de-trading.md §1; no se afirma un chainId distinto ni una red equivocada como Sepolia (C4 no aplica). §2.6.,
K-110,,celda-en-evaluacion,sut/backend/src/http/app.ts:25,"CHAIN_ID,",,CORRECTO,1,Sepolia chainId 11155111 es constante de spec/00-fundaciones/activos-y-par-de-trading.md §1; no se afirma un chainId distinto ni una red equivocada como Sepolia (C4 no aplica). §2.6.,
K-111,,celda-en-evaluacion,sut/backend/src/http/app.ts:30,"chainIdMismatch,",,CORRECTO,1,Sepolia chainId 11155111 es constante de spec/00-fundaciones/activos-y-par-de-trading.md §1; no se afirma un chainId distinto ni una red equivocada como Sepolia (C4 no aplica). §2.6.,
K-112,,celda-en-evaluacion,sut/backend/src/http/app.ts:56,/** Estado del nodo JSON-RPC configurado (se refresca en segundo plano). */,,CORRECTO,1,"JSON-RPC: `eth_chainId` existe y retorna quantity hex; `eth_getBalance(address, block)` existe (corpus/documentos/ethereum-json-rpc.md, §eth_chainId y §eth_getBalance; Conventions Hex value encoding). No hay método inventado.",
K-113,,celda-en-evaluacion,sut/backend/src/http/app.ts:84,* (`?chainId=1&chainId=1`): una guarda `typeof raw === 'string'` no aplicaría y la,,CORRECTO,1,Sepolia chainId 11155111 es constante de spec/00-fundaciones/activos-y-par-de-trading.md §1; no se afirma un chainId distinto ni una red equivocada como Sepolia (C4 no aplica). §2.6.,
K-114,,celda-en-evaluacion,sut/backend/src/http/app.ts:555,// El endpoint canónico sólo recibe `asset` (la red es implícitamente Sepolia). Si la,,CORRECTO,1,Sepolia chainId 11155111 es constante de spec/00-fundaciones/activos-y-par-de-trading.md §1; no se afirma un chainId distinto ni una red equivocada como Sepolia (C4 no aplica). §2.6.,
K-115,,celda-en-evaluacion,sut/backend/src/http/app.ts:556,"// consulta especifica otra red o chainId, se rechaza con CHAIN_ID_MISMATCH (RN-4).",,CORRECTO,1,Sepolia chainId 11155111 es constante de spec/00-fundaciones/activos-y-par-de-trading.md §1; no se afirma un chainId distinto ni una red equivocada como Sepolia (C4 no aplica). §2.6.,
K-116,,celda-en-evaluacion,sut/backend/src/http/app.ts:558,// que uno apunte a otra red para que la consulta esté dirigida fuera de Sepolia.,,CORRECTO,1,Sepolia chainId 11155111 es constante de spec/00-fundaciones/activos-y-par-de-trading.md §1; no se afirma un chainId distinto ni una red equivocada como Sepolia (C4 no aplica). §2.6.,
K-117,,celda-en-evaluacion,sut/backend/src/http/app.ts:559,for (const raw of queryValues(query.chainId)) {,,CORRECTO,1,Sepolia chainId 11155111 es constante de spec/00-fundaciones/activos-y-par-de-trading.md §1; no se afirma un chainId distinto ni una red equivocada como Sepolia (C4 no aplica). §2.6.,
K-118,,celda-en-evaluacion,sut/backend/src/http/app.ts:561,if (value !== '' && value !== CHAIN_ID) throw chainIdMismatch(value);,,CORRECTO,1,Sepolia chainId 11155111 es constante de spec/00-fundaciones/activos-y-par-de-trading.md §1; no se afirma un chainId distinto ni una red equivocada como Sepolia (C4 no aplica). §2.6.,
K-119,,celda-en-evaluacion,sut/backend/src/http/app.ts:565,if (value !== '' && value.toLowerCase() !== NETWORK_NAME) throw chainIdMismatch(value);,,CORRECTO,1,Sepolia chainId 11155111 es constante de spec/00-fundaciones/activos-y-par-de-trading.md §1; no se afirma un chainId distinto ni una red equivocada como Sepolia (C4 no aplica). §2.6.,
K-120,,celda-en-evaluacion,sut/backend/src/http/app.ts:576,"chainId: record.chainId,",,CORRECTO,1,Sepolia chainId 11155111 es constante de spec/00-fundaciones/activos-y-par-de-trading.md §1; no se afirma un chainId distinto ni una red equivocada como Sepolia (C4 no aplica). §2.6.,
K-121,,celda-en-evaluacion,sut/backend/src/http/app.ts:577,"derivationPath: record.derivationPath,",,CORRECTO,1,"Keccak-256 / secp256k1 usados como en HU-06-02 RN-4 (dirección = últimos 20 B de Keccak-256(X‖Y)) y BIP-32 (corpus/documentos/bip-0032.mediawiki, curva secp256k1; corpus/documentos/erc-55.md usa Keccak-256). Sin fórmula atribuida de más al estándar. §2.6.",
K-122,,celda-en-evaluacion,sut/backend/src/http/app.ts:591,"chainId: CHAIN_ID,",,CORRECTO,1,Sepolia chainId 11155111 es constante de spec/00-fundaciones/activos-y-par-de-trading.md §1; no se afirma un chainId distinto ni una red equivocada como Sepolia (C4 no aplica). §2.6.,
K-123,,celda-en-evaluacion,sut/backend/src/infra/db.ts:43,"derivation_path TEXT NOT NULL,",,CORRECTO,1,"Keccak-256 / secp256k1 usados como en HU-06-02 RN-4 (dirección = últimos 20 B de Keccak-256(X‖Y)) y BIP-32 (corpus/documentos/bip-0032.mediawiki, curva secp256k1; corpus/documentos/erc-55.md usa Keccak-256). Sin fórmula atribuida de más al estándar. §2.6.",
K-124,,celda-en-evaluacion,sut/backend/src/infra/db.ts:45,"chain_id        TEXT NOT NULL,",,CORRECTO,1,Sepolia chainId 11155111 es constante de spec/00-fundaciones/activos-y-par-de-trading.md §1; no se afirma un chainId distinto ni una red equivocada como Sepolia (C4 no aplica). §2.6.,
K-125,,celda-en-evaluacion,sut/backend/src/infra/db.ts:51,-- Índices BIP-32 saltados por producir una clave inválida (HU-06-02 RN-8 / HU-06-03 RN-1).,,CORRECTO,1,"BIP-32: I = HMAC-SHA512(key=""Bitcoin seed"", data=S); CKDpriv hardened (`0x00‖ser256(k)‖ser32(i)`) / normal (`serP‖ser32(i)`); si parse256(I_L) ≥ n o k_i = 0, «proceed with the next value for i» (corpus/documentos/bip-0032.mediawiki, Master key generation y Private parent key → private child key).",
K-126,,celda-en-evaluacion,sut/backend/src/infra/rpc.ts:2,* Cliente JSON-RPC de Ethereum.,,CORRECTO,1,"JSON-RPC: `eth_chainId` existe y retorna quantity hex; `eth_getBalance(address, block)` existe (corpus/documentos/ethereum-json-rpc.md, §eth_chainId y §eth_getBalance; Conventions Hex value encoding). No hay método inventado.",
K-127,,celda-en-evaluacion,sut/backend/src/infra/rpc.ts:4,* El endpoint es **configuración del entorno** (`ETH_RPC_URL`): no se fija en el código ni se,,CORRECTO,1,Sepolia chainId 11155111 es constante de spec/00-fundaciones/activos-y-par-de-trading.md §1; no se afirma un chainId distinto ni una red equivocada como Sepolia (C4 no aplica). §2.6.,
K-128,,celda-en-evaluacion,sut/backend/src/infra/rpc.ts:5,"* asume ningún servicio de terceros. La red única del proyecto es Sepolia, chainId 11155111",,CORRECTO,1,Sepolia chainId 11155111 es constante de spec/00-fundaciones/activos-y-par-de-trading.md §1; no se afirma un chainId distinto ni una red equivocada como Sepolia (C4 no aplica). §2.6.,
K-129,,celda-en-evaluacion,sut/backend/src/infra/rpc.ts:7,"* chainId, el servicio lo señala como estado degradado (`MISMATCH`) en el health-check y lo",,CORRECTO,1,Sepolia chainId 11155111 es constante de spec/00-fundaciones/activos-y-par-de-trading.md §1; no se afirma un chainId distinto ni una red equivocada como Sepolia (C4 no aplica). §2.6.,
K-130,,celda-en-evaluacion,sut/backend/src/infra/rpc.ts:10,import { CHAIN_ID } from '../config/index.js';,,CORRECTO,1,Sepolia chainId 11155111 es constante de spec/00-fundaciones/activos-y-par-de-trading.md §1; no se afirma un chainId distinto ni una red equivocada como Sepolia (C4 no aplica). §2.6.,
K-131,,celda-en-evaluacion,sut/backend/src/infra/rpc.ts:12,export type JsonRpcError = { code: number; message: string };,,CORRECTO,1,"JSON-RPC: `eth_chainId` existe y retorna quantity hex; `eth_getBalance(address, block)` existe (corpus/documentos/ethereum-json-rpc.md, §eth_chainId y §eth_getBalance; Conventions Hex value encoding). No hay método inventado.",
K-132,,celda-en-evaluacion,sut/backend/src/infra/rpc.ts:14,export class JsonRpcClient {,,CORRECTO,1,"JSON-RPC: `eth_chainId` existe y retorna quantity hex; `eth_getBalance(address, block)` existe (corpus/documentos/ethereum-json-rpc.md, §eth_chainId y §eth_getBalance; Conventions Hex value encoding). No hay método inventado.",
K-133,,celda-en-evaluacion,sut/backend/src/infra/rpc.ts:29,"body: JSON.stringify({ jsonrpc: '2.0', id: this.nextId++, method, params }),",,CORRECTO,1,"JSON-RPC: `eth_chainId` existe y retorna quantity hex; `eth_getBalance(address, block)` existe (corpus/documentos/ethereum-json-rpc.md, §eth_chainId y §eth_getBalance; Conventions Hex value encoding). No hay método inventado.",
K-134,,celda-en-evaluacion,sut/backend/src/infra/rpc.ts:33,throw new Error(`El nodo JSON-RPC respondió HTTP ${response.status}.`);,,CORRECTO,1,"JSON-RPC: `eth_chainId` existe y retorna quantity hex; `eth_getBalance(address, block)` existe (corpus/documentos/ethereum-json-rpc.md, §eth_chainId y §eth_getBalance; Conventions Hex value encoding). No hay método inventado.",
K-135,,celda-en-evaluacion,sut/backend/src/infra/rpc.ts:35,const body = (await response.json()) as { result?: T; error?: JsonRpcError };,,CORRECTO,1,"JSON-RPC: `eth_chainId` existe y retorna quantity hex; `eth_getBalance(address, block)` existe (corpus/documentos/ethereum-json-rpc.md, §eth_chainId y §eth_getBalance; Conventions Hex value encoding). No hay método inventado.",
K-136,,celda-en-evaluacion,sut/backend/src/infra/rpc.ts:37,throw new Error(`Error JSON-RPC ${body.error.code}: ${body.error.message}`);,,CORRECTO,1,"JSON-RPC: `eth_chainId` existe y retorna quantity hex; `eth_getBalance(address, block)` existe (corpus/documentos/ethereum-json-rpc.md, §eth_chainId y §eth_getBalance; Conventions Hex value encoding). No hay método inventado.",
K-137,,celda-en-evaluacion,sut/backend/src/infra/rpc.ts:45,/** `eth_chainId` devuelve el chainId en hexadecimal; se normaliza a string decimal. */,,CORRECTO,1,Sepolia chainId 11155111 es constante de spec/00-fundaciones/activos-y-par-de-trading.md §1; no se afirma un chainId distinto ni una red equivocada como Sepolia (C4 no aplica). §2.6.,
K-138,,celda-en-evaluacion,sut/backend/src/infra/rpc.ts:46,async chainId(): Promise<string> {,,CORRECTO,1,Sepolia chainId 11155111 es constante de spec/00-fundaciones/activos-y-par-de-trading.md §1; no se afirma un chainId distinto ni una red equivocada como Sepolia (C4 no aplica). §2.6.,
K-139,,celda-en-evaluacion,sut/backend/src/infra/rpc.ts:47,const hex = await this.call<string>('eth_chainId');,,CORRECTO,1,Sepolia chainId 11155111 es constante de spec/00-fundaciones/activos-y-par-de-trading.md §1; no se afirma un chainId distinto ni una red equivocada como Sepolia (C4 no aplica). §2.6.,
K-140,,celda-en-evaluacion,sut/backend/src/infra/rpc.ts:53,"const hex = await this.call<string>('eth_getBalance', [address, block]);",,CORRECTO,1,"JSON-RPC: `eth_chainId` existe y retorna quantity hex; `eth_getBalance(address, block)` existe (corpus/documentos/ethereum-json-rpc.md, §eth_chainId y §eth_getBalance; Conventions Hex value encoding). No hay método inventado.",
K-141,,celda-en-evaluacion,sut/backend/src/infra/rpc.ts:60,| { status: 'OK'; chainId: string; checkedAt: string },,CORRECTO,1,Sepolia chainId 11155111 es constante de spec/00-fundaciones/activos-y-par-de-trading.md §1; no se afirma un chainId distinto ni una red equivocada como Sepolia (C4 no aplica). §2.6.,
K-142,,celda-en-evaluacion,sut/backend/src/infra/rpc.ts:61,| { status: 'MISMATCH'; chainId: string; expected: string; checkedAt: string },,CORRECTO,1,Sepolia chainId 11155111 es constante de spec/00-fundaciones/activos-y-par-de-trading.md §1; no se afirma un chainId distinto ni una red equivocada como Sepolia (C4 no aplica). §2.6.,
K-143,,celda-en-evaluacion,sut/backend/src/infra/rpc.ts:65,export async function probeChain(client: JsonRpcClient | null): Promise<ChainStatus> {,,CORRECTO,1,"JSON-RPC: `eth_chainId` existe y retorna quantity hex; `eth_getBalance(address, block)` existe (corpus/documentos/ethereum-json-rpc.md, §eth_chainId y §eth_getBalance; Conventions Hex value encoding). No hay método inventado.",
K-144,,celda-en-evaluacion,sut/backend/src/infra/rpc.ts:69,const chainId = await client.chainId();,,CORRECTO,1,Sepolia chainId 11155111 es constante de spec/00-fundaciones/activos-y-par-de-trading.md §1; no se afirma un chainId distinto ni una red equivocada como Sepolia (C4 no aplica). §2.6.,
K-145,,celda-en-evaluacion,sut/backend/src/infra/rpc.ts:70,if (chainId !== CHAIN_ID) {,,CORRECTO,1,Sepolia chainId 11155111 es constante de spec/00-fundaciones/activos-y-par-de-trading.md §1; no se afirma un chainId distinto ni una red equivocada como Sepolia (C4 no aplica). §2.6.,
K-146,,celda-en-evaluacion,sut/backend/src/infra/rpc.ts:71,"return { status: 'MISMATCH', chainId, expected: CHAIN_ID, checkedAt };",,CORRECTO,1,Sepolia chainId 11155111 es constante de spec/00-fundaciones/activos-y-par-de-trading.md §1; no se afirma un chainId distinto ni una red equivocada como Sepolia (C4 no aplica). §2.6.,
K-147,,celda-en-evaluacion,sut/backend/src/infra/rpc.ts:73,"return { status: 'OK', chainId, checkedAt };",,CORRECTO,1,Sepolia chainId 11155111 es constante de spec/00-fundaciones/activos-y-par-de-trading.md §1; no se afirma un chainId distinto ni una red equivocada como Sepolia (C4 no aplica). §2.6.,
K-148,,celda-en-evaluacion,sut/backend/src/main.ts:48,`[chain] code=CHAIN_ID_MISMATCH el nodo JSON-RPC configurado reporta chainId ` +,,CORRECTO,1,Sepolia chainId 11155111 es constante de spec/00-fundaciones/activos-y-par-de-trading.md §1; no se afirma un chainId distinto ni una red equivocada como Sepolia (C4 no aplica). §2.6.,
K-149,,celda-en-evaluacion,sut/backend/src/main.ts:49,"`${status.chainId}; se esperaba ${status.expected} (Sepolia).\n`,",,CORRECTO,1,Sepolia chainId 11155111 es constante de spec/00-fundaciones/activos-y-par-de-trading.md §1; no se afirma un chainId distinto ni una red equivocada como Sepolia (C4 no aplica). §2.6.,
K-150,,celda-en-evaluacion,sut/backend/src/runtime.ts:9,"import { JsonRpcClient, probeChain, type ChainStatus } from './infra/rpc.js';",,CORRECTO,1,"JSON-RPC: `eth_chainId` existe y retorna quantity hex; `eth_getBalance(address, block)` existe (corpus/documentos/ethereum-json-rpc.md, §eth_chainId y §eth_getBalance; Conventions Hex value encoding). No hay método inventado.",
K-151,,celda-en-evaluacion,sut/backend/src/runtime.ts:28,rpc: JsonRpcClient | null;,,CORRECTO,1,"JSON-RPC: `eth_chainId` existe y retorna quantity hex; `eth_getBalance(address, block)` existe (corpus/documentos/ethereum-json-rpc.md, §eth_chainId y §eth_getBalance; Conventions Hex value encoding). No hay método inventado.",
K-152,,celda-en-evaluacion,sut/backend/src/runtime.ts:42,"mnemonic: config.wallet.mnemonic,",,CORRECTO,1,"BIP-39: ENT 128–256, checksum SHA-256 ENT/32, wordlist inglés 2048, PBKDF2-HMAC-SHA512 2048 iter, seed 64 B, NFKD (corpus/documentos/bip-0039.mediawiki «Generating the mnemonic» y «From mnemonic to seed»; wordlist corpus/documentos/bip-0039-wordlist-english.txt, SHA-256 2f5eed53…24dbda). 24 palabras = política HU-06-01 RN-1, no exclusividad del estándar (§2.6).",
K-153,,celda-en-evaluacion,sut/backend/src/runtime.ts:53,const rpc = config.chain.rpcUrl !== undefined ? new JsonRpcClient(config.chain.rpcUrl) : null;,,CORRECTO,1,"JSON-RPC: `eth_chainId` existe y retorna quantity hex; `eth_getBalance(address, block)` existe (corpus/documentos/ethereum-json-rpc.md, §eth_chainId y §eth_getBalance; Conventions Hex value encoding). No hay método inventado.",
K-154,,celda-en-evaluacion,sut/backend/src/shared/errors.ts:43,"CHAIN_ID_MISMATCH: 422,",,CORRECTO,1,Sepolia chainId 11155111 es constante de spec/00-fundaciones/activos-y-par-de-trading.md §1; no se afirma un chainId distinto ni una red equivocada como Sepolia (C4 no aplica). §2.6.,
K-155,,celda-en-evaluacion,sut/backend/src/wallet/crypto/address.ts:2,* Direcciones Ethereum: derivación desde la clave pública y checksum EIP-55.,,CORRECTO,1,"Uso correcto de ERC-681: `ethereum:` [`pay-`] target [`@` chain_id decimal] [`/` function] [`?` params]; sin function_name = pago nativo; ERC-20 = `transfer` con parámetro `address` (corpus/documentos/erc-681.md, Specification Syntax/Semantics). chainId 11155111 lo fija spec/00-fundaciones/activos-y-par-de-trading.md §1 (§2.6).",
K-156,,celda-en-evaluacion,sut/backend/src/wallet/crypto/address.ts:4,* Fuente normativa: ERC-55 / EIP-55 («Mixed-case checksum address encoding») y Keccak-256.,,CORRECTO,1,"Checksum EIP-55/ERC-55: Keccak-256 sobre el hex ASCII en minúsculas sin `0x`; nibble ≥ 8 (o > 7) ⇒ mayúscula. Vectores oficiales All caps / All Lower / Normal (corpus/documentos/erc-55.md, Specification, Implementation y Test Cases).",
K-157,,celda-en-evaluacion,sut/backend/src/wallet/crypto/address.ts:5,"* Spec del proyecto: HU-06-02 RN-4 (dirección = últimos 20 bytes de `Keccak-256(X ‖ Y)`,",,CORRECTO,1,"Keccak-256 / secp256k1 usados como en HU-06-02 RN-4 (dirección = últimos 20 B de Keccak-256(X‖Y)) y BIP-32 (corpus/documentos/bip-0032.mediawiki, curva secp256k1; corpus/documentos/erc-55.md usa Keccak-256). Sin fórmula atribuida de más al estándar. §2.6.",
K-158,,celda-en-evaluacion,sut/backend/src/wallet/crypto/address.ts:6,* serializada como `0x` + 40 hex con checksum EIP-55) y RN-7 (uso en Sepolia; el formato,,CORRECTO,1,"Checksum EIP-55/ERC-55: Keccak-256 sobre el hex ASCII en minúsculas sin `0x`; nibble ≥ 8 (o > 7) ⇒ mayúscula. Vectores oficiales All caps / All Lower / Normal (corpus/documentos/erc-55.md, Specification, Implementation y Test Cases).",
K-159,,celda-en-evaluacion,sut/backend/src/wallet/crypto/address.ts:9,import { keccak_256 } from '@noble/hashes/sha3.js';,,CORRECTO,1,"Keccak-256 / secp256k1 usados como en HU-06-02 RN-4 (dirección = últimos 20 B de Keccak-256(X‖Y)) y BIP-32 (corpus/documentos/bip-0032.mediawiki, curva secp256k1; corpus/documentos/erc-55.md usa Keccak-256). Sin fórmula atribuida de más al estándar. §2.6.",
K-160,,celda-en-evaluacion,sut/backend/src/wallet/crypto/address.ts:26,/** `true` si la cadena tiene la forma `0x` + 40 hex (sin mirar el checksum). */,,CORRECTO,1,"Checksum EIP-55/ERC-55: Keccak-256 sobre el hex ASCII en minúsculas sin `0x`; nibble ≥ 8 (o > 7) ⇒ mayúscula. Vectores oficiales All caps / All Lower / Normal (corpus/documentos/erc-55.md, Specification, Implementation y Test Cases).",
K-161,,celda-en-evaluacion,sut/backend/src/wallet/crypto/address.ts:32,* Aplica el checksum EIP-55: `Keccak-256` sobre la cadena ASCII hexadecimal en,,CORRECTO,1,"Checksum EIP-55/ERC-55: Keccak-256 sobre el hex ASCII en minúsculas sin `0x`; nibble ≥ 8 (o > 7) ⇒ mayúscula. Vectores oficiales All caps / All Lower / Normal (corpus/documentos/erc-55.md, Specification, Implementation y Test Cases).",
K-162,,celda-en-evaluacion,sut/backend/src/wallet/crypto/address.ts:38,export function toChecksumAddress(address: string): string {,,CORRECTO,1,"Checksum EIP-55/ERC-55: Keccak-256 sobre el hex ASCII en minúsculas sin `0x`; nibble ≥ 8 (o > 7) ⇒ mayúscula. Vectores oficiales All caps / All Lower / Normal (corpus/documentos/erc-55.md, Specification, Implementation y Test Cases).",
K-163,,celda-en-evaluacion,sut/backend/src/wallet/crypto/address.ts:48,const hash = toHex(keccak_256(ascii.encode(lower)));,,CORRECTO,1,"Keccak-256 / secp256k1 usados como en HU-06-02 RN-4 (dirección = últimos 20 B de Keccak-256(X‖Y)) y BIP-32 (corpus/documentos/bip-0032.mediawiki, curva secp256k1; corpus/documentos/erc-55.md usa Keccak-256). Sin fórmula atribuida de más al estándar. §2.6.",
K-164,,celda-en-evaluacion,sut/backend/src/wallet/crypto/address.ts:61,* checksum EIP-55. Una dirección all-lowercase o all-uppercase no supera esta prueba,,CORRECTO,1,"Checksum EIP-55/ERC-55: Keccak-256 sobre el hex ASCII en minúsculas sin `0x`; nibble ≥ 8 (o > 7) ⇒ mayúscula. Vectores oficiales All caps / All Lower / Normal (corpus/documentos/erc-55.md, Specification, Implementation y Test Cases).",
K-165,,celda-en-evaluacion,sut/backend/src/wallet/crypto/address.ts:63,* coinciden por definición del propio EIP-55).,,CORRECTO,1,"Checksum EIP-55/ERC-55: Keccak-256 sobre el hex ASCII en minúsculas sin `0x`; nibble ≥ 8 (o > 7) ⇒ mayúscula. Vectores oficiales All caps / All Lower / Normal (corpus/documentos/erc-55.md, Specification, Implementation y Test Cases).",
K-166,,celda-en-evaluacion,sut/backend/src/wallet/crypto/address.ts:65,export function isValidChecksumAddress(address: string): boolean {,,CORRECTO,1,"Checksum EIP-55/ERC-55: Keccak-256 sobre el hex ASCII en minúsculas sin `0x`; nibble ≥ 8 (o > 7) ⇒ mayúscula. Vectores oficiales All caps / All Lower / Normal (corpus/documentos/erc-55.md, Specification, Implementation y Test Cases).",
K-167,,celda-en-evaluacion,sut/backend/src/wallet/crypto/address.ts:67,return address === toChecksumAddress(address);,,CORRECTO,1,"Checksum EIP-55/ERC-55: Keccak-256 sobre el hex ASCII en minúsculas sin `0x`; nibble ≥ 8 (o > 7) ⇒ mayúscula. Vectores oficiales All caps / All Lower / Normal (corpus/documentos/erc-55.md, Specification, Implementation y Test Cases).",
K-168,,celda-en-evaluacion,sut/backend/src/wallet/crypto/address.ts:71,* Dirección Ethereum a partir de la clave pública secp256k1 sin comprimir en formato,,CORRECTO,1,"Keccak-256 / secp256k1 usados como en HU-06-02 RN-4 (dirección = últimos 20 B de Keccak-256(X‖Y)) y BIP-32 (corpus/documentos/bip-0032.mediawiki, curva secp256k1; corpus/documentos/erc-55.md usa Keccak-256). Sin fórmula atribuida de más al estándar. §2.6.",
K-169,,celda-en-evaluacion,sut/backend/src/wallet/crypto/address.ts:72,"* `X ‖ Y` (64 bytes, sin el prefijo `0x04`): últimos 20 bytes de `Keccak-256(X ‖ Y)`,",,CORRECTO,1,"Keccak-256 / secp256k1 usados como en HU-06-02 RN-4 (dirección = últimos 20 B de Keccak-256(X‖Y)) y BIP-32 (corpus/documentos/bip-0032.mediawiki, curva secp256k1; corpus/documentos/erc-55.md usa Keccak-256). Sin fórmula atribuida de más al estándar. §2.6.",
K-170,,celda-en-evaluacion,sut/backend/src/wallet/crypto/address.ts:73,* devueltos con checksum EIP-55 (HU-06-02 RN-4).,,CORRECTO,1,"Checksum EIP-55/ERC-55: Keccak-256 sobre el hex ASCII en minúsculas sin `0x`; nibble ≥ 8 (o > 7) ⇒ mayúscula. Vectores oficiales All caps / All Lower / Normal (corpus/documentos/erc-55.md, Specification, Implementation y Test Cases).",
K-171,,celda-en-evaluacion,sut/backend/src/wallet/crypto/address.ts:81,const hash = keccak_256(publicKeyXY);,,CORRECTO,1,"Keccak-256 / secp256k1 usados como en HU-06-02 RN-4 (dirección = últimos 20 B de Keccak-256(X‖Y)) y BIP-32 (corpus/documentos/bip-0032.mediawiki, curva secp256k1; corpus/documentos/erc-55.md usa Keccak-256). Sin fórmula atribuida de más al estándar. §2.6.",
K-172,,celda-en-evaluacion,sut/backend/src/wallet/crypto/address.ts:82,return toChecksumAddress(toHex(hash.slice(hash.length - ADDRESS_BYTES)));,,CORRECTO,1,"Checksum EIP-55/ERC-55: Keccak-256 sobre el hex ASCII en minúsculas sin `0x`; nibble ≥ 8 (o > 7) ⇒ mayúscula. Vectores oficiales All caps / All Lower / Normal (corpus/documentos/erc-55.md, Specification, Implementation y Test Cases).",
K-173,,celda-en-evaluacion,sut/backend/src/wallet/crypto/bip32.ts:2,* BIP-32 — Hierarchical Deterministic Wallets sobre secp256k1.,,CORRECTO,1,"BIP-32: I = HMAC-SHA512(key=""Bitcoin seed"", data=S); CKDpriv hardened (`0x00‖ser256(k)‖ser32(i)`) / normal (`serP‖ser32(i)`); si parse256(I_L) ≥ n o k_i = 0, «proceed with the next value for i» (corpus/documentos/bip-0032.mediawiki, Master key generation y Private parent key → private child key).",
K-174,,celda-en-evaluacion,sut/backend/src/wallet/crypto/bip32.ts:4,"* Fuente normativa: BIP-32 («Master key generation», «Private parent key → private child",,CORRECTO,1,"BIP-32: I = HMAC-SHA512(key=""Bitcoin seed"", data=S); CKDpriv hardened (`0x00‖ser256(k)‖ser32(i)`) / normal (`serP‖ser32(i)`); si parse256(I_L) ≥ n o k_i = 0, «proceed with the next value for i» (corpus/documentos/bip-0032.mediawiki, Master key generation y Private parent key → private child key).",
K-175,,celda-en-evaluacion,sut/backend/src/wallet/crypto/bip32.ts:6,"* Spec del proyecto: HU-06-02 RN-1 (clave maestra), RN-3 (CKDpriv hardened/normal),",,CORRECTO,1,"BIP-32: I = HMAC-SHA512(key=""Bitcoin seed"", data=S); CKDpriv hardened (`0x00‖ser256(k)‖ser32(i)`) / normal (`serP‖ser32(i)`); si parse256(I_L) ≥ n o k_i = 0, «proceed with the next value for i» (corpus/documentos/bip-0032.mediawiki, Master key generation y Private parent key → private child key).",
K-176,,celda-en-evaluacion,sut/backend/src/wallet/crypto/bip32.ts:11,import { secp256k1 } from '@noble/curves/secp256k1.js';,,CORRECTO,1,"Keccak-256 / secp256k1 usados como en HU-06-02 RN-4 (dirección = últimos 20 B de Keccak-256(X‖Y)) y BIP-32 (corpus/documentos/bip-0032.mediawiki, curva secp256k1; corpus/documentos/erc-55.md usa Keccak-256). Sin fórmula atribuida de más al estándar. §2.6.",
K-177,,celda-en-evaluacion,sut/backend/src/wallet/crypto/bip32.ts:14,/** Offset de derivación hardened: `0x80000000` = 2³¹ = 2147483648 (HU-06-02 RN-2). */,,CORRECTO,1,"BIP-32: I = HMAC-SHA512(key=""Bitcoin seed"", data=S); CKDpriv hardened (`0x00‖ser256(k)‖ser32(i)`) / normal (`serP‖ser32(i)`); si parse256(I_L) ≥ n o k_i = 0, «proceed with the next value for i» (corpus/documentos/bip-0032.mediawiki, Master key generation y Private parent key → private child key).",
K-178,,celda-en-evaluacion,sut/backend/src/wallet/crypto/bip32.ts:15,export const HARDENED_OFFSET = 0x8000_0000;,,CORRECTO,1,"BIP-32: I = HMAC-SHA512(key=""Bitcoin seed"", data=S); CKDpriv hardened (`0x00‖ser256(k)‖ser32(i)`) / normal (`serP‖ser32(i)`); si parse256(I_L) ≥ n o k_i = 0, «proceed with the next value for i» (corpus/documentos/bip-0032.mediawiki, Master key generation y Private parent key → private child key).",
K-179,,celda-en-evaluacion,sut/backend/src/wallet/crypto/bip32.ts:17,/** Índice máximo de BIP-32 (2³² − 1). */,,CORRECTO,1,"BIP-32: I = HMAC-SHA512(key=""Bitcoin seed"", data=S); CKDpriv hardened (`0x00‖ser256(k)‖ser32(i)`) / normal (`serP‖ser32(i)`); si parse256(I_L) ≥ n o k_i = 0, «proceed with the next value for i» (corpus/documentos/bip-0032.mediawiki, Master key generation y Private parent key → private child key).",
K-180,,celda-en-evaluacion,sut/backend/src/wallet/crypto/bip32.ts:20,/** Orden `n` del grupo de secp256k1 (HU-06-02 RN-1). */,,CORRECTO,1,"Keccak-256 / secp256k1 usados como en HU-06-02 RN-4 (dirección = últimos 20 B de Keccak-256(X‖Y)) y BIP-32 (corpus/documentos/bip-0032.mediawiki, curva secp256k1; corpus/documentos/erc-55.md usa Keccak-256). Sin fórmula atribuida de más al estándar. §2.6.",
K-181,,celda-en-evaluacion,sut/backend/src/wallet/crypto/bip32.ts:21,export const SECP256K1_ORDER =,,CORRECTO,1,"Keccak-256 / secp256k1 usados como en HU-06-02 RN-4 (dirección = últimos 20 B de Keccak-256(X‖Y)) y BIP-32 (corpus/documentos/bip-0032.mediawiki, curva secp256k1; corpus/documentos/erc-55.md usa Keccak-256). Sin fórmula atribuida de más al estándar. §2.6.",
K-182,,celda-en-evaluacion,sut/backend/src/wallet/crypto/bip32.ts:24,/** Clave usada como key del HMAC en la generación de la clave maestra (BIP-32). */,,CORRECTO,1,"BIP-32: I = HMAC-SHA512(key=""Bitcoin seed"", data=S); CKDpriv hardened (`0x00‖ser256(k)‖ser32(i)`) / normal (`serP‖ser32(i)`); si parse256(I_L) ≥ n o k_i = 0, «proceed with the next value for i» (corpus/documentos/bip-0032.mediawiki, Master key generation y Private parent key → private child key).",
K-183,,celda-en-evaluacion,sut/backend/src/wallet/crypto/bip32.ts:27,/** Nodo extendido BIP-32: clave privada de 32 bytes + chain code de 32 bytes. */,,CORRECTO,1,"BIP-32: I = HMAC-SHA512(key=""Bitcoin seed"", data=S); CKDpriv hardened (`0x00‖ser256(k)‖ser32(i)`) / normal (`serP‖ser32(i)`); si parse256(I_L) ≥ n o k_i = 0, «proceed with the next value for i» (corpus/documentos/bip-0032.mediawiki, Master key generation y Private parent key → private child key).",
K-184,,celda-en-evaluacion,sut/backend/src/wallet/crypto/bip32.ts:34,* Clave hija inválida (BIP-32: `parse256(I_L) >= n` o `k_hijo == 0`; ~2⁻¹²⁷).,,CORRECTO,1,"BIP-32: I = HMAC-SHA512(key=""Bitcoin seed"", data=S); CKDpriv hardened (`0x00‖ser256(k)‖ser32(i)`) / normal (`serP‖ser32(i)`); si parse256(I_L) ≥ n o k_i = 0, «proceed with the next value for i» (corpus/documentos/bip-0032.mediawiki, Master key generation y Private parent key → private child key).",
K-185,,celda-en-evaluacion,sut/backend/src/wallet/crypto/bip32.ts:39,/** Índice BIP-32 (ya resuelto: hardened = valor + 2³¹) del nivel que falló. */,,CORRECTO,1,"BIP-32: I = HMAC-SHA512(key=""Bitcoin seed"", data=S); CKDpriv hardened (`0x00‖ser256(k)‖ser32(i)`) / normal (`serP‖ser32(i)`); si parse256(I_L) ≥ n o k_i = 0, «proceed with the next value for i» (corpus/documentos/bip-0032.mediawiki, Master key generation y Private parent key → private child key).",
K-186,,celda-en-evaluacion,sut/backend/src/wallet/crypto/bip32.ts:45,* Es imprescindible para aplicar RN-8 correctamente: BIP-32 dice «proceed with the next,,CORRECTO,1,"BIP-32: I = HMAC-SHA512(key=""Bitcoin seed"", data=S); CKDpriv hardened (`0x00‖ser256(k)‖ser32(i)`) / normal (`serP‖ser32(i)`); si parse256(I_L) ≥ n o k_i = 0, «proceed with the next value for i» (corpus/documentos/bip-0032.mediawiki, Master key generation y Private parent key → private child key).",
K-187,,celda-en-evaluacion,sut/backend/src/wallet/crypto/bip32.ts:47,* `m/44'/60'/0'/0/{address_index}` depende del `address_index`; si el fallo ocurre en un,,CORRECTO,1,"Path BIP-44 `m/purpose'/coin_type'/account'/change/address_index` con purpose 44' y change 0 = cadena externa (corpus/documentos/bip-0044.mediawiki, Path levels). coin type 60 (Ethereum) lo fija spec/00-fundaciones/activos-y-par-de-trading.md §1; BIP-44 remite el registro a SLIP-0044 (§2.6).",
K-188,,celda-en-evaluacion,sut/backend/src/wallet/crypto/bip32.ts:49,* puede converger nunca (ver `derivation.ts`).,,CORRECTO,1,"Keccak-256 / secp256k1 usados como en HU-06-02 RN-4 (dirección = últimos 20 B de Keccak-256(X‖Y)) y BIP-32 (corpus/documentos/bip-0032.mediawiki, curva secp256k1; corpus/documentos/erc-55.md usa Keccak-256). Sin fórmula atribuida de más al estándar. §2.6.",
K-189,,celda-en-evaluacion,sut/backend/src/wallet/crypto/bip32.ts:54,super(`Clave hija BIP-32 inválida en el índice ${index}: ${reason}.`);,,CORRECTO,1,"BIP-32: I = HMAC-SHA512(key=""Bitcoin seed"", data=S); CKDpriv hardened (`0x00‖ser256(k)‖ser32(i)`) / normal (`serP‖ser32(i)`); si parse256(I_L) ≥ n o k_i = 0, «proceed with the next value for i» (corpus/documentos/bip-0032.mediawiki, Master key generation y Private parent key → private child key).",
K-190,,celda-en-evaluacion,sut/backend/src/wallet/crypto/bip32.ts:64,super(`Clave maestra BIP-32 inválida: ${reason}.`);,,CORRECTO,1,"BIP-32: I = HMAC-SHA512(key=""Bitcoin seed"", data=S); CKDpriv hardened (`0x00‖ser256(k)‖ser32(i)`) / normal (`serP‖ser32(i)`); si parse256(I_L) ≥ n o k_i = 0, «proceed with the next value for i» (corpus/documentos/bip-0032.mediawiki, Master key generation y Private parent key → private child key).",
K-191,,celda-en-evaluacion,sut/backend/src/wallet/crypto/bip32.ts:94,"/** `serP(point(k))`: clave pública secp256k1 comprimida (33 bytes), usada por CKDpriv normal. */",,CORRECTO,1,"BIP-32: I = HMAC-SHA512(key=""Bitcoin seed"", data=S); CKDpriv hardened (`0x00‖ser256(k)‖ser32(i)`) / normal (`serP‖ser32(i)`); si parse256(I_L) ≥ n o k_i = 0, «proceed with the next value for i» (corpus/documentos/bip-0032.mediawiki, Master key generation y Private parent key → private child key).",
K-192,,celda-en-evaluacion,sut/backend/src/wallet/crypto/bip32.ts:96,"return secp256k1.getPublicKey(privateKey, true);",,CORRECTO,1,"Keccak-256 / secp256k1 usados como en HU-06-02 RN-4 (dirección = últimos 20 B de Keccak-256(X‖Y)) y BIP-32 (corpus/documentos/bip-0032.mediawiki, curva secp256k1; corpus/documentos/erc-55.md usa Keccak-256). Sin fórmula atribuida de más al estándar. §2.6.",
K-193,,celda-en-evaluacion,sut/backend/src/wallet/crypto/bip32.ts:99,"/** Clave pública secp256k1 **sin comprimir**: 65 bytes, prefijo `0x04` ‖ X ‖ Y. */",,CORRECTO,1,"Keccak-256 / secp256k1 usados como en HU-06-02 RN-4 (dirección = últimos 20 B de Keccak-256(X‖Y)) y BIP-32 (corpus/documentos/bip-0032.mediawiki, curva secp256k1; corpus/documentos/erc-55.md usa Keccak-256). Sin fórmula atribuida de más al estándar. §2.6.",
K-194,,celda-en-evaluacion,sut/backend/src/wallet/crypto/bip32.ts:101,"return secp256k1.getPublicKey(privateKey, false);",,CORRECTO,1,"Keccak-256 / secp256k1 usados como en HU-06-02 RN-4 (dirección = últimos 20 B de Keccak-256(X‖Y)) y BIP-32 (corpus/documentos/bip-0032.mediawiki, curva secp256k1; corpus/documentos/erc-55.md usa Keccak-256). Sin fórmula atribuida de más al estándar. §2.6.",
K-195,,celda-en-evaluacion,sut/backend/src/wallet/crypto/bip32.ts:105,* Coordenadas de la clave pública secp256k1: 64 bytes `X ‖ Y` (descartando el prefijo,,CORRECTO,1,"Keccak-256 / secp256k1 usados como en HU-06-02 RN-4 (dirección = últimos 20 B de Keccak-256(X‖Y)) y BIP-32 (corpus/documentos/bip-0032.mediawiki, curva secp256k1; corpus/documentos/erc-55.md usa Keccak-256). Sin fórmula atribuida de más al estándar. §2.6.",
K-196,,celda-en-evaluacion,sut/backend/src/wallet/crypto/bip32.ts:106,* `0x04`). Es la entrada de Keccak-256 para computar la dirección (HU-06-02 RN-4).,,CORRECTO,1,"Keccak-256 / secp256k1 usados como en HU-06-02 RN-4 (dirección = últimos 20 B de Keccak-256(X‖Y)) y BIP-32 (corpus/documentos/bip-0032.mediawiki, curva secp256k1; corpus/documentos/erc-55.md usa Keccak-256). Sin fórmula atribuida de más al estándar. §2.6.",
K-197,,celda-en-evaluacion,sut/backend/src/wallet/crypto/bip32.ts:122,* Clave maestra BIP-32 desde la seed binaria (HU-06-02 RN-1):,,CORRECTO,1,"BIP-32: I = HMAC-SHA512(key=""Bitcoin seed"", data=S); CKDpriv hardened (`0x00‖ser256(k)‖ser32(i)`) / normal (`serP‖ser32(i)`); si parse256(I_L) ≥ n o k_i = 0, «proceed with the next value for i» (corpus/documentos/bip-0032.mediawiki, Master key generation y Private parent key → private child key).",
K-198,,celda-en-evaluacion,sut/backend/src/wallet/crypto/bip32.ts:128,throw new Error(`Seed BIP-32 de longitud inválida: ${seed.length} bytes (admitido 16..64).`);,,CORRECTO,1,"BIP-32: I = HMAC-SHA512(key=""Bitcoin seed"", data=S); CKDpriv hardened (`0x00‖ser256(k)‖ser32(i)`) / normal (`serP‖ser32(i)`); si parse256(I_L) ≥ n o k_i = 0, «proceed with the next value for i» (corpus/documentos/bip-0032.mediawiki, Master key generation y Private parent key → private child key).",
K-199,,celda-en-evaluacion,sut/backend/src/wallet/crypto/bip32.ts:133,if (k >= SECP256K1_ORDER) throw new InvalidMasterKeyError('parse256(I_L) >= n');,,CORRECTO,1,"BIP-32: I = HMAC-SHA512(key=""Bitcoin seed"", data=S); CKDpriv hardened (`0x00‖ser256(k)‖ser32(i)`) / normal (`serP‖ser32(i)`); si parse256(I_L) ≥ n o k_i = 0, «proceed with the next value for i» (corpus/documentos/bip-0032.mediawiki, Master key generation y Private parent key → private child key).",
K-200,,celda-en-evaluacion,sut/backend/src/wallet/crypto/bip32.ts:140,"* - Hardened (`i >= 2³¹`): `I = HMAC-SHA512(c_par, 0x00 ‖ ser256(k_par) ‖ ser32(i))`.",,CORRECTO,1,"BIP-32: I = HMAC-SHA512(key=""Bitcoin seed"", data=S); CKDpriv hardened (`0x00‖ser256(k)‖ser32(i)`) / normal (`serP‖ser32(i)`); si parse256(I_L) ≥ n o k_i = 0, «proceed with the next value for i» (corpus/documentos/bip-0032.mediawiki, Master key generation y Private parent key → private child key).",
K-201,,celda-en-evaluacion,sut/backend/src/wallet/crypto/bip32.ts:148,throw new Error(`Índice BIP-32 fuera de rango: ${index}.`);,,CORRECTO,1,"BIP-32: I = HMAC-SHA512(key=""Bitcoin seed"", data=S); CKDpriv hardened (`0x00‖ser256(k)‖ser32(i)`) / normal (`serP‖ser32(i)`); si parse256(I_L) ≥ n o k_i = 0, «proceed with the next value for i» (corpus/documentos/bip-0032.mediawiki, Master key generation y Private parent key → private child key).",
K-202,,celda-en-evaluacion,sut/backend/src/wallet/crypto/bip32.ts:152,index >= HARDENED_OFFSET,,CORRECTO,1,"BIP-32: I = HMAC-SHA512(key=""Bitcoin seed"", data=S); CKDpriv hardened (`0x00‖ser256(k)‖ser32(i)`) / normal (`serP‖ser32(i)`); si parse256(I_L) ≥ n o k_i = 0, «proceed with the next value for i» (corpus/documentos/bip-0032.mediawiki, Master key generation y Private parent key → private child key).",
K-203,,celda-en-evaluacion,sut/backend/src/wallet/crypto/bip32.ts:159,"if (il >= SECP256K1_ORDER) throw new InvalidChildKeyError(index, 'parse256(I_L) >= n');",,CORRECTO,1,"BIP-32: I = HMAC-SHA512(key=""Bitcoin seed"", data=S); CKDpriv hardened (`0x00‖ser256(k)‖ser32(i)`) / normal (`serP‖ser32(i)`); si parse256(I_L) ≥ n o k_i = 0, «proceed with the next value for i» (corpus/documentos/bip-0032.mediawiki, Master key generation y Private parent key → private child key).",
K-204,,celda-en-evaluacion,sut/backend/src/wallet/crypto/bip32.ts:161,const childKey = (il + parse256(node.privateKey)) % SECP256K1_ORDER;,,CORRECTO,1,"Keccak-256 / secp256k1 usados como en HU-06-02 RN-4 (dirección = últimos 20 B de Keccak-256(X‖Y)) y BIP-32 (corpus/documentos/bip-0032.mediawiki, curva secp256k1; corpus/documentos/erc-55.md usa Keccak-256). Sin fórmula atribuida de más al estándar. §2.6.",
K-205,,celda-en-evaluacion,sut/backend/src/wallet/crypto/bip32.ts:179,* Parsea un path BIP-32 tipo `m/44'/60'/0'/0/0` a la lista de índices ya resueltos,,CORRECTO,1,"BIP-32: I = HMAC-SHA512(key=""Bitcoin seed"", data=S); CKDpriv hardened (`0x00‖ser256(k)‖ser32(i)`) / normal (`serP‖ser32(i)`); si parse256(I_L) ≥ n o k_i = 0, «proceed with the next value for i» (corpus/documentos/bip-0032.mediawiki, Master key generation y Private parent key → private child key).",
K-206,,celda-en-evaluacion,sut/backend/src/wallet/crypto/bip32.ts:180,* (los componentes hardened suman `HARDENED_OFFSET`). Se aceptan `'` y `h`/`H` como,,CORRECTO,1,"BIP-32: I = HMAC-SHA512(key=""Bitcoin seed"", data=S); CKDpriv hardened (`0x00‖ser256(k)‖ser32(i)`) / normal (`serP‖ser32(i)`); si parse256(I_L) ≥ n o k_i = 0, «proceed with the next value for i» (corpus/documentos/bip-0032.mediawiki, Master key generation y Private parent key → private child key).",
K-207,,celda-en-evaluacion,sut/backend/src/wallet/crypto/bip32.ts:181,* marca de hardened.,,CORRECTO,1,"BIP-32: I = HMAC-SHA512(key=""Bitcoin seed"", data=S); CKDpriv hardened (`0x00‖ser256(k)‖ser32(i)`) / normal (`serP‖ser32(i)`); si parse256(I_L) ≥ n o k_i = 0, «proceed with the next value for i» (corpus/documentos/bip-0032.mediawiki, Master key generation y Private parent key → private child key).",
K-208,,celda-en-evaluacion,sut/backend/src/wallet/crypto/bip32.ts:188,"throw new Error(`Path BIP-32 inválido: ""${path}"" (debe empezar con ""m"").`);",,CORRECTO,1,"BIP-32: I = HMAC-SHA512(key=""Bitcoin seed"", data=S); CKDpriv hardened (`0x00‖ser256(k)‖ser32(i)`) / normal (`serP‖ser32(i)`); si parse256(I_L) ≥ n o k_i = 0, «proceed with the next value for i» (corpus/documentos/bip-0032.mediawiki, Master key generation y Private parent key → private child key).",
K-209,,celda-en-evaluacion,sut/backend/src/wallet/crypto/bip32.ts:194,"throw new Error(`Path BIP-32 inválido: componente ""${component}"" en ""${path}"".`);",,CORRECTO,1,"BIP-32: I = HMAC-SHA512(key=""Bitcoin seed"", data=S); CKDpriv hardened (`0x00‖ser256(k)‖ser32(i)`) / normal (`serP‖ser32(i)`); si parse256(I_L) ≥ n o k_i = 0, «proceed with the next value for i» (corpus/documentos/bip-0032.mediawiki, Master key generation y Private parent key → private child key).",
K-210,,celda-en-evaluacion,sut/backend/src/wallet/crypto/bip32.ts:197,if (!Number.isInteger(value) || value >= HARDENED_OFFSET) {,,CORRECTO,1,"BIP-32: I = HMAC-SHA512(key=""Bitcoin seed"", data=S); CKDpriv hardened (`0x00‖ser256(k)‖ser32(i)`) / normal (`serP‖ser32(i)`); si parse256(I_L) ≥ n o k_i = 0, «proceed with the next value for i» (corpus/documentos/bip-0032.mediawiki, Master key generation y Private parent key → private child key).",
K-211,,celda-en-evaluacion,sut/backend/src/wallet/crypto/bip32.ts:198,"throw new Error(`Path BIP-32 inválido: índice ""${component}"" fuera de rango en ""${path}"".`);",,CORRECTO,1,"BIP-32: I = HMAC-SHA512(key=""Bitcoin seed"", data=S); CKDpriv hardened (`0x00‖ser256(k)‖ser32(i)`) / normal (`serP‖ser32(i)`); si parse256(I_L) ≥ n o k_i = 0, «proceed with the next value for i» (corpus/documentos/bip-0032.mediawiki, Master key generation y Private parent key → private child key).",
K-212,,celda-en-evaluacion,sut/backend/src/wallet/crypto/bip32.ts:200,return match[2] === undefined ? value : value + HARDENED_OFFSET;,,CORRECTO,1,"BIP-32: I = HMAC-SHA512(key=""Bitcoin seed"", data=S); CKDpriv hardened (`0x00‖ser256(k)‖ser32(i)`) / normal (`serP‖ser32(i)`); si parse256(I_L) ≥ n o k_i = 0, «proceed with the next value for i» (corpus/documentos/bip-0032.mediawiki, Master key generation y Private parent key → private child key).",
K-213,,celda-en-evaluacion,sut/backend/src/wallet/crypto/bip32.ts:217,"// componente intermedio del path BIP-44, que es fijo y por lo tanto irrecuperable.",,CORRECTO,1,"Path BIP-44 `m/purpose'/coin_type'/account'/change/address_index` con purpose 44' y change 0 = cadena externa (corpus/documentos/bip-0044.mediawiki, Path levels). coin type 60 (Ethereum) lo fija spec/00-fundaciones/activos-y-par-de-trading.md §1; BIP-44 remite el registro a SLIP-0044 (§2.6).",
K-214,,celda-en-evaluacion,sut/backend/src/wallet/crypto/bip39.ts:2,* BIP-39 — mnemonic code for generating deterministic keys.,,CORRECTO,1,"BIP-39: ENT 128–256, checksum SHA-256 ENT/32, wordlist inglés 2048, PBKDF2-HMAC-SHA512 2048 iter, seed 64 B, NFKD (corpus/documentos/bip-0039.mediawiki «Generating the mnemonic» y «From mnemonic to seed»; wordlist corpus/documentos/bip-0039-wordlist-english.txt, SHA-256 2f5eed53…24dbda). 24 palabras = política HU-06-01 RN-1, no exclusividad del estándar (§2.6).",
K-215,,celda-en-evaluacion,sut/backend/src/wallet/crypto/bip39.ts:4,* Fuente normativa: BIP-39 («Generating the mnemonic» y «From mnemonic to seed»).,,CORRECTO,1,"BIP-39: ENT 128–256, checksum SHA-256 ENT/32, wordlist inglés 2048, PBKDF2-HMAC-SHA512 2048 iter, seed 64 B, NFKD (corpus/documentos/bip-0039.mediawiki «Generating the mnemonic» y «From mnemonic to seed»; wordlist corpus/documentos/bip-0039-wordlist-english.txt, SHA-256 2f5eed53…24dbda). 24 palabras = política HU-06-01 RN-1, no exclusividad del estándar (§2.6).",
K-216,,celda-en-evaluacion,sut/backend/src/wallet/crypto/bip39.ts:6,"* RN-2 (normalización NFKD + validación de longitud, wordlist y checksum, en ese orden),",,CORRECTO,1,"Checksum EIP-55/ERC-55: Keccak-256 sobre el hex ASCII en minúsculas sin `0x`; nibble ≥ 8 (o > 7) ⇒ mayúscula. Vectores oficiales All caps / All Lower / Normal (corpus/documentos/erc-55.md, Specification, Implementation y Test Cases).",
K-217,,celda-en-evaluacion,sut/backend/src/wallet/crypto/bip39.ts:8,"* RN-7 (determinismo: la seed es función pura de `(mnemonic, passphrase)`).",,CORRECTO,1,"BIP-39: ENT 128–256, checksum SHA-256 ENT/32, wordlist inglés 2048, PBKDF2-HMAC-SHA512 2048 iter, seed 64 B, NFKD (corpus/documentos/bip-0039.mediawiki «Generating the mnemonic» y «From mnemonic to seed»; wordlist corpus/documentos/bip-0039-wordlist-english.txt, SHA-256 2f5eed53…24dbda). 24 palabras = política HU-06-01 RN-1, no exclusividad del estándar (§2.6).",
K-218,,celda-en-evaluacion,sut/backend/src/wallet/crypto/bip39.ts:10,* Custodia (HU-06-01 RN-5): ninguna función de este módulo logea ni serializa el mnemonic,,CORRECTO,1,"BIP-39: ENT 128–256, checksum SHA-256 ENT/32, wordlist inglés 2048, PBKDF2-HMAC-SHA512 2048 iter, seed 64 B, NFKD (corpus/documentos/bip-0039.mediawiki «Generating the mnemonic» y «From mnemonic to seed»; wordlist corpus/documentos/bip-0039-wordlist-english.txt, SHA-256 2f5eed53…24dbda). 24 palabras = política HU-06-01 RN-1, no exclusividad del estándar (§2.6).",
K-219,,celda-en-evaluacion,sut/backend/src/wallet/crypto/bip39.ts:16,"import { ENGLISH_WORDLIST, WORDLIST_INDEX } from './wordlist.js';",,CORRECTO,1,"BIP-39: ENT 128–256, checksum SHA-256 ENT/32, wordlist inglés 2048, PBKDF2-HMAC-SHA512 2048 iter, seed 64 B, NFKD (corpus/documentos/bip-0039.mediawiki «Generating the mnemonic» y «From mnemonic to seed»; wordlist corpus/documentos/bip-0039-wordlist-english.txt, SHA-256 2f5eed53…24dbda). 24 palabras = política HU-06-01 RN-1, no exclusividad del estándar (§2.6).",
K-220,,celda-en-evaluacion,sut/backend/src/wallet/crypto/bip39.ts:18,"/** Longitudes de entropía admitidas por BIP-39 (ENT ∈ [128, 256], múltiplo de 32 bits). */",,CORRECTO,1,"BIP-39: ENT 128–256, checksum SHA-256 ENT/32, wordlist inglés 2048, PBKDF2-HMAC-SHA512 2048 iter, seed 64 B, NFKD (corpus/documentos/bip-0039.mediawiki «Generating the mnemonic» y «From mnemonic to seed»; wordlist corpus/documentos/bip-0039-wordlist-english.txt, SHA-256 2f5eed53…24dbda). 24 palabras = política HU-06-01 RN-1, no exclusividad del estándar (§2.6).",
K-221,,celda-en-evaluacion,sut/backend/src/wallet/crypto/bip39.ts:24,/** Longitud de mnemonic exigida por la política del proyecto (HU-06-01 RN-2.a). */,,CORRECTO,1,"BIP-39: ENT 128–256, checksum SHA-256 ENT/32, wordlist inglés 2048, PBKDF2-HMAC-SHA512 2048 iter, seed 64 B, NFKD (corpus/documentos/bip-0039.mediawiki «Generating the mnemonic» y «From mnemonic to seed»; wordlist corpus/documentos/bip-0039-wordlist-english.txt, SHA-256 2f5eed53…24dbda). 24 palabras = política HU-06-01 RN-1, no exclusividad del estándar (§2.6).",
K-222,,celda-en-evaluacion,sut/backend/src/wallet/crypto/bip39.ts:25,export const PROJECT_MNEMONIC_WORDS = 24;,,CORRECTO,1,"BIP-39: ENT 128–256, checksum SHA-256 ENT/32, wordlist inglés 2048, PBKDF2-HMAC-SHA512 2048 iter, seed 64 B, NFKD (corpus/documentos/bip-0039.mediawiki «Generating the mnemonic» y «From mnemonic to seed»; wordlist corpus/documentos/bip-0039-wordlist-english.txt, SHA-256 2f5eed53…24dbda). 24 palabras = política HU-06-01 RN-1, no exclusividad del estándar (§2.6).",
K-223,,celda-en-evaluacion,sut/backend/src/wallet/crypto/bip39.ts:27,/** Parámetros de PBKDF2 fijados por BIP-39 (HU-06-01 RN-3). */,,CORRECTO,1,"BIP-39: ENT 128–256, checksum SHA-256 ENT/32, wordlist inglés 2048, PBKDF2-HMAC-SHA512 2048 iter, seed 64 B, NFKD (corpus/documentos/bip-0039.mediawiki «Generating the mnemonic» y «From mnemonic to seed»; wordlist corpus/documentos/bip-0039-wordlist-english.txt, SHA-256 2f5eed53…24dbda). 24 palabras = política HU-06-01 RN-1, no exclusividad del estándar (§2.6).",
K-224,,celda-en-evaluacion,sut/backend/src/wallet/crypto/bip39.ts:31,"/** Prefijo del salt de PBKDF2 según BIP-39: `""mnemonic"" + passphrase`. */",,CORRECTO,1,"BIP-39: ENT 128–256, checksum SHA-256 ENT/32, wordlist inglés 2048, PBKDF2-HMAC-SHA512 2048 iter, seed 64 B, NFKD (corpus/documentos/bip-0039.mediawiki «Generating the mnemonic» y «From mnemonic to seed»; wordlist corpus/documentos/bip-0039-wordlist-english.txt, SHA-256 2f5eed53…24dbda). 24 palabras = política HU-06-01 RN-1, no exclusividad del estándar (§2.6).",
K-225,,celda-en-evaluacion,sut/backend/src/wallet/crypto/bip39.ts:32,const SALT_PREFIX = 'mnemonic';,,CORRECTO,1,"BIP-39: ENT 128–256, checksum SHA-256 ENT/32, wordlist inglés 2048, PBKDF2-HMAC-SHA512 2048 iter, seed 64 B, NFKD (corpus/documentos/bip-0039.mediawiki «Generating the mnemonic» y «From mnemonic to seed»; wordlist corpus/documentos/bip-0039-wordlist-english.txt, SHA-256 2f5eed53…24dbda). 24 palabras = política HU-06-01 RN-1, no exclusividad del estándar (§2.6).",
K-226,,celda-en-evaluacion,sut/backend/src/wallet/crypto/bip39.ts:36,export type MnemonicValidation =,,CORRECTO,1,"BIP-39: ENT 128–256, checksum SHA-256 ENT/32, wordlist inglés 2048, PBKDF2-HMAC-SHA512 2048 iter, seed 64 B, NFKD (corpus/documentos/bip-0039.mediawiki «Generating the mnemonic» y «From mnemonic to seed»; wordlist corpus/documentos/bip-0039-wordlist-english.txt, SHA-256 2f5eed53…24dbda). 24 palabras = política HU-06-01 RN-1, no exclusividad del estándar (§2.6).",
K-227,,celda-en-evaluacion,sut/backend/src/wallet/crypto/bip39.ts:38,| { ok: false; reason: 'LENGTH' | 'WORDLIST' | 'CHECKSUM' };,,CORRECTO,1,"Checksum EIP-55/ERC-55: Keccak-256 sobre el hex ASCII en minúsculas sin `0x`; nibble ≥ 8 (o > 7) ⇒ mayúscula. Vectores oficiales All caps / All Lower / Normal (corpus/documentos/erc-55.md, Specification, Implementation y Test Cases).",
K-228,,celda-en-evaluacion,sut/backend/src/wallet/crypto/bip39.ts:41,"* Normalización Unicode NFKD del mnemonic (BIP-39, «From mnemonic to seed»: la frase se usa",,CORRECTO,1,"BIP-39: ENT 128–256, checksum SHA-256 ENT/32, wordlist inglés 2048, PBKDF2-HMAC-SHA512 2048 iter, seed 64 B, NFKD (corpus/documentos/bip-0039.mediawiki «Generating the mnemonic» y «From mnemonic to seed»; wordlist corpus/documentos/bip-0039-wordlist-english.txt, SHA-256 2f5eed53…24dbda). 24 palabras = política HU-06-01 RN-1, no exclusividad del estándar (§2.6).",
K-229,,celda-en-evaluacion,sut/backend/src/wallet/crypto/bip39.ts:48,"* Para el wordlist inglés (ASCII puro) la NFKD es un no-op, pero se aplica de forma genérica",,CORRECTO,1,"BIP-39: ENT 128–256, checksum SHA-256 ENT/32, wordlist inglés 2048, PBKDF2-HMAC-SHA512 2048 iter, seed 64 B, NFKD (corpus/documentos/bip-0039.mediawiki «Generating the mnemonic» y «From mnemonic to seed»; wordlist corpus/documentos/bip-0039-wordlist-english.txt, SHA-256 2f5eed53…24dbda). 24 palabras = política HU-06-01 RN-1, no exclusividad del estándar (§2.6).",
K-230,,celda-en-evaluacion,sut/backend/src/wallet/crypto/bip39.ts:49,* para ser robusto ante mnemonics importados de sistemas con otra normalización.,,CORRECTO,1,"BIP-39: ENT 128–256, checksum SHA-256 ENT/32, wordlist inglés 2048, PBKDF2-HMAC-SHA512 2048 iter, seed 64 B, NFKD (corpus/documentos/bip-0039.mediawiki «Generating the mnemonic» y «From mnemonic to seed»; wordlist corpus/documentos/bip-0039-wordlist-english.txt, SHA-256 2f5eed53…24dbda). 24 palabras = política HU-06-01 RN-1, no exclusividad del estándar (§2.6).",
K-231,,celda-en-evaluacion,sut/backend/src/wallet/crypto/bip39.ts:51,export function normalizeMnemonic(mnemonic: string): string {,,CORRECTO,1,"BIP-39: ENT 128–256, checksum SHA-256 ENT/32, wordlist inglés 2048, PBKDF2-HMAC-SHA512 2048 iter, seed 64 B, NFKD (corpus/documentos/bip-0039.mediawiki «Generating the mnemonic» y «From mnemonic to seed»; wordlist corpus/documentos/bip-0039-wordlist-english.txt, SHA-256 2f5eed53…24dbda). 24 palabras = política HU-06-01 RN-1, no exclusividad del estándar (§2.6).",
K-232,,celda-en-evaluacion,sut/backend/src/wallet/crypto/bip39.ts:52,return mnemonic.normalize('NFKD');,,CORRECTO,1,"BIP-39: ENT 128–256, checksum SHA-256 ENT/32, wordlist inglés 2048, PBKDF2-HMAC-SHA512 2048 iter, seed 64 B, NFKD (corpus/documentos/bip-0039.mediawiki «Generating the mnemonic» y «From mnemonic to seed»; wordlist corpus/documentos/bip-0039-wordlist-english.txt, SHA-256 2f5eed53…24dbda). 24 palabras = política HU-06-01 RN-1, no exclusividad del estándar (§2.6).",
K-233,,celda-en-evaluacion,sut/backend/src/wallet/crypto/bip39.ts:58,* verificar longitud/wordlist/checksum; **nunca** como entrada de PBKDF2.,,CORRECTO,1,"Checksum EIP-55/ERC-55: Keccak-256 sobre el hex ASCII en minúsculas sin `0x`; nibble ≥ 8 (o > 7) ⇒ mayúscula. Vectores oficiales All caps / All Lower / Normal (corpus/documentos/erc-55.md, Specification, Implementation y Test Cases).",
K-234,,celda-en-evaluacion,sut/backend/src/wallet/crypto/bip39.ts:60,export function canonicalMnemonicForValidation(mnemonic: string): string {,,CORRECTO,1,"BIP-39: ENT 128–256, checksum SHA-256 ENT/32, wordlist inglés 2048, PBKDF2-HMAC-SHA512 2048 iter, seed 64 B, NFKD (corpus/documentos/bip-0039.mediawiki «Generating the mnemonic» y «From mnemonic to seed»; wordlist corpus/documentos/bip-0039-wordlist-english.txt, SHA-256 2f5eed53…24dbda). 24 palabras = política HU-06-01 RN-1, no exclusividad del estándar (§2.6).",
K-235,,celda-en-evaluacion,sut/backend/src/wallet/crypto/bip39.ts:61,"return normalizeMnemonic(mnemonic).trim().replace(/\s+/gu, ' ');",,CORRECTO,1,"BIP-39: ENT 128–256, checksum SHA-256 ENT/32, wordlist inglés 2048, PBKDF2-HMAC-SHA512 2048 iter, seed 64 B, NFKD (corpus/documentos/bip-0039.mediawiki «Generating the mnemonic» y «From mnemonic to seed»; wordlist corpus/documentos/bip-0039-wordlist-english.txt, SHA-256 2f5eed53…24dbda). 24 palabras = política HU-06-01 RN-1, no exclusividad del estándar (§2.6).",
K-236,,celda-en-evaluacion,sut/backend/src/wallet/crypto/bip39.ts:64,"/** Normaliza la passphrase a NFKD (BIP-39, «From mnemonic to seed»). */",,CORRECTO,1,"BIP-39: ENT 128–256, checksum SHA-256 ENT/32, wordlist inglés 2048, PBKDF2-HMAC-SHA512 2048 iter, seed 64 B, NFKD (corpus/documentos/bip-0039.mediawiki «Generating the mnemonic» y «From mnemonic to seed»; wordlist corpus/documentos/bip-0039-wordlist-english.txt, SHA-256 2f5eed53…24dbda). 24 palabras = política HU-06-01 RN-1, no exclusividad del estándar (§2.6).",
K-237,,celda-en-evaluacion,sut/backend/src/wallet/crypto/bip39.ts:69,/** Divide un mnemonic ya normalizado en sus palabras. */,,CORRECTO,1,"BIP-39: ENT 128–256, checksum SHA-256 ENT/32, wordlist inglés 2048, PBKDF2-HMAC-SHA512 2048 iter, seed 64 B, NFKD (corpus/documentos/bip-0039.mediawiki «Generating the mnemonic» y «From mnemonic to seed»; wordlist corpus/documentos/bip-0039-wordlist-english.txt, SHA-256 2f5eed53…24dbda). 24 palabras = política HU-06-01 RN-1, no exclusividad del estándar (§2.6).",
K-238,,celda-en-evaluacion,sut/backend/src/wallet/crypto/bip39.ts:91,* Checksum BIP-39: los primeros `ENT / 32` bits de `SHA-256(entropía)`.,,CORRECTO,1,"Checksum EIP-55/ERC-55: Keccak-256 sobre el hex ASCII en minúsculas sin `0x`; nibble ≥ 8 (o > 7) ⇒ mayúscula. Vectores oficiales All caps / All Lower / Normal (corpus/documentos/erc-55.md, Specification, Implementation y Test Cases).",
K-239,,celda-en-evaluacion,sut/backend/src/wallet/crypto/bip39.ts:94,function checksumBits(entropy: Uint8Array): string {,,CORRECTO,1,"Checksum EIP-55/ERC-55: Keccak-256 sobre el hex ASCII en minúsculas sin `0x`; nibble ≥ 8 (o > 7) ⇒ mayúscula. Vectores oficiales All caps / All Lower / Normal (corpus/documentos/erc-55.md, Specification, Implementation y Test Cases).",
K-240,,celda-en-evaluacion,sut/backend/src/wallet/crypto/bip39.ts:95,const checksumLength = (entropy.length * 8) / 32;,,CORRECTO,1,"Checksum EIP-55/ERC-55: Keccak-256 sobre el hex ASCII en minúsculas sin `0x`; nibble ≥ 8 (o > 7) ⇒ mayúscula. Vectores oficiales All caps / All Lower / Normal (corpus/documentos/erc-55.md, Specification, Implementation y Test Cases).",
K-241,,celda-en-evaluacion,sut/backend/src/wallet/crypto/bip39.ts:96,"return bytesToBinary(sha256(entropy)).slice(0, checksumLength);",,CORRECTO,1,"Checksum EIP-55/ERC-55: Keccak-256 sobre el hex ASCII en minúsculas sin `0x`; nibble ≥ 8 (o > 7) ⇒ mayúscula. Vectores oficiales All caps / All Lower / Normal (corpus/documentos/erc-55.md, Specification, Implementation y Test Cases).",
K-242,,celda-en-evaluacion,sut/backend/src/wallet/crypto/bip39.ts:100,* Codifica entropía como mnemonic BIP-39 (sección «Generating the mnemonic»):,,CORRECTO,1,"BIP-39: ENT 128–256, checksum SHA-256 ENT/32, wordlist inglés 2048, PBKDF2-HMAC-SHA512 2048 iter, seed 64 B, NFKD (corpus/documentos/bip-0039.mediawiki «Generating the mnemonic» y «From mnemonic to seed»; wordlist corpus/documentos/bip-0039-wordlist-english.txt, SHA-256 2f5eed53…24dbda). 24 palabras = política HU-06-01 RN-1, no exclusividad del estándar (§2.6).",
K-243,,celda-en-evaluacion,sut/backend/src/wallet/crypto/bip39.ts:101,"* entropía ‖ checksum, partido en grupos de 11 bits que indexan el wordlist inglés.",,CORRECTO,1,"Checksum EIP-55/ERC-55: Keccak-256 sobre el hex ASCII en minúsculas sin `0x`; nibble ≥ 8 (o > 7) ⇒ mayúscula. Vectores oficiales All caps / All Lower / Normal (corpus/documentos/erc-55.md, Specification, Implementation y Test Cases).",
K-244,,celda-en-evaluacion,sut/backend/src/wallet/crypto/bip39.ts:104,export function entropyToMnemonic(entropy: Uint8Array): string {,,CORRECTO,1,"BIP-39: ENT 128–256, checksum SHA-256 ENT/32, wordlist inglés 2048, PBKDF2-HMAC-SHA512 2048 iter, seed 64 B, NFKD (corpus/documentos/bip-0039.mediawiki «Generating the mnemonic» y «From mnemonic to seed»; wordlist corpus/documentos/bip-0039-wordlist-english.txt, SHA-256 2f5eed53…24dbda). 24 palabras = política HU-06-01 RN-1, no exclusividad del estándar (§2.6).",
K-245,,celda-en-evaluacion,sut/backend/src/wallet/crypto/bip39.ts:108,"`Entropía BIP-39 inválida: ${entropyBits} bits (admitidos: ${ALLOWED_ENTROPY_BITS.join(', ')}).`,",,CORRECTO,1,"BIP-39: ENT 128–256, checksum SHA-256 ENT/32, wordlist inglés 2048, PBKDF2-HMAC-SHA512 2048 iter, seed 64 B, NFKD (corpus/documentos/bip-0039.mediawiki «Generating the mnemonic» y «From mnemonic to seed»; wordlist corpus/documentos/bip-0039-wordlist-english.txt, SHA-256 2f5eed53…24dbda). 24 palabras = política HU-06-01 RN-1, no exclusividad del estándar (§2.6).",
K-246,,celda-en-evaluacion,sut/backend/src/wallet/crypto/bip39.ts:111,const bits = bytesToBinary(entropy) + checksumBits(entropy);,,CORRECTO,1,"Checksum EIP-55/ERC-55: Keccak-256 sobre el hex ASCII en minúsculas sin `0x`; nibble ≥ 8 (o > 7) ⇒ mayúscula. Vectores oficiales All caps / All Lower / Normal (corpus/documentos/erc-55.md, Specification, Implementation y Test Cases).",
K-247,,celda-en-evaluacion,sut/backend/src/wallet/crypto/bip39.ts:115,const word = ENGLISH_WORDLIST[index];,,CORRECTO,1,"BIP-39: ENT 128–256, checksum SHA-256 ENT/32, wordlist inglés 2048, PBKDF2-HMAC-SHA512 2048 iter, seed 64 B, NFKD (corpus/documentos/bip-0039.mediawiki «Generating the mnemonic» y «From mnemonic to seed»; wordlist corpus/documentos/bip-0039-wordlist-english.txt, SHA-256 2f5eed53…24dbda). 24 palabras = política HU-06-01 RN-1, no exclusividad del estándar (§2.6).",
K-248,,celda-en-evaluacion,sut/backend/src/wallet/crypto/bip39.ts:116,// Invariante: el wordlist tiene exactamente 2048 entradas y 11 bits ⇒ índice < 2048.,,CORRECTO,1,"BIP-39: ENT 128–256, checksum SHA-256 ENT/32, wordlist inglés 2048, PBKDF2-HMAC-SHA512 2048 iter, seed 64 B, NFKD (corpus/documentos/bip-0039.mediawiki «Generating the mnemonic» y «From mnemonic to seed»; wordlist corpus/documentos/bip-0039-wordlist-english.txt, SHA-256 2f5eed53…24dbda). 24 palabras = política HU-06-01 RN-1, no exclusividad del estándar (§2.6).",
K-249,,celda-en-evaluacion,sut/backend/src/wallet/crypto/bip39.ts:117,if (word === undefined) throw new Error('Índice fuera del wordlist BIP-39.');,,CORRECTO,1,"BIP-39: ENT 128–256, checksum SHA-256 ENT/32, wordlist inglés 2048, PBKDF2-HMAC-SHA512 2048 iter, seed 64 B, NFKD (corpus/documentos/bip-0039.mediawiki «Generating the mnemonic» y «From mnemonic to seed»; wordlist corpus/documentos/bip-0039-wordlist-english.txt, SHA-256 2f5eed53…24dbda). 24 palabras = política HU-06-01 RN-1, no exclusividad del estándar (§2.6).",
K-250,,celda-en-evaluacion,sut/backend/src/wallet/crypto/bip39.ts:124,* Genera un mnemonic BIP-39 nuevo a partir de entropía del CSPRNG del sistema operativo,,CORRECTO,1,"BIP-39: ENT 128–256, checksum SHA-256 ENT/32, wordlist inglés 2048, PBKDF2-HMAC-SHA512 2048 iter, seed 64 B, NFKD (corpus/documentos/bip-0039.mediawiki «Generating the mnemonic» y «From mnemonic to seed»; wordlist corpus/documentos/bip-0039-wordlist-english.txt, SHA-256 2f5eed53…24dbda). 24 palabras = política HU-06-01 RN-1, no exclusividad del estándar (§2.6).",
K-251,,celda-en-evaluacion,sut/backend/src/wallet/crypto/bip39.ts:127,export function generateMnemonic(entropyBits: number = PROJECT_ENTROPY_BITS): string {,,CORRECTO,1,"BIP-39: ENT 128–256, checksum SHA-256 ENT/32, wordlist inglés 2048, PBKDF2-HMAC-SHA512 2048 iter, seed 64 B, NFKD (corpus/documentos/bip-0039.mediawiki «Generating the mnemonic» y «From mnemonic to seed»; wordlist corpus/documentos/bip-0039-wordlist-english.txt, SHA-256 2f5eed53…24dbda). 24 palabras = política HU-06-01 RN-1, no exclusividad del estándar (§2.6).",
K-252,,celda-en-evaluacion,sut/backend/src/wallet/crypto/bip39.ts:130,"`Entropía BIP-39 inválida: ${entropyBits} bits (admitidos: ${ALLOWED_ENTROPY_BITS.join(', ')}).`,",,CORRECTO,1,"BIP-39: ENT 128–256, checksum SHA-256 ENT/32, wordlist inglés 2048, PBKDF2-HMAC-SHA512 2048 iter, seed 64 B, NFKD (corpus/documentos/bip-0039.mediawiki «Generating the mnemonic» y «From mnemonic to seed»; wordlist corpus/documentos/bip-0039-wordlist-english.txt, SHA-256 2f5eed53…24dbda). 24 palabras = política HU-06-01 RN-1, no exclusividad del estándar (§2.6).",
K-253,,celda-en-evaluacion,sut/backend/src/wallet/crypto/bip39.ts:133,return entropyToMnemonic(new Uint8Array(randomBytes(entropyBits / 8)));,,CORRECTO,1,"BIP-39: ENT 128–256, checksum SHA-256 ENT/32, wordlist inglés 2048, PBKDF2-HMAC-SHA512 2048 iter, seed 64 B, NFKD (corpus/documentos/bip-0039.mediawiki «Generating the mnemonic» y «From mnemonic to seed»; wordlist corpus/documentos/bip-0039-wordlist-english.txt, SHA-256 2f5eed53…24dbda). 24 palabras = política HU-06-01 RN-1, no exclusividad del estándar (§2.6).",
K-254,,celda-en-evaluacion,sut/backend/src/wallet/crypto/bip39.ts:137,"* Valida un mnemonic según HU-06-01 RN-2, en este orden estricto:",,CORRECTO,1,"BIP-39: ENT 128–256, checksum SHA-256 ENT/32, wordlist inglés 2048, PBKDF2-HMAC-SHA512 2048 iter, seed 64 B, NFKD (corpus/documentos/bip-0039.mediawiki «Generating the mnemonic» y «From mnemonic to seed»; wordlist corpus/documentos/bip-0039-wordlist-english.txt, SHA-256 2f5eed53…24dbda). 24 palabras = política HU-06-01 RN-1, no exclusividad del estándar (§2.6).",
K-255,,celda-en-evaluacion,sut/backend/src/wallet/crypto/bip39.ts:139,*                    12/15/18/21 palabras se rechazan aunque su checksum sea válido);,,CORRECTO,1,"Checksum EIP-55/ERC-55: Keccak-256 sobre el hex ASCII en minúsculas sin `0x`; nibble ≥ 8 (o > 7) ⇒ mayúscula. Vectores oficiales All caps / All Lower / Normal (corpus/documentos/erc-55.md, Specification, Implementation y Test Cases).",
K-256,,celda-en-evaluacion,sut/backend/src/wallet/crypto/bip39.ts:140,*   (b) `WORDLIST` — todas las palabras pertenecen al wordlist BIP-39 inglés;,,CORRECTO,1,"BIP-39: ENT 128–256, checksum SHA-256 ENT/32, wordlist inglés 2048, PBKDF2-HMAC-SHA512 2048 iter, seed 64 B, NFKD (corpus/documentos/bip-0039.mediawiki «Generating the mnemonic» y «From mnemonic to seed»; wordlist corpus/documentos/bip-0039-wordlist-english.txt, SHA-256 2f5eed53…24dbda). 24 palabras = política HU-06-01 RN-1, no exclusividad del estándar (§2.6).",
K-257,,celda-en-evaluacion,sut/backend/src/wallet/crypto/bip39.ts:141,*   (c) `CHECKSUM` — el checksum BIP-39 verifica.,,CORRECTO,1,"Checksum EIP-55/ERC-55: Keccak-256 sobre el hex ASCII en minúsculas sin `0x`; nibble ≥ 8 (o > 7) ⇒ mayúscula. Vectores oficiales All caps / All Lower / Normal (corpus/documentos/erc-55.md, Specification, Implementation y Test Cases).",
K-258,,celda-en-evaluacion,sut/backend/src/wallet/crypto/bip39.ts:144,* BIP-39 puro. `mnemonicToSeed` es deliberadamente independiente de ella (BIP-39: «la,,CORRECTO,1,"BIP-39: ENT 128–256, checksum SHA-256 ENT/32, wordlist inglés 2048, PBKDF2-HMAC-SHA512 2048 iter, seed 64 B, NFKD (corpus/documentos/bip-0039.mediawiki «Generating the mnemonic» y «From mnemonic to seed»; wordlist corpus/documentos/bip-0039-wordlist-english.txt, SHA-256 2f5eed53…24dbda). 24 palabras = política HU-06-01 RN-1, no exclusividad del estándar (§2.6).",
K-259,,celda-en-evaluacion,sut/backend/src/wallet/crypto/bip39.ts:145,* conversión del mnemonic a seed binaria es completamente independiente de la generación,,CORRECTO,1,"BIP-39: ENT 128–256, checksum SHA-256 ENT/32, wordlist inglés 2048, PBKDF2-HMAC-SHA512 2048 iter, seed 64 B, NFKD (corpus/documentos/bip-0039.mediawiki «Generating the mnemonic» y «From mnemonic to seed»; wordlist corpus/documentos/bip-0039-wordlist-english.txt, SHA-256 2f5eed53…24dbda). 24 palabras = política HU-06-01 RN-1, no exclusividad del estándar (§2.6).",
K-260,,celda-en-evaluacion,sut/backend/src/wallet/crypto/bip39.ts:148,export function validateMnemonic(mnemonic: string): MnemonicValidation {,,CORRECTO,1,"BIP-39: ENT 128–256, checksum SHA-256 ENT/32, wordlist inglés 2048, PBKDF2-HMAC-SHA512 2048 iter, seed 64 B, NFKD (corpus/documentos/bip-0039.mediawiki «Generating the mnemonic» y «From mnemonic to seed»; wordlist corpus/documentos/bip-0039-wordlist-english.txt, SHA-256 2f5eed53…24dbda). 24 palabras = política HU-06-01 RN-1, no exclusividad del estándar (§2.6).",
K-261,,celda-en-evaluacion,sut/backend/src/wallet/crypto/bip39.ts:149,const words = splitWords(canonicalMnemonicForValidation(mnemonic));,,CORRECTO,1,"BIP-39: ENT 128–256, checksum SHA-256 ENT/32, wordlist inglés 2048, PBKDF2-HMAC-SHA512 2048 iter, seed 64 B, NFKD (corpus/documentos/bip-0039.mediawiki «Generating the mnemonic» y «From mnemonic to seed»; wordlist corpus/documentos/bip-0039-wordlist-english.txt, SHA-256 2f5eed53…24dbda). 24 palabras = política HU-06-01 RN-1, no exclusividad del estándar (§2.6).",
K-262,,celda-en-evaluacion,sut/backend/src/wallet/crypto/bip39.ts:152,"if (words.length !== PROJECT_MNEMONIC_WORDS) return { ok: false, reason: 'LENGTH' };",,CORRECTO,1,"BIP-39: ENT 128–256, checksum SHA-256 ENT/32, wordlist inglés 2048, PBKDF2-HMAC-SHA512 2048 iter, seed 64 B, NFKD (corpus/documentos/bip-0039.mediawiki «Generating the mnemonic» y «From mnemonic to seed»; wordlist corpus/documentos/bip-0039-wordlist-english.txt, SHA-256 2f5eed53…24dbda). 24 palabras = política HU-06-01 RN-1, no exclusividad del estándar (§2.6).",
K-263,,celda-en-evaluacion,sut/backend/src/wallet/crypto/bip39.ts:154,// (b) wordlist,,CORRECTO,1,"BIP-39: ENT 128–256, checksum SHA-256 ENT/32, wordlist inglés 2048, PBKDF2-HMAC-SHA512 2048 iter, seed 64 B, NFKD (corpus/documentos/bip-0039.mediawiki «Generating the mnemonic» y «From mnemonic to seed»; wordlist corpus/documentos/bip-0039-wordlist-english.txt, SHA-256 2f5eed53…24dbda). 24 palabras = política HU-06-01 RN-1, no exclusividad del estándar (§2.6).",
K-264,,celda-en-evaluacion,sut/backend/src/wallet/crypto/bip39.ts:157,const index = WORDLIST_INDEX.get(word);,,CORRECTO,1,"BIP-39: ENT 128–256, checksum SHA-256 ENT/32, wordlist inglés 2048, PBKDF2-HMAC-SHA512 2048 iter, seed 64 B, NFKD (corpus/documentos/bip-0039.mediawiki «Generating the mnemonic» y «From mnemonic to seed»; wordlist corpus/documentos/bip-0039-wordlist-english.txt, SHA-256 2f5eed53…24dbda). 24 palabras = política HU-06-01 RN-1, no exclusividad del estándar (§2.6).",
K-265,,celda-en-evaluacion,sut/backend/src/wallet/crypto/bip39.ts:158,"if (index === undefined) return { ok: false, reason: 'WORDLIST' };",,CORRECTO,1,"BIP-39: ENT 128–256, checksum SHA-256 ENT/32, wordlist inglés 2048, PBKDF2-HMAC-SHA512 2048 iter, seed 64 B, NFKD (corpus/documentos/bip-0039.mediawiki «Generating the mnemonic» y «From mnemonic to seed»; wordlist corpus/documentos/bip-0039-wordlist-english.txt, SHA-256 2f5eed53…24dbda). 24 palabras = política HU-06-01 RN-1, no exclusividad del estándar (§2.6).",
K-266,,celda-en-evaluacion,sut/backend/src/wallet/crypto/bip39.ts:162,// (c) checksum,,CORRECTO,1,"Checksum EIP-55/ERC-55: Keccak-256 sobre el hex ASCII en minúsculas sin `0x`; nibble ≥ 8 (o > 7) ⇒ mayúscula. Vectores oficiales All caps / All Lower / Normal (corpus/documentos/erc-55.md, Specification, Implementation y Test Cases).",
K-267,,celda-en-evaluacion,sut/backend/src/wallet/crypto/bip39.ts:167,if (bits.slice(entropyLength) !== checksumBits(entropy)) {,,CORRECTO,1,"Checksum EIP-55/ERC-55: Keccak-256 sobre el hex ASCII en minúsculas sin `0x`; nibble ≥ 8 (o > 7) ⇒ mayúscula. Vectores oficiales All caps / All Lower / Normal (corpus/documentos/erc-55.md, Specification, Implementation y Test Cases).",
K-268,,celda-en-evaluacion,sut/backend/src/wallet/crypto/bip39.ts:168,"return { ok: false, reason: 'CHECKSUM' };",,CORRECTO,1,"Checksum EIP-55/ERC-55: Keccak-256 sobre el hex ASCII en minúsculas sin `0x`; nibble ≥ 8 (o > 7) ⇒ mayúscula. Vectores oficiales All caps / All Lower / Normal (corpus/documentos/erc-55.md, Specification, Implementation y Test Cases).",
K-269,,celda-en-evaluacion,sut/backend/src/wallet/crypto/bip39.ts:175,"* Deriva la seed binaria de 512 bits (64 bytes), raíz de la wallet BIP-32",,CORRECTO,1,"BIP-32: I = HMAC-SHA512(key=""Bitcoin seed"", data=S); CKDpriv hardened (`0x00‖ser256(k)‖ser32(i)`) / normal (`serP‖ser32(i)`); si parse256(I_L) ≥ n o k_i = 0, «proceed with the next value for i» (corpus/documentos/bip-0032.mediawiki, Master key generation y Private parent key → private child key).",
K-270,,celda-en-evaluacion,sut/backend/src/wallet/crypto/bip39.ts:178,"*   `PBKDF2(HMAC-SHA512, password = mnemonic_NFKD, salt = ""mnemonic"" + passphrase_NFKD,",,CORRECTO,1,"BIP-39: ENT 128–256, checksum SHA-256 ENT/32, wordlist inglés 2048, PBKDF2-HMAC-SHA512 2048 iter, seed 64 B, NFKD (corpus/documentos/bip-0039.mediawiki «Generating the mnemonic» y «From mnemonic to seed»; wordlist corpus/documentos/bip-0039-wordlist-english.txt, SHA-256 2f5eed53…24dbda). 24 palabras = política HU-06-01 RN-1, no exclusividad del estándar (§2.6).",
K-271,,celda-en-evaluacion,sut/backend/src/wallet/crypto/bip39.ts:181,* Es el **algoritmo BIP-39 puro**: no aplica la política de 24 palabras de,,CORRECTO,1,"BIP-39: ENT 128–256, checksum SHA-256 ENT/32, wordlist inglés 2048, PBKDF2-HMAC-SHA512 2048 iter, seed 64 B, NFKD (corpus/documentos/bip-0039.mediawiki «Generating the mnemonic» y «From mnemonic to seed»; wordlist corpus/documentos/bip-0039-wordlist-english.txt, SHA-256 2f5eed53…24dbda). 24 palabras = política HU-06-01 RN-1, no exclusividad del estándar (§2.6).",
K-272,,celda-en-evaluacion,sut/backend/src/wallet/crypto/bip39.ts:182,"* {@link validateMnemonic}, por lo que funciona con cualquier mnemonic bien formado",,CORRECTO,1,"BIP-39: ENT 128–256, checksum SHA-256 ENT/32, wordlist inglés 2048, PBKDF2-HMAC-SHA512 2048 iter, seed 64 B, NFKD (corpus/documentos/bip-0039.mediawiki «Generating the mnemonic» y «From mnemonic to seed»; wordlist corpus/documentos/bip-0039-wordlist-english.txt, SHA-256 2f5eed53…24dbda). 24 palabras = política HU-06-01 RN-1, no exclusividad del estándar (§2.6).",
K-273,,celda-en-evaluacion,sut/backend/src/wallet/crypto/bip39.ts:185,"export function mnemonicToSeed(mnemonic: string, passphrase = ''): Uint8Array {",,CORRECTO,1,"BIP-39: ENT 128–256, checksum SHA-256 ENT/32, wordlist inglés 2048, PBKDF2-HMAC-SHA512 2048 iter, seed 64 B, NFKD (corpus/documentos/bip-0039.mediawiki «Generating the mnemonic» y «From mnemonic to seed»; wordlist corpus/documentos/bip-0039-wordlist-english.txt, SHA-256 2f5eed53…24dbda). 24 palabras = política HU-06-01 RN-1, no exclusividad del estándar (§2.6).",
K-274,,celda-en-evaluacion,sut/backend/src/wallet/crypto/bip39.ts:186,const password = utf8.encode(normalizeMnemonic(mnemonic));,,CORRECTO,1,"BIP-39: ENT 128–256, checksum SHA-256 ENT/32, wordlist inglés 2048, PBKDF2-HMAC-SHA512 2048 iter, seed 64 B, NFKD (corpus/documentos/bip-0039.mediawiki «Generating the mnemonic» y «From mnemonic to seed»; wordlist corpus/documentos/bip-0039-wordlist-english.txt, SHA-256 2f5eed53…24dbda). 24 palabras = política HU-06-01 RN-1, no exclusividad del estándar (§2.6).",
K-275,,celda-en-evaluacion,sut/backend/src/wallet/crypto/derivation.ts:3,"* depósito Ethereum, siguiendo el path BIP-44 estándar de Ethereum.",,CORRECTO,1,"Path BIP-44 `m/purpose'/coin_type'/account'/change/address_index` con purpose 44' y change 0 = cadena externa (corpus/documentos/bip-0044.mediawiki, Path levels). coin type 60 (Ethereum) lo fija spec/00-fundaciones/activos-y-par-de-trading.md §1; BIP-44 remite el registro a SLIP-0044 (§2.6).",
K-276,,celda-en-evaluacion,sut/backend/src/wallet/crypto/derivation.ts:5,"* Fuente normativa: BIP-32, BIP-44 (coin type 60 / SLIP-44), EIP-55.",,CORRECTO,1,"Checksum EIP-55/ERC-55: Keccak-256 sobre el hex ASCII en minúsculas sin `0x`; nibble ≥ 8 (o > 7) ⇒ mayúscula. Vectores oficiales All caps / All Lower / Normal (corpus/documentos/erc-55.md, Specification, Implementation y Test Cases).",
K-277,,celda-en-evaluacion,sut/backend/src/wallet/crypto/derivation.ts:6,"* Spec del proyecto: HU-06-02 RN-2 (path `m/44'/60'/0'/0/address_index`),",,CORRECTO,1,"Path BIP-44 `m/purpose'/coin_type'/account'/change/address_index` con purpose 44' y change 0 = cadena externa (corpus/documentos/bip-0044.mediawiki, Path levels). coin type 60 (Ethereum) lo fija spec/00-fundaciones/activos-y-par-de-trading.md §1; BIP-44 remite el registro a SLIP-0044 (§2.6).",
K-278,,celda-en-evaluacion,sut/backend/src/wallet/crypto/derivation.ts:7,"* RN-4 (dirección + checksum EIP-55), RN-5 (determinismo / INV-8),",,CORRECTO,1,"Checksum EIP-55/ERC-55: Keccak-256 sobre el hex ASCII en minúsculas sin `0x`; nibble ≥ 8 (o > 7) ⇒ mayúscula. Vectores oficiales All caps / All Lower / Normal (corpus/documentos/erc-55.md, Specification, Implementation y Test Cases).",
K-279,,celda-en-evaluacion,sut/backend/src/wallet/crypto/derivation.ts:9,* y RN-9 (rango no-hardened del `address_index`); HU-06-03 RN-1 y RN-13.,,CORRECTO,1,"BIP-32: I = HMAC-SHA512(key=""Bitcoin seed"", data=S); CKDpriv hardened (`0x00‖ser256(k)‖ser32(i)`) / normal (`serP‖ser32(i)`); si parse256(I_L) ≥ n o k_i = 0, «proceed with the next value for i» (corpus/documentos/bip-0032.mediawiki, Master key generation y Private parent key → private child key).",
K-280,,celda-en-evaluacion,sut/backend/src/wallet/crypto/derivation.ts:13,"import { HARDENED_OFFSET, InvalidChildKeyError, derivePath, publicKeyXY } from './bip32.js';",,CORRECTO,1,"BIP-32: I = HMAC-SHA512(key=""Bitcoin seed"", data=S); CKDpriv hardened (`0x00‖ser256(k)‖ser32(i)`) / normal (`serP‖ser32(i)`); si parse256(I_L) ≥ n o k_i = 0, «proceed with the next value for i» (corpus/documentos/bip-0032.mediawiki, Master key generation y Private parent key → private child key).",
K-281,,celda-en-evaluacion,sut/backend/src/wallet/crypto/derivation.ts:15,"/** Path base BIP-44 de Ethereum, sin el `address_index` (HU-06-02 RN-2). */",,CORRECTO,1,"Path BIP-44 `m/purpose'/coin_type'/account'/change/address_index` con purpose 44' y change 0 = cadena externa (corpus/documentos/bip-0044.mediawiki, Path levels). coin type 60 (Ethereum) lo fija spec/00-fundaciones/activos-y-par-de-trading.md §1; BIP-44 remite el registro a SLIP-0044 (§2.6).",
K-282,,celda-en-evaluacion,sut/backend/src/wallet/crypto/derivation.ts:16,"export const ETHEREUM_BASE_PATH = ""m/44'/60'/0'/0"";",,CORRECTO,1,"Path BIP-44 `m/purpose'/coin_type'/account'/change/address_index` con purpose 44' y change 0 = cadena externa (corpus/documentos/bip-0044.mediawiki, Path levels). coin type 60 (Ethereum) lo fija spec/00-fundaciones/activos-y-par-de-trading.md §1; BIP-44 remite el registro a SLIP-0044 (§2.6).",
K-283,,celda-en-evaluacion,sut/backend/src/wallet/crypto/derivation.ts:19,* Nivel (1-based) que ocupa el `address_index` dentro de `m/44'/60'/0'/0/{address_index}`.,,CORRECTO,1,"Path BIP-44 `m/purpose'/coin_type'/account'/change/address_index` con purpose 44' y change 0 = cadena externa (corpus/documentos/bip-0044.mediawiki, Path levels). coin type 60 (Ethereum) lo fija spec/00-fundaciones/activos-y-par-de-trading.md §1; BIP-44 remite el registro a SLIP-0044 (§2.6).",
K-284,,celda-en-evaluacion,sut/backend/src/wallet/crypto/derivation.ts:20,"* Los niveles 1..4 (`44'`, `60'`, `0'`, `0`) son **fijos** por BIP-44: su cómputo HMAC no",,CORRECTO,1,"Path BIP-44 `m/purpose'/coin_type'/account'/change/address_index` con purpose 44' y change 0 = cadena externa (corpus/documentos/bip-0044.mediawiki, Path levels). coin type 60 (Ethereum) lo fija spec/00-fundaciones/activos-y-par-de-trading.md §1; BIP-44 remite el registro a SLIP-0044 (§2.6).",
K-285,,celda-en-evaluacion,sut/backend/src/wallet/crypto/derivation.ts:25,/** Coin type de Ethereum según SLIP-44 (00-fundaciones/activos-y-par-de-trading §1). */,,CORRECTO,1,"Path BIP-44 `m/purpose'/coin_type'/account'/change/address_index` con purpose 44' y change 0 = cadena externa (corpus/documentos/bip-0044.mediawiki, Path levels). coin type 60 (Ethereum) lo fija spec/00-fundaciones/activos-y-par-de-trading.md §1; BIP-44 remite el registro a SLIP-0044 (§2.6).",
K-286,,celda-en-evaluacion,sut/backend/src/wallet/crypto/derivation.ts:26,export const COIN_TYPE = 60;,,CORRECTO,1,"Path BIP-44 `m/purpose'/coin_type'/account'/change/address_index` con purpose 44' y change 0 = cadena externa (corpus/documentos/bip-0044.mediawiki, Path levels). coin type 60 (Ethereum) lo fija spec/00-fundaciones/activos-y-par-de-trading.md §1; BIP-44 remite el registro a SLIP-0044 (§2.6).",
K-287,,celda-en-evaluacion,sut/backend/src/wallet/crypto/derivation.ts:28,"/** chainId de la red única del proyecto: Sepolia (HU-06-02 RN-7, INV-6). */",,CORRECTO,1,Sepolia chainId 11155111 es constante de spec/00-fundaciones/activos-y-par-de-trading.md §1; no se afirma un chainId distinto ni una red equivocada como Sepolia (C4 no aplica). §2.6.,
K-288,,celda-en-evaluacion,sut/backend/src/wallet/crypto/derivation.ts:29,export const CHAIN_ID = 11_155_111;,,CORRECTO,1,Sepolia chainId 11155111 es constante de spec/00-fundaciones/activos-y-par-de-trading.md §1; no se afirma un chainId distinto ni una red equivocada como Sepolia (C4 no aplica). §2.6.,
K-289,,celda-en-evaluacion,sut/backend/src/wallet/crypto/derivation.ts:31,/** Último índice del espacio **no-hardened** de BIP-32: 2³¹ − 1 (HU-06-02 RN-9). */,,CORRECTO,1,"BIP-32: I = HMAC-SHA512(key=""Bitcoin seed"", data=S); CKDpriv hardened (`0x00‖ser256(k)‖ser32(i)`) / normal (`serP‖ser32(i)`); si parse256(I_L) ≥ n o k_i = 0, «proceed with the next value for i» (corpus/documentos/bip-0032.mediawiki, Master key generation y Private parent key → private child key).",
K-290,,celda-en-evaluacion,sut/backend/src/wallet/crypto/derivation.ts:32,export const MAX_ADDRESS_INDEX = HARDENED_OFFSET - 1;,,CORRECTO,1,"BIP-32: I = HMAC-SHA512(key=""Bitcoin seed"", data=S); CKDpriv hardened (`0x00‖ser256(k)‖ser32(i)`) / normal (`serP‖ser32(i)`); si parse256(I_L) ≥ n o k_i = 0, «proceed with the next value for i» (corpus/documentos/bip-0032.mediawiki, Master key generation y Private parent key → private child key).",
K-291,,celda-en-evaluacion,sut/backend/src/wallet/crypto/derivation.ts:38,readonly derivationPath: string;,,CORRECTO,1,"Keccak-256 / secp256k1 usados como en HU-06-02 RN-4 (dirección = últimos 20 B de Keccak-256(X‖Y)) y BIP-32 (corpus/documentos/bip-0032.mediawiki, curva secp256k1; corpus/documentos/erc-55.md usa Keccak-256). Sin fórmula atribuida de más al estándar. §2.6.",
K-292,,celda-en-evaluacion,sut/backend/src/wallet/crypto/derivation.ts:42,/** Path completo `m/44'/60'/0'/0/{addressIndex}` para un índice ya validado. */,,CORRECTO,1,"Path BIP-44 `m/purpose'/coin_type'/account'/change/address_index` con purpose 44' y change 0 = cadena externa (corpus/documentos/bip-0044.mediawiki, Path levels). coin type 60 (Ethereum) lo fija spec/00-fundaciones/activos-y-par-de-trading.md §1; BIP-44 remite el registro a SLIP-0044 (§2.6).",
K-293,,celda-en-evaluacion,sut/backend/src/wallet/crypto/derivation.ts:43,export function derivationPathFor(addressIndex: number): string {,,CORRECTO,1,"Keccak-256 / secp256k1 usados como en HU-06-02 RN-4 (dirección = últimos 20 B de Keccak-256(X‖Y)) y BIP-32 (corpus/documentos/bip-0032.mediawiki, curva secp256k1; corpus/documentos/erc-55.md usa Keccak-256). Sin fórmula atribuida de más al estándar. §2.6.",
K-294,,celda-en-evaluacion,sut/backend/src/wallet/crypto/derivation.ts:50,"* `>= 2³¹` produciría silenciosamente una derivación hardened, así que se rechaza con",,CORRECTO,1,"BIP-32: I = HMAC-SHA512(key=""Bitcoin seed"", data=S); CKDpriv hardened (`0x00‖ser256(k)‖ser32(i)`) / normal (`serP‖ser32(i)`); si parse256(I_L) ≥ n o k_i = 0, «proceed with the next value for i» (corpus/documentos/bip-0032.mediawiki, Master key generation y Private parent key → private child key).",
K-295,,celda-en-evaluacion,sut/backend/src/wallet/crypto/derivation.ts:63,"message: `address_index debe ser un entero en el rango [0, ${MAX_ADDRESS_INDEX}] (espacio no-hardened de BIP-32).`,",,CORRECTO,1,"BIP-32: I = HMAC-SHA512(key=""Bitcoin seed"", data=S); CKDpriv hardened (`0x00‖ser256(k)‖ser32(i)`) / normal (`serP‖ser32(i)`); si parse256(I_L) ≥ n o k_i = 0, «proceed with the next value for i» (corpus/documentos/bip-0032.mediawiki, Master key generation y Private parent key → private child key).",
K-296,,celda-en-evaluacion,sut/backend/src/wallet/crypto/derivation.ts:66,"'address_index fuera del rango no-hardened de BIP-44.',",,CORRECTO,1,"BIP-32: I = HMAC-SHA512(key=""Bitcoin seed"", data=S); CKDpriv hardened (`0x00‖ser256(k)‖ser32(i)`) / normal (`serP‖ser32(i)`); si parse256(I_L) ≥ n o k_i = 0, «proceed with the next value for i» (corpus/documentos/bip-0032.mediawiki, Master key generation y Private parent key → private child key).",
K-297,,celda-en-evaluacion,sut/backend/src/wallet/crypto/derivation.ts:78,* @throws InvalidChildKeyError si algún paso produce una clave BIP-32 inválida (RN-8);,,CORRECTO,1,"BIP-32: I = HMAC-SHA512(key=""Bitcoin seed"", data=S); CKDpriv hardened (`0x00‖ser256(k)‖ser32(i)`) / normal (`serP‖ser32(i)`); si parse256(I_L) ≥ n o k_i = 0, «proceed with the next value for i» (corpus/documentos/bip-0032.mediawiki, Master key generation y Private parent key → private child key).",
K-298,,celda-en-evaluacion,sut/backend/src/wallet/crypto/derivation.ts:82,const derivationPath = derivationPathFor(addressIndex);,,CORRECTO,1,"Keccak-256 / secp256k1 usados como en HU-06-02 RN-4 (dirección = últimos 20 B de Keccak-256(X‖Y)) y BIP-32 (corpus/documentos/bip-0032.mediawiki, curva secp256k1; corpus/documentos/erc-55.md usa Keccak-256). Sin fórmula atribuida de más al estándar. §2.6.",
K-299,,celda-en-evaluacion,sut/backend/src/wallet/crypto/derivation.ts:83,"const node = derivePath(seed, derivationPath);",,CORRECTO,1,"Keccak-256 / secp256k1 usados como en HU-06-02 RN-4 (dirección = últimos 20 B de Keccak-256(X‖Y)) y BIP-32 (corpus/documentos/bip-0032.mediawiki, curva secp256k1; corpus/documentos/erc-55.md usa Keccak-256). Sin fórmula atribuida de más al estándar. §2.6.",
K-300,,celda-en-evaluacion,sut/backend/src/wallet/crypto/derivation.ts:88,"derivationPath,",,CORRECTO,1,"Keccak-256 / secp256k1 usados como en HU-06-02 RN-4 (dirección = últimos 20 B de Keccak-256(X‖Y)) y BIP-32 (corpus/documentos/bip-0032.mediawiki, curva secp256k1; corpus/documentos/erc-55.md usa Keccak-256). Sin fórmula atribuida de más al estándar. §2.6.",
K-301,,celda-en-evaluacion,sut/backend/src/wallet/crypto/derivation.ts:94,* Deriva desde `startIndex` avanzando al índice siguiente cada vez que BIP-32 señaliza una,,CORRECTO,1,"BIP-32: I = HMAC-SHA512(key=""Bitcoin seed"", data=S); CKDpriv hardened (`0x00‖ser256(k)‖ser32(i)`) / normal (`serP‖ser32(i)`); si parse256(I_L) ≥ n o k_i = 0, «proceed with the next value for i» (corpus/documentos/bip-0032.mediawiki, Master key generation y Private parent key → private child key).",
K-302,,celda-en-evaluacion,sut/backend/src/wallet/crypto/derivation.ts:100,* @throws AppError `INTERNAL_ERROR` si se agota el espacio no-hardened (HU-06-03 RN-13).,,CORRECTO,1,"BIP-32: I = HMAC-SHA512(key=""Bitcoin seed"", data=S); CKDpriv hardened (`0x00‖ser256(k)‖ser32(i)`) / normal (`serP‖ser32(i)`); si parse256(I_L) ≥ n o k_i = 0, «proceed with the next value for i» (corpus/documentos/bip-0032.mediawiki, Master key generation y Private parent key → private child key).",
K-303,,celda-en-evaluacion,sut/backend/src/wallet/crypto/derivation.ts:109,"// BIP-32: «one should proceed with the next value for **i**», donde `i` es el índice",,CORRECTO,1,"BIP-32: I = HMAC-SHA512(key=""Bitcoin seed"", data=S); CKDpriv hardened (`0x00‖ser256(k)‖ser32(i)`) / normal (`serP‖ser32(i)`); si parse256(I_L) ≥ n o k_i = 0, «proceed with the next value for i» (corpus/documentos/bip-0032.mediawiki, Master key generation y Private parent key → private child key).",
K-304,,celda-en-evaluacion,sut/backend/src/wallet/crypto/derivation.ts:120,"// BIP-44, su entrada HMAC no depende del `address_index` y reintentar reproduciría el",,CORRECTO,1,"Path BIP-44 `m/purpose'/coin_type'/account'/change/address_index` con purpose 44' y change 0 = cadena externa (corpus/documentos/bip-0044.mediawiki, Path levels). coin type 60 (Ethereum) lo fija spec/00-fundaciones/activos-y-par-de-trading.md §1; BIP-44 remite el registro a SLIP-0044 (§2.6).",
K-305,,celda-en-evaluacion,sut/backend/src/wallet/crypto/derivation.ts:125,`Derivación BIP-44 imposible: el nivel fijo ${error.depth ?? '?'} del path ` +,,CORRECTO,1,"Path BIP-44 `m/purpose'/coin_type'/account'/change/address_index` con purpose 44' y change 0 = cadena externa (corpus/documentos/bip-0044.mediawiki, Path levels). coin type 60 (Ethereum) lo fija spec/00-fundaciones/activos-y-par-de-trading.md §1; BIP-44 remite el registro a SLIP-0044 (§2.6).",
K-306,,celda-en-evaluacion,sut/backend/src/wallet/crypto/derivation.ts:126,"`${ETHEREUM_BASE_PATH} produce una clave BIP-32 inválida con este seed.`,",,CORRECTO,1,"BIP-32: I = HMAC-SHA512(key=""Bitcoin seed"", data=S); CKDpriv hardened (`0x00‖ser256(k)‖ser32(i)`) / normal (`serP‖ser32(i)`); si parse256(I_L) ≥ n o k_i = 0, «proceed with the next value for i» (corpus/documentos/bip-0032.mediawiki, Master key generation y Private parent key → private child key).",
K-307,,celda-en-evaluacion,sut/backend/src/wallet/crypto/derivation.ts:135,"'Espacio de address_index agotado: no hay índices no-hardened disponibles.',",,CORRECTO,1,"BIP-32: I = HMAC-SHA512(key=""Bitcoin seed"", data=S); CKDpriv hardened (`0x00‖ser256(k)‖ser32(i)`) / normal (`serP‖ser32(i)`); si parse256(I_L) ≥ n o k_i = 0, «proceed with the next value for i» (corpus/documentos/bip-0032.mediawiki, Master key generation y Private parent key → private child key).",
K-308,,celda-en-evaluacion,sut/backend/src/wallet/crypto/derivation.ts:147,"return derivePath(seed, derivationPathFor(addressIndex)).privateKey;",,CORRECTO,1,"Keccak-256 / secp256k1 usados como en HU-06-02 RN-4 (dirección = últimos 20 B de Keccak-256(X‖Y)) y BIP-32 (corpus/documentos/bip-0032.mediawiki, curva secp256k1; corpus/documentos/erc-55.md usa Keccak-256). Sin fórmula atribuida de más al estándar. §2.6.",
K-309,,celda-en-evaluacion,sut/backend/src/wallet/crypto/primitives.ts:2,* Envoltorio de las primitivas criptográficas de bajo nivel usadas por BIP-32.,,CORRECTO,1,"BIP-32: I = HMAC-SHA512(key=""Bitcoin seed"", data=S); CKDpriv hardened (`0x00‖ser256(k)‖ser32(i)`) / normal (`serP‖ser32(i)`); si parse256(I_L) ≥ n o k_i = 0, «proceed with the next value for i» (corpus/documentos/bip-0032.mediawiki, Master key generation y Private parent key → private child key).",
K-310,,celda-en-evaluacion,sut/backend/src/wallet/crypto/primitives.ts:9,* Contrato para el resto del módulo: el código de BIP-32 debe invocar SIEMPRE,,CORRECTO,1,"BIP-32: I = HMAC-SHA512(key=""Bitcoin seed"", data=S); CKDpriv hardened (`0x00‖ser256(k)‖ser32(i)`) / normal (`serP‖ser32(i)`); si parse256(I_L) ≥ n o k_i = 0, «proceed with the next value for i» (corpus/documentos/bip-0032.mediawiki, Master key generation y Private parent key → private child key).",
K-311,,celda-en-evaluacion,sut/backend/src/wallet/crypto/primitives.ts:19,"/** HMAC-SHA512 (RFC 4231), la PRF de BIP-32 (HU-06-02 RN-1 y RN-3). */",,CORRECTO,1,"BIP-32: I = HMAC-SHA512(key=""Bitcoin seed"", data=S); CKDpriv hardened (`0x00‖ser256(k)‖ser32(i)`) / normal (`serP‖ser32(i)`); si parse256(I_L) ≥ n o k_i = 0, «proceed with the next value for i» (corpus/documentos/bip-0032.mediawiki, Master key generation y Private parent key → private child key).",
K-312,,celda-en-evaluacion,sut/backend/src/wallet/crypto/wordlist.ts:2,"* Wordlist BIP-39 en inglés (2048 palabras), vendorizado en el repositorio.",,CORRECTO,1,"BIP-39: ENT 128–256, checksum SHA-256 ENT/32, wordlist inglés 2048, PBKDF2-HMAC-SHA512 2048 iter, seed 64 B, NFKD (corpus/documentos/bip-0039.mediawiki «Generating the mnemonic» y «From mnemonic to seed»; wordlist corpus/documentos/bip-0039-wordlist-english.txt, SHA-256 2f5eed53…24dbda). 24 palabras = política HU-06-01 RN-1, no exclusividad del estándar (§2.6).",
K-313,,celda-en-evaluacion,sut/backend/src/wallet/crypto/wordlist.ts:4,"* Fuente normativa: BIP-39, sección «Wordlists» (wordlist inglés oficial).",,CORRECTO,1,"BIP-39: ENT 128–256, checksum SHA-256 ENT/32, wordlist inglés 2048, PBKDF2-HMAC-SHA512 2048 iter, seed 64 B, NFKD (corpus/documentos/bip-0039.mediawiki «Generating the mnemonic» y «From mnemonic to seed»; wordlist corpus/documentos/bip-0039-wordlist-english.txt, SHA-256 2f5eed53…24dbda). 24 palabras = política HU-06-01 RN-1, no exclusividad del estándar (§2.6).",
K-314,,celda-en-evaluacion,sut/backend/src/wallet/crypto/wordlist.ts:5,* Spec: HU-06-01 RN-1 (mnemonic de 24 palabras del wordlist inglés de 2048 palabras),,CORRECTO,1,"BIP-39: ENT 128–256, checksum SHA-256 ENT/32, wordlist inglés 2048, PBKDF2-HMAC-SHA512 2048 iter, seed 64 B, NFKD (corpus/documentos/bip-0039.mediawiki «Generating the mnemonic» y «From mnemonic to seed»; wordlist corpus/documentos/bip-0039-wordlist-english.txt, SHA-256 2f5eed53…24dbda). 24 palabras = política HU-06-01 RN-1, no exclusividad del estándar (§2.6).",
K-315,,celda-en-evaluacion,sut/backend/src/wallet/crypto/wordlist.ts:6,* y RN-2.b (toda palabra del mnemonic debe pertenecer a este wordlist).,,CORRECTO,1,"BIP-39: ENT 128–256, checksum SHA-256 ENT/32, wordlist inglés 2048, PBKDF2-HMAC-SHA512 2048 iter, seed 64 B, NFKD (corpus/documentos/bip-0039.mediawiki «Generating the mnemonic» y «From mnemonic to seed»; wordlist corpus/documentos/bip-0039-wordlist-english.txt, SHA-256 2f5eed53…24dbda). 24 palabras = política HU-06-01 RN-1, no exclusividad del estándar (§2.6).",
K-316,,celda-en-evaluacion,sut/backend/src/wallet/crypto/wordlist.ts:13,"* El wordlist está ordenado alfabéticamente, lo que permite búsqueda por índice O(1)",,CORRECTO,1,"BIP-39: ENT 128–256, checksum SHA-256 ENT/32, wordlist inglés 2048, PBKDF2-HMAC-SHA512 2048 iter, seed 64 B, NFKD (corpus/documentos/bip-0039.mediawiki «Generating the mnemonic» y «From mnemonic to seed»; wordlist corpus/documentos/bip-0039-wordlist-english.txt, SHA-256 2f5eed53…24dbda). 24 palabras = política HU-06-01 RN-1, no exclusividad del estándar (§2.6).",
K-317,,celda-en-evaluacion,sut/backend/src/wallet/crypto/wordlist.ts:14,* vía el mapa derivado `WORDLIST_INDEX`.,,CORRECTO,1,"BIP-39: ENT 128–256, checksum SHA-256 ENT/32, wordlist inglés 2048, PBKDF2-HMAC-SHA512 2048 iter, seed 64 B, NFKD (corpus/documentos/bip-0039.mediawiki «Generating the mnemonic» y «From mnemonic to seed»; wordlist corpus/documentos/bip-0039-wordlist-english.txt, SHA-256 2f5eed53…24dbda). 24 palabras = política HU-06-01 RN-1, no exclusividad del estándar (§2.6).",
K-318,,celda-en-evaluacion,sut/backend/src/wallet/crypto/wordlist.ts:16,export const ENGLISH_WORDLIST: readonly string[] = [,,CORRECTO,1,"BIP-39: ENT 128–256, checksum SHA-256 ENT/32, wordlist inglés 2048, PBKDF2-HMAC-SHA512 2048 iter, seed 64 B, NFKD (corpus/documentos/bip-0039.mediawiki «Generating the mnemonic» y «From mnemonic to seed»; wordlist corpus/documentos/bip-0039-wordlist-english.txt, SHA-256 2f5eed53…24dbda). 24 palabras = política HU-06-01 RN-1, no exclusividad del estándar (§2.6).",
K-319,,celda-en-evaluacion,sut/backend/src/wallet/crypto/wordlist.ts:275,/** Cantidad de palabras del wordlist BIP-39 (fijada por el estándar). */,,CORRECTO,1,"BIP-39: ENT 128–256, checksum SHA-256 ENT/32, wordlist inglés 2048, PBKDF2-HMAC-SHA512 2048 iter, seed 64 B, NFKD (corpus/documentos/bip-0039.mediawiki «Generating the mnemonic» y «From mnemonic to seed»; wordlist corpus/documentos/bip-0039-wordlist-english.txt, SHA-256 2f5eed53…24dbda). 24 palabras = política HU-06-01 RN-1, no exclusividad del estándar (§2.6).",
K-320,,celda-en-evaluacion,sut/backend/src/wallet/crypto/wordlist.ts:276,export const WORDLIST_SIZE = 2048;,,CORRECTO,1,"BIP-39: ENT 128–256, checksum SHA-256 ENT/32, wordlist inglés 2048, PBKDF2-HMAC-SHA512 2048 iter, seed 64 B, NFKD (corpus/documentos/bip-0039.mediawiki «Generating the mnemonic» y «From mnemonic to seed»; wordlist corpus/documentos/bip-0039-wordlist-english.txt, SHA-256 2f5eed53…24dbda). 24 palabras = política HU-06-01 RN-1, no exclusividad del estándar (§2.6).",
K-321,,celda-en-evaluacion,sut/backend/src/wallet/crypto/wordlist.ts:279,"export const WORDLIST_INDEX: ReadonlyMap<string, number> = new Map(",,CORRECTO,1,"BIP-39: ENT 128–256, checksum SHA-256 ENT/32, wordlist inglés 2048, PBKDF2-HMAC-SHA512 2048 iter, seed 64 B, NFKD (corpus/documentos/bip-0039.mediawiki «Generating the mnemonic» y «From mnemonic to seed»; wordlist corpus/documentos/bip-0039-wordlist-english.txt, SHA-256 2f5eed53…24dbda). 24 palabras = política HU-06-01 RN-1, no exclusividad del estándar (§2.6).",
K-322,,celda-en-evaluacion,sut/backend/src/wallet/crypto/wordlist.ts:280,"ENGLISH_WORDLIST.map((word, index) => [word, index]),",,CORRECTO,1,"BIP-39: ENT 128–256, checksum SHA-256 ENT/32, wordlist inglés 2048, PBKDF2-HMAC-SHA512 2048 iter, seed 64 B, NFKD (corpus/documentos/bip-0039.mediawiki «Generating the mnemonic» y «From mnemonic to seed»; wordlist corpus/documentos/bip-0039-wordlist-english.txt, SHA-256 2f5eed53…24dbda). 24 palabras = política HU-06-01 RN-1, no exclusividad del estándar (§2.6).",
K-323,,celda-en-evaluacion,sut/backend/src/wallet/deposit-address-service.ts:5,"*   pueden originarse en un índice que produzca una clave BIP-32 inválida (~2⁻¹²⁷), caso en",,CORRECTO,1,"BIP-32: I = HMAC-SHA512(key=""Bitcoin seed"", data=S); CKDpriv hardened (`0x00‖ser256(k)‖ser32(i)`) / normal (`serP‖ser32(i)`); si parse256(I_L) ≥ n o k_i = 0, «proceed with the next value for i» (corpus/documentos/bip-0032.mediawiki, Master key generation y Private parent key → private child key).",
K-324,,celda-en-evaluacion,sut/backend/src/wallet/deposit-address-service.ts:7,"* - RN-3: una sola dirección por cuenta, válida para ETH y USDC (misma EOA en Sepolia).",,CORRECTO,1,Sepolia chainId 11155111 es constante de spec/00-fundaciones/activos-y-par-de-trading.md §1; no se afirma un chainId distinto ni una red equivocada como Sepolia (C4 no aplica). §2.6.,
K-325,,celda-en-evaluacion,sut/backend/src/wallet/deposit-address-service.ts:15,"import { CHAIN_ID, NETWORK_NAME } from '../config/index.js';",,CORRECTO,1,Sepolia chainId 11155111 es constante de spec/00-fundaciones/activos-y-par-de-trading.md §1; no se afirma un chainId distinto ni una red equivocada como Sepolia (C4 no aplica). §2.6.,
K-326,,celda-en-evaluacion,sut/backend/src/wallet/deposit-address-service.ts:18,import { deriveNextValidAccount } from './crypto/derivation.js';,,CORRECTO,1,"Keccak-256 / secp256k1 usados como en HU-06-02 RN-4 (dirección = últimos 20 B de Keccak-256(X‖Y)) y BIP-32 (corpus/documentos/bip-0032.mediawiki, curva secp256k1; corpus/documentos/erc-55.md usa Keccak-256). Sin fórmula atribuida de más al estándar. §2.6.",
K-327,,celda-en-evaluacion,sut/backend/src/wallet/deposit-address-service.ts:25,derivationPath: string;,,CORRECTO,1,"Keccak-256 / secp256k1 usados como en HU-06-02 RN-4 (dirección = últimos 20 B de Keccak-256(X‖Y)) y BIP-32 (corpus/documentos/bip-0032.mediawiki, curva secp256k1; corpus/documentos/erc-55.md usa Keccak-256). Sin fórmula atribuida de más al estándar. §2.6.",
K-328,,celda-en-evaluacion,sut/backend/src/wallet/deposit-address-service.ts:27,chainId: string;,,CORRECTO,1,Sepolia chainId 11155111 es constante de spec/00-fundaciones/activos-y-par-de-trading.md §1; no se afirma un chainId distinto ni una red equivocada como Sepolia (C4 no aplica). §2.6.,
K-329,,celda-en-evaluacion,sut/backend/src/wallet/deposit-address-service.ts:42,"derivation_path AS derivationPath, network, chain_id AS chainId,",,CORRECTO,1,Sepolia chainId 11155111 es constante de spec/00-fundaciones/activos-y-par-de-trading.md §1; no se afirma un chainId distinto ni una red equivocada como Sepolia (C4 no aplica). §2.6.,
K-330,,celda-en-evaluacion,sut/backend/src/wallet/deposit-address-service.ts:54,"derivation_path AS derivationPath, network, chain_id AS chainId,",,CORRECTO,1,Sepolia chainId 11155111 es constante de spec/00-fundaciones/activos-y-par-de-trading.md §1; no se afirma un chainId distinto ni una red equivocada como Sepolia (C4 no aplica). §2.6.,
K-331,,celda-en-evaluacion,sut/backend/src/wallet/deposit-address-service.ts:99,// Los índices intermedios descartados por producir una clave BIP-32 inválida quedan,,CORRECTO,1,"BIP-32: I = HMAC-SHA512(key=""Bitcoin seed"", data=S); CKDpriv hardened (`0x00‖ser256(k)‖ser32(i)`) / normal (`serP‖ser32(i)`); si parse256(I_L) ≥ n o k_i = 0, «proceed with the next value for i» (corpus/documentos/bip-0032.mediawiki, Master key generation y Private parent key → private child key).",
K-332,,celda-en-evaluacion,sut/backend/src/wallet/deposit-address-service.ts:105,"VALUES (?, 'INVALID_BIP32_CHILD_KEY', ?)`,",,CORRECTO,1,"BIP-32: I = HMAC-SHA512(key=""Bitcoin seed"", data=S); CKDpriv hardened (`0x00‖ser256(k)‖ser32(i)`) / normal (`serP‖ser32(i)`); si parse256(I_L) ≥ n o k_i = 0, «proceed with the next value for i» (corpus/documentos/bip-0032.mediawiki, Master key generation y Private parent key → private child key).",
K-333,,celda-en-evaluacion,sut/backend/src/wallet/deposit-address-service.ts:114,"derivationPath: derived.derivationPath,",,CORRECTO,1,"Keccak-256 / secp256k1 usados como en HU-06-02 RN-4 (dirección = últimos 20 B de Keccak-256(X‖Y)) y BIP-32 (corpus/documentos/bip-0032.mediawiki, curva secp256k1; corpus/documentos/erc-55.md usa Keccak-256). Sin fórmula atribuida de más al estándar. §2.6.",
K-334,,celda-en-evaluacion,sut/backend/src/wallet/deposit-address-service.ts:116,"chainId: CHAIN_ID,",,CORRECTO,1,Sepolia chainId 11155111 es constante de spec/00-fundaciones/activos-y-par-de-trading.md §1; no se afirma un chainId distinto ni una red equivocada como Sepolia (C4 no aplica). §2.6.,
K-335,,celda-en-evaluacion,sut/backend/src/wallet/deposit-address-service.ts:123,"(account_id, address_index, address, derivation_path, network, chain_id, created_at)",,CORRECTO,1,"Path BIP-44 `m/purpose'/coin_type'/account'/change/address_index` con purpose 44' y change 0 = cadena externa (corpus/documentos/bip-0044.mediawiki, Path levels). coin type 60 (Ethereum) lo fija spec/00-fundaciones/activos-y-par-de-trading.md §1; BIP-44 remite el registro a SLIP-0044 (§2.6).",
K-336,,celda-en-evaluacion,sut/backend/src/wallet/deposit-address-service.ts:130,"record.derivationPath,",,CORRECTO,1,"Keccak-256 / secp256k1 usados como en HU-06-02 RN-4 (dirección = últimos 20 B de Keccak-256(X‖Y)) y BIP-32 (corpus/documentos/bip-0032.mediawiki, curva secp256k1; corpus/documentos/erc-55.md usa Keccak-256). Sin fórmula atribuida de más al estándar. §2.6.",
K-337,,celda-en-evaluacion,sut/backend/src/wallet/deposit-address-service.ts:132,"record.chainId,",,CORRECTO,1,Sepolia chainId 11155111 es constante de spec/00-fundaciones/activos-y-par-de-trading.md §1; no se afirma un chainId distinto ni una red equivocada como Sepolia (C4 no aplica). §2.6.,
K-338,,celda-en-evaluacion,sut/backend/src/wallet/deposit-address-service.ts:144,"chainId: record.chainId,",,CORRECTO,1,Sepolia chainId 11155111 es constante de spec/00-fundaciones/activos-y-par-de-trading.md §1; no se afirma un chainId distinto ni una red equivocada como Sepolia (C4 no aplica). §2.6.,
K-339,,celda-en-evaluacion,sut/backend/src/wallet/deposit-address-service.ts:163,"chainId: record.chainId,",,CORRECTO,1,Sepolia chainId 11155111 es constante de spec/00-fundaciones/activos-y-par-de-trading.md §1; no se afirma un chainId distinto ni una red equivocada como Sepolia (C4 no aplica). §2.6.,
K-340,,celda-en-evaluacion,sut/backend/src/wallet/events.ts:5,"* `{ accountId, addressIndex, address, chainId }`, que la épica 07 (fuera del alcance de",,CORRECTO,1,Sepolia chainId 11155111 es constante de spec/00-fundaciones/activos-y-par-de-trading.md §1; no se afirma un chainId distinto ni una red equivocada como Sepolia (C4 no aplica). §2.6.,
K-341,,celda-en-evaluacion,sut/backend/src/wallet/events.ts:15,chainId: string;,,CORRECTO,1,Sepolia chainId 11155111 es constante de spec/00-fundaciones/activos-y-par-de-trading.md §1; no se afirma un chainId distinto ni una red equivocada como Sepolia (C4 no aplica). §2.6.,
K-342,,celda-en-evaluacion,sut/backend/src/wallet/seed-store.ts:4,"* - RN-1/RN-2: el mnemonic es BIP-39 de **24 palabras** (256 bits de entropía de CSPRNG),",,CORRECTO,1,"BIP-39: ENT 128–256, checksum SHA-256 ENT/32, wordlist inglés 2048, PBKDF2-HMAC-SHA512 2048 iter, seed 64 B, NFKD (corpus/documentos/bip-0039.mediawiki «Generating the mnemonic» y «From mnemonic to seed»; wordlist corpus/documentos/bip-0039-wordlist-english.txt, SHA-256 2f5eed53…24dbda). 24 palabras = política HU-06-01 RN-1, no exclusividad del estándar (§2.6).",
K-343,,celda-en-evaluacion,sut/backend/src/wallet/seed-store.ts:5,"*   validado en orden longitud → wordlist → checksum, con normalización NFKD.",,CORRECTO,1,"Checksum EIP-55/ERC-55: Keccak-256 sobre el hex ASCII en minúsculas sin `0x`; nibble ≥ 8 (o > 7) ⇒ mayúscula. Vectores oficiales All caps / All Lower / Normal (corpus/documentos/erc-55.md, Specification, Implementation y Test Cases).",
K-344,,celda-en-evaluacion,sut/backend/src/wallet/seed-store.ts:22,"import { generateMnemonic, mnemonicToSeed, normalizeMnemonic, validateMnemonic } from './crypto/bip39.js';",,CORRECTO,1,"BIP-39: ENT 128–256, checksum SHA-256 ENT/32, wordlist inglés 2048, PBKDF2-HMAC-SHA512 2048 iter, seed 64 B, NFKD (corpus/documentos/bip-0039.mediawiki «Generating the mnemonic» y «From mnemonic to seed»; wordlist corpus/documentos/bip-0039-wordlist-english.txt, SHA-256 2f5eed53…24dbda). 24 palabras = política HU-06-01 RN-1, no exclusividad del estándar (§2.6).",
K-345,,celda-en-evaluacion,sut/backend/src/wallet/seed-store.ts:23,import { deriveAccountAt } from './crypto/derivation.js';,,CORRECTO,1,"Keccak-256 / secp256k1 usados como en HU-06-02 RN-4 (dirección = últimos 20 B de Keccak-256(X‖Y)) y BIP-32 (corpus/documentos/bip-0032.mediawiki, curva secp256k1; corpus/documentos/erc-55.md usa Keccak-256). Sin fórmula atribuida de más al estándar. §2.6.",
K-346,,celda-en-evaluacion,sut/backend/src/wallet/seed-store.ts:68,/** Seed binaria BIP-39 de 64 bytes. Nunca se serializa ni se logea. */,,CORRECTO,1,"BIP-39: ENT 128–256, checksum SHA-256 ENT/32, wordlist inglés 2048, PBKDF2-HMAC-SHA512 2048 iter, seed 64 B, NFKD (corpus/documentos/bip-0039.mediawiki «Generating the mnemonic» y «From mnemonic to seed»; wordlist corpus/documentos/bip-0039-wordlist-english.txt, SHA-256 2f5eed53…24dbda). 24 palabras = política HU-06-01 RN-1, no exclusividad del estándar (§2.6).",
K-347,,celda-en-evaluacion,sut/backend/src/wallet/seed-store.ts:79,"/** Mnemonic importado por configuración; si falta y no hay seed, se genera uno nuevo. */",,CORRECTO,1,"BIP-39: ENT 128–256, checksum SHA-256 ENT/32, wordlist inglés 2048, PBKDF2-HMAC-SHA512 2048 iter, seed 64 B, NFKD (corpus/documentos/bip-0039.mediawiki «Generating the mnemonic» y «From mnemonic to seed»; wordlist corpus/documentos/bip-0039-wordlist-english.txt, SHA-256 2f5eed53…24dbda). 24 palabras = política HU-06-01 RN-1, no exclusividad del estándar (§2.6).",
K-348,,celda-en-evaluacion,sut/backend/src/wallet/seed-store.ts:80,mnemonic?: string | undefined;,,CORRECTO,1,"BIP-39: ENT 128–256, checksum SHA-256 ENT/32, wordlist inglés 2048, PBKDF2-HMAC-SHA512 2048 iter, seed 64 B, NFKD (corpus/documentos/bip-0039.mediawiki «Generating the mnemonic» y «From mnemonic to seed»; wordlist corpus/documentos/bip-0039-wordlist-english.txt, SHA-256 2f5eed53…24dbda). 24 palabras = política HU-06-01 RN-1, no exclusividad del estándar (§2.6).",
K-349,,celda-en-evaluacion,sut/backend/src/wallet/seed-store.ts:106,"const mnemonic = decryptSecret(existing.payload, options.encryptionKey);",,CORRECTO,1,"BIP-39: ENT 128–256, checksum SHA-256 ENT/32, wordlist inglés 2048, PBKDF2-HMAC-SHA512 2048 iter, seed 64 B, NFKD (corpus/documentos/bip-0039.mediawiki «Generating the mnemonic» y «From mnemonic to seed»; wordlist corpus/documentos/bip-0039-wordlist-english.txt, SHA-256 2f5eed53…24dbda). 24 palabras = política HU-06-01 RN-1, no exclusividad del estándar (§2.6).",
K-350,,celda-en-evaluacion,sut/backend/src/wallet/seed-store.ts:107,"return { seed: mnemonicToSeed(mnemonic, passphrase), generated: false };",,CORRECTO,1,"BIP-39: ENT 128–256, checksum SHA-256 ENT/32, wordlist inglés 2048, PBKDF2-HMAC-SHA512 2048 iter, seed 64 B, NFKD (corpus/documentos/bip-0039.mediawiki «Generating the mnemonic» y «From mnemonic to seed»; wordlist corpus/documentos/bip-0039-wordlist-english.txt, SHA-256 2f5eed53…24dbda). 24 palabras = política HU-06-01 RN-1, no exclusividad del estándar (§2.6).",
K-351,,celda-en-evaluacion,sut/backend/src/wallet/seed-store.ts:122,let mnemonic: string;,,CORRECTO,1,"BIP-39: ENT 128–256, checksum SHA-256 ENT/32, wordlist inglés 2048, PBKDF2-HMAC-SHA512 2048 iter, seed 64 B, NFKD (corpus/documentos/bip-0039.mediawiki «Generating the mnemonic» y «From mnemonic to seed»; wordlist corpus/documentos/bip-0039-wordlist-english.txt, SHA-256 2f5eed53…24dbda). 24 palabras = política HU-06-01 RN-1, no exclusividad del estándar (§2.6).",
K-352,,celda-en-evaluacion,sut/backend/src/wallet/seed-store.ts:123,if (options.mnemonic !== undefined && options.mnemonic !== '') {,,CORRECTO,1,"BIP-39: ENT 128–256, checksum SHA-256 ENT/32, wordlist inglés 2048, PBKDF2-HMAC-SHA512 2048 iter, seed 64 B, NFKD (corpus/documentos/bip-0039.mediawiki «Generating the mnemonic» y «From mnemonic to seed»; wordlist corpus/documentos/bip-0039-wordlist-english.txt, SHA-256 2f5eed53…24dbda). 24 palabras = política HU-06-01 RN-1, no exclusividad del estándar (§2.6).",
K-353,,celda-en-evaluacion,sut/backend/src/wallet/seed-store.ts:124,const validation = validateMnemonic(options.mnemonic);,,CORRECTO,1,"BIP-39: ENT 128–256, checksum SHA-256 ENT/32, wordlist inglés 2048, PBKDF2-HMAC-SHA512 2048 iter, seed 64 B, NFKD (corpus/documentos/bip-0039.mediawiki «Generating the mnemonic» y «From mnemonic to seed»; wordlist corpus/documentos/bip-0039-wordlist-english.txt, SHA-256 2f5eed53…24dbda). 24 palabras = política HU-06-01 RN-1, no exclusividad del estándar (§2.6).",
K-354,,celda-en-evaluacion,sut/backend/src/wallet/seed-store.ts:128,`El mnemonic provisto por configuración no es válido (motivo: ${validation.reason}). ` +,,CORRECTO,1,"BIP-39: ENT 128–256, checksum SHA-256 ENT/32, wordlist inglés 2048, PBKDF2-HMAC-SHA512 2048 iter, seed 64 B, NFKD (corpus/documentos/bip-0039.mediawiki «Generating the mnemonic» y «From mnemonic to seed»; wordlist corpus/documentos/bip-0039-wordlist-english.txt, SHA-256 2f5eed53…24dbda). 24 palabras = política HU-06-01 RN-1, no exclusividad del estándar (§2.6).",
K-355,,celda-en-evaluacion,sut/backend/src/wallet/seed-store.ts:129,'Se exige un mnemonic BIP-39 de 24 palabras del wordlist inglés con checksum válido. ' +,,CORRECTO,1,"Checksum EIP-55/ERC-55: Keccak-256 sobre el hex ASCII en minúsculas sin `0x`; nibble ≥ 8 (o > 7) ⇒ mayúscula. Vectores oficiales All caps / All Lower / Normal (corpus/documentos/erc-55.md, Specification, Implementation y Test Cases).",
K-356,,celda-en-evaluacion,sut/backend/src/wallet/seed-store.ts:133,// Se persiste el mnemonic en NFKD **sin** colapsar separadores: BIP-39 usa la frase,,CORRECTO,1,"BIP-39: ENT 128–256, checksum SHA-256 ENT/32, wordlist inglés 2048, PBKDF2-HMAC-SHA512 2048 iter, seed 64 B, NFKD (corpus/documentos/bip-0039.mediawiki «Generating the mnemonic» y «From mnemonic to seed»; wordlist corpus/documentos/bip-0039-wordlist-english.txt, SHA-256 2f5eed53…24dbda). 24 palabras = política HU-06-01 RN-1, no exclusividad del estándar (§2.6).",
K-357,,celda-en-evaluacion,sut/backend/src/wallet/seed-store.ts:136,mnemonic = normalizeMnemonic(options.mnemonic);,,CORRECTO,1,"BIP-39: ENT 128–256, checksum SHA-256 ENT/32, wordlist inglés 2048, PBKDF2-HMAC-SHA512 2048 iter, seed 64 B, NFKD (corpus/documentos/bip-0039.mediawiki «Generating the mnemonic» y «From mnemonic to seed»; wordlist corpus/documentos/bip-0039-wordlist-english.txt, SHA-256 2f5eed53…24dbda). 24 palabras = política HU-06-01 RN-1, no exclusividad del estándar (§2.6).",
K-358,,celda-en-evaluacion,sut/backend/src/wallet/seed-store.ts:138,mnemonic = generateMnemonic(256);,,CORRECTO,1,"BIP-39: ENT 128–256, checksum SHA-256 ENT/32, wordlist inglés 2048, PBKDF2-HMAC-SHA512 2048 iter, seed 64 B, NFKD (corpus/documentos/bip-0039.mediawiki «Generating the mnemonic» y «From mnemonic to seed»; wordlist corpus/documentos/bip-0039-wordlist-english.txt, SHA-256 2f5eed53…24dbda). 24 palabras = política HU-06-01 RN-1, no exclusividad del estándar (§2.6).",
K-359,,celda-en-evaluacion,sut/backend/src/wallet/seed-store.ts:141,"const payload = encryptSecret(mnemonic, encryptionKey);",,CORRECTO,1,"BIP-39: ENT 128–256, checksum SHA-256 ENT/32, wordlist inglés 2048, PBKDF2-HMAC-SHA512 2048 iter, seed 64 B, NFKD (corpus/documentos/bip-0039.mediawiki «Generating the mnemonic» y «From mnemonic to seed»; wordlist corpus/documentos/bip-0039-wordlist-english.txt, SHA-256 2f5eed53…24dbda). 24 palabras = política HU-06-01 RN-1, no exclusividad del estándar (§2.6).",
K-360,,celda-en-evaluacion,sut/backend/src/wallet/seed-store.ts:160,"return { seed: mnemonicToSeed(persisted, passphrase), generated: false };",,CORRECTO,1,"BIP-39: ENT 128–256, checksum SHA-256 ENT/32, wordlist inglés 2048, PBKDF2-HMAC-SHA512 2048 iter, seed 64 B, NFKD (corpus/documentos/bip-0039.mediawiki «Generating the mnemonic» y «From mnemonic to seed»; wordlist corpus/documentos/bip-0039-wordlist-english.txt, SHA-256 2f5eed53…24dbda). 24 palabras = política HU-06-01 RN-1, no exclusividad del estándar (§2.6).",
K-361,,celda-en-evaluacion,sut/backend/src/wallet/seed-store.ts:171,"return { seed: mnemonicToSeed(roundTrip, passphrase), generated: true };",,CORRECTO,1,"BIP-39: ENT 128–256, checksum SHA-256 ENT/32, wordlist inglés 2048, PBKDF2-HMAC-SHA512 2048 iter, seed 64 B, NFKD (corpus/documentos/bip-0039.mediawiki «Generating the mnemonic» y «From mnemonic to seed»; wordlist corpus/documentos/bip-0039-wordlist-english.txt, SHA-256 2f5eed53…24dbda). 24 palabras = política HU-06-01 RN-1, no exclusividad del estándar (§2.6).",
K-362,,celda-en-evaluacion,sut/backend/tests/epica-06-derivacion-integracion.test.ts:14,import { derivePrivateKeyAt } from '../src/wallet/crypto/derivation.js';,,CORRECTO,1,"Keccak-256 / secp256k1 usados como en HU-06-02 RN-4 (dirección = últimos 20 B de Keccak-256(X‖Y)) y BIP-32 (corpus/documentos/bip-0032.mediawiki, curva secp256k1; corpus/documentos/erc-55.md usa Keccak-256). Sin fórmula atribuida de más al estándar. §2.6.",
K-363,,celda-en-evaluacion,sut/backend/tests/epica-06-derivacion-integracion.test.ts:43,const { deriveAccountAt } = await import('../src/wallet/crypto/derivation.js');,,CORRECTO,1,"Keccak-256 / secp256k1 usados como en HU-06-02 RN-4 (dirección = últimos 20 B de Keccak-256(X‖Y)) y BIP-32 (corpus/documentos/bip-0032.mediawiki, curva secp256k1; corpus/documentos/erc-55.md usa Keccak-256). Sin fórmula atribuida de más al estándar. §2.6.",
K-364,,celda-en-evaluacion,sut/backend/tests/epica-06-wallet.test.ts:6,* (BIP-39/BIP-32/BIP-44/EIP-55) viven en `tests/wallet-crypto.test.ts` y NO se repiten acá;,,CORRECTO,1,"Checksum EIP-55/ERC-55: Keccak-256 sobre el hex ASCII en minúsculas sin `0x`; nibble ≥ 8 (o > 7) ⇒ mayúscula. Vectores oficiales All caps / All Lower / Normal (corpus/documentos/erc-55.md, Specification, Implementation y Test Cases).",
K-365,,celda-en-evaluacion,sut/backend/tests/epica-06-wallet.test.ts:31,"import { mnemonicToSeed, validateMnemonic } from '../src/wallet/crypto/bip39.js';",,CORRECTO,1,"BIP-39: ENT 128–256, checksum SHA-256 ENT/32, wordlist inglés 2048, PBKDF2-HMAC-SHA512 2048 iter, seed 64 B, NFKD (corpus/documentos/bip-0039.mediawiki «Generating the mnemonic» y «From mnemonic to seed»; wordlist corpus/documentos/bip-0039-wordlist-english.txt, SHA-256 2f5eed53…24dbda). 24 palabras = política HU-06-01 RN-1, no exclusividad del estándar (§2.6).",
K-366,,celda-en-evaluacion,sut/backend/tests/epica-06-wallet.test.ts:32,"import { deriveAccountAt, derivationPathFor, derivePrivateKeyAt } from '../src/wallet/crypto/derivation.js';",,CORRECTO,1,"Keccak-256 / secp256k1 usados como en HU-06-02 RN-4 (dirección = últimos 20 B de Keccak-256(X‖Y)) y BIP-32 (corpus/documentos/bip-0032.mediawiki, curva secp256k1; corpus/documentos/erc-55.md usa Keccak-256). Sin fórmula atribuida de más al estándar. §2.6.",
K-367,,celda-en-evaluacion,sut/backend/tests/epica-06-wallet.test.ts:33,import { isValidChecksumAddress } from '../src/wallet/crypto/address.js';,,CORRECTO,1,"Checksum EIP-55/ERC-55: Keccak-256 sobre el hex ASCII en minúsculas sin `0x`; nibble ≥ 8 (o > 7) ⇒ mayúscula. Vectores oficiales All caps / All Lower / Normal (corpus/documentos/erc-55.md, Specification, Implementation y Test Cases).",
K-368,,celda-en-evaluacion,sut/backend/tests/epica-06-wallet.test.ts:37,/** Mnemonic BIP-39 de 24 palabras (256 bits de entropía) fijado para los tests. */,,CORRECTO,1,"BIP-39: ENT 128–256, checksum SHA-256 ENT/32, wordlist inglés 2048, PBKDF2-HMAC-SHA512 2048 iter, seed 64 B, NFKD (corpus/documentos/bip-0039.mediawiki «Generating the mnemonic» y «From mnemonic to seed»; wordlist corpus/documentos/bip-0039-wordlist-english.txt, SHA-256 2f5eed53…24dbda). 24 palabras = política HU-06-01 RN-1, no exclusividad del estándar (§2.6).",
K-369,,celda-en-evaluacion,sut/backend/tests/epica-06-wallet.test.ts:38,const MNEMONIC_24 =,,CORRECTO,1,"BIP-39: ENT 128–256, checksum SHA-256 ENT/32, wordlist inglés 2048, PBKDF2-HMAC-SHA512 2048 iter, seed 64 B, NFKD (corpus/documentos/bip-0039.mediawiki «Generating the mnemonic» y «From mnemonic to seed»; wordlist corpus/documentos/bip-0039-wordlist-english.txt, SHA-256 2f5eed53…24dbda). 24 palabras = política HU-06-01 RN-1, no exclusividad del estándar (§2.6).",
K-370,,celda-en-evaluacion,sut/backend/tests/epica-06-wallet.test.ts:41,/** 24 palabras del wordlist inglés cuyo checksum BIP-39 NO verifica (AT-06-01-05). */,,CORRECTO,1,"Checksum EIP-55/ERC-55: Keccak-256 sobre el hex ASCII en minúsculas sin `0x`; nibble ≥ 8 (o > 7) ⇒ mayúscula. Vectores oficiales All caps / All Lower / Normal (corpus/documentos/erc-55.md, Specification, Implementation y Test Cases).",
K-371,,celda-en-evaluacion,sut/backend/tests/epica-06-wallet.test.ts:42,const MNEMONIC_24_CHECKSUM_INVALIDO =,,CORRECTO,1,"Checksum EIP-55/ERC-55: Keccak-256 sobre el hex ASCII en minúsculas sin `0x`; nibble ≥ 8 (o > 7) ⇒ mayúscula. Vectores oficiales All caps / All Lower / Normal (corpus/documentos/erc-55.md, Specification, Implementation y Test Cases).",
K-372,,celda-en-evaluacion,sut/backend/tests/epica-06-wallet.test.ts:45,"/** 12 palabras válidas con checksum correcto para 128 bits (entropía incorrecta, AT-06-01-09). */",,CORRECTO,1,"Checksum EIP-55/ERC-55: Keccak-256 sobre el hex ASCII en minúsculas sin `0x`; nibble ≥ 8 (o > 7) ⇒ mayúscula. Vectores oficiales All caps / All Lower / Normal (corpus/documentos/erc-55.md, Specification, Implementation y Test Cases).",
K-373,,celda-en-evaluacion,sut/backend/tests/epica-06-wallet.test.ts:46,const MNEMONIC_12_VALIDO =,,CORRECTO,1,"BIP-39: ENT 128–256, checksum SHA-256 ENT/32, wordlist inglés 2048, PBKDF2-HMAC-SHA512 2048 iter, seed 64 B, NFKD (corpus/documentos/bip-0039.mediawiki «Generating the mnemonic» y «From mnemonic to seed»; wordlist corpus/documentos/bip-0039-wordlist-english.txt, SHA-256 2f5eed53…24dbda). 24 palabras = política HU-06-01 RN-1, no exclusividad del estándar (§2.6).",
K-374,,celda-en-evaluacion,sut/backend/tests/epica-06-wallet.test.ts:49,/** 24 palabras con una palabra fuera del wordlist inglés (AT-06-01-10). */,,CORRECTO,1,"BIP-39: ENT 128–256, checksum SHA-256 ENT/32, wordlist inglés 2048, PBKDF2-HMAC-SHA512 2048 iter, seed 64 B, NFKD (corpus/documentos/bip-0039.mediawiki «Generating the mnemonic» y «From mnemonic to seed»; wordlist corpus/documentos/bip-0039-wordlist-english.txt, SHA-256 2f5eed53…24dbda). 24 palabras = política HU-06-01 RN-1, no exclusividad del estándar (§2.6).",
K-375,,celda-en-evaluacion,sut/backend/tests/epica-06-wallet.test.ts:50,const MNEMONIC_24_PALABRA_INVALIDA =,,CORRECTO,1,"BIP-39: ENT 128–256, checksum SHA-256 ENT/32, wordlist inglés 2048, PBKDF2-HMAC-SHA512 2048 iter, seed 64 B, NFKD (corpus/documentos/bip-0039.mediawiki «Generating the mnemonic» y «From mnemonic to seed»; wordlist corpus/documentos/bip-0039-wordlist-english.txt, SHA-256 2f5eed53…24dbda). 24 palabras = política HU-06-01 RN-1, no exclusividad del estándar (§2.6).",
K-376,,celda-en-evaluacion,sut/backend/tests/epica-06-wallet.test.ts:53,const CHAIN_ID = '11155111';,,CORRECTO,1,Sepolia chainId 11155111 es constante de spec/00-fundaciones/activos-y-par-de-trading.md §1; no se afirma un chainId distinto ni una red equivocada como Sepolia (C4 no aplica). §2.6.,
K-377,,celda-en-evaluacion,sut/backend/tests/epica-06-wallet.test.ts:54,const NETWORK = 'sepolia';,,CORRECTO,1,Sepolia chainId 11155111 es constante de spec/00-fundaciones/activos-y-par-de-trading.md §1; no se afirma un chainId distinto ni una red equivocada como Sepolia (C4 no aplica). §2.6.,
K-378,,celda-en-evaluacion,sut/backend/tests/epica-06-wallet.test.ts:63,derivationPath: string;,,CORRECTO,1,"Keccak-256 / secp256k1 usados como en HU-06-02 RN-4 (dirección = últimos 20 B de Keccak-256(X‖Y)) y BIP-32 (corpus/documentos/bip-0032.mediawiki, curva secp256k1; corpus/documentos/erc-55.md usa Keccak-256). Sin fórmula atribuida de más al estándar. §2.6.",
K-379,,celda-en-evaluacion,sut/backend/tests/epica-06-wallet.test.ts:65,chainId: string;,,CORRECTO,1,Sepolia chainId 11155111 es constante de spec/00-fundaciones/activos-y-par-de-trading.md §1; no se afirma un chainId distinto ni una red equivocada como Sepolia (C4 no aplica). §2.6.,
K-380,,celda-en-evaluacion,sut/backend/tests/epica-06-wallet.test.ts:90,"derivation_path AS derivationPath, network, chain_id AS chainId",,CORRECTO,1,Sepolia chainId 11155111 es constante de spec/00-fundaciones/activos-y-par-de-trading.md §1; no se afirma un chainId distinto ni una red equivocada como Sepolia (C4 no aplica). §2.6.,
K-381,,celda-en-evaluacion,sut/backend/tests/epica-06-wallet.test.ts:100,"derivation_path AS derivationPath, network, chain_id AS chainId",,CORRECTO,1,Sepolia chainId 11155111 es constante de spec/00-fundaciones/activos-y-par-de-trading.md §1; no se afirma un chainId distinto ni una red equivocada como Sepolia (C4 no aplica). §2.6.,
K-382,,celda-en-evaluacion,sut/backend/tests/epica-06-wallet.test.ts:114,// (c) sin huecos salvo índices BIP-32 inválidos auditados en `skipped_address_indexes`,,CORRECTO,1,"BIP-32: I = HMAC-SHA512(key=""Bitcoin seed"", data=S); CKDpriv hardened (`0x00‖ser256(k)‖ser32(i)`) / normal (`serP‖ser32(i)`); si parse256(I_L) ≥ n o k_i = 0, «proceed with the next value for i» (corpus/documentos/bip-0032.mediawiki, Master key generation y Private parent key → private child key).",
K-383,,celda-en-evaluacion,sut/backend/tests/epica-06-wallet.test.ts:125,// Direcciones únicas (RN-5) y con checksum EIP-55 (RN-8),,CORRECTO,1,"Checksum EIP-55/ERC-55: Keccak-256 sobre el hex ASCII en minúsculas sin `0x`; nibble ≥ 8 (o > 7) ⇒ mayúscula. Vectores oficiales All caps / All Lower / Normal (corpus/documentos/erc-55.md, Specification, Implementation y Test Cases).",
K-384,,celda-en-evaluacion,sut/backend/tests/epica-06-wallet.test.ts:127,for (const row of rows) expect(isValidChecksumAddress(row.address)).toBe(true);,,CORRECTO,1,"Checksum EIP-55/ERC-55: Keccak-256 sobre el hex ASCII en minúsculas sin `0x`; nibble ≥ 8 (o > 7) ⇒ mayúscula. Vectores oficiales All caps / All Lower / Normal (corpus/documentos/erc-55.md, Specification, Implementation y Test Cases).",
K-385,,celda-en-evaluacion,sut/backend/tests/epica-06-wallet.test.ts:162,"* los mensajes constantes que sólo mencionan la palabra ""seed""/""mnemonic"" en prosa.",,CORRECTO,1,"BIP-39: ENT 128–256, checksum SHA-256 ENT/32, wordlist inglés 2048, PBKDF2-HMAC-SHA512 2048 iter, seed 64 B, NFKD (corpus/documentos/bip-0039.mediawiki «Generating the mnemonic» y «From mnemonic to seed»; wordlist corpus/documentos/bip-0039-wordlist-english.txt, SHA-256 2f5eed53…24dbda). 24 palabras = política HU-06-01 RN-1, no exclusividad del estándar (§2.6).",
K-386,,celda-en-evaluacion,sut/backend/tests/epica-06-wallet.test.ts:184,"test('AT-06-01-01: genera mnemonic de 24 palabras con checksum válido, seed de 64 bytes y lo persiste cifrado', async () => {",,CORRECTO,1,"Checksum EIP-55/ERC-55: Keccak-256 sobre el hex ASCII en minúsculas sin `0x`; nibble ≥ 8 (o > 7) ⇒ mayúscula. Vectores oficiales All caps / All Lower / Normal (corpus/documentos/erc-55.md, Specification, Implementation y Test Cases).",
K-387,,celda-en-evaluacion,sut/backend/tests/epica-06-wallet.test.ts:185,// Exchange sin seed previo y con CSPRNG del entorno (sin WALLET_MNEMONIC importado).,,CORRECTO,1,"BIP-39: ENT 128–256, checksum SHA-256 ENT/32, wordlist inglés 2048, PBKDF2-HMAC-SHA512 2048 iter, seed 64 B, NFKD (corpus/documentos/bip-0039.mediawiki «Generating the mnemonic» y «From mnemonic to seed»; wordlist corpus/documentos/bip-0039-wordlist-english.txt, SHA-256 2f5eed53…24dbda). 24 palabras = política HU-06-01 RN-1, no exclusividad del estándar (§2.6).",
K-388,,celda-en-evaluacion,sut/backend/tests/epica-06-wallet.test.ts:191,"const mnemonic = decryptSecret(blob, Buffer.from(h.encryptionKey, 'hex'));",,CORRECTO,1,"BIP-39: ENT 128–256, checksum SHA-256 ENT/32, wordlist inglés 2048, PBKDF2-HMAC-SHA512 2048 iter, seed 64 B, NFKD (corpus/documentos/bip-0039.mediawiki «Generating the mnemonic» y «From mnemonic to seed»; wordlist corpus/documentos/bip-0039-wordlist-english.txt, SHA-256 2f5eed53…24dbda). 24 palabras = política HU-06-01 RN-1, no exclusividad del estándar (§2.6).",
K-389,,celda-en-evaluacion,sut/backend/tests/epica-06-wallet.test.ts:192,"expect(blob.includes(Buffer.from(mnemonic, 'utf8'))).toBe(false);",,CORRECTO,1,"BIP-39: ENT 128–256, checksum SHA-256 ENT/32, wordlist inglés 2048, PBKDF2-HMAC-SHA512 2048 iter, seed 64 B, NFKD (corpus/documentos/bip-0039.mediawiki «Generating the mnemonic» y «From mnemonic to seed»; wordlist corpus/documentos/bip-0039-wordlist-english.txt, SHA-256 2f5eed53…24dbda). 24 palabras = política HU-06-01 RN-1, no exclusividad del estándar (§2.6).",
K-390,,celda-en-evaluacion,sut/backend/tests/epica-06-wallet.test.ts:193,expect(blob.toString('utf8')).not.toContain(mnemonic.split(' ')[0] as string);,,CORRECTO,1,"BIP-39: ENT 128–256, checksum SHA-256 ENT/32, wordlist inglés 2048, PBKDF2-HMAC-SHA512 2048 iter, seed 64 B, NFKD (corpus/documentos/bip-0039.mediawiki «Generating the mnemonic» y «From mnemonic to seed»; wordlist corpus/documentos/bip-0039-wordlist-english.txt, SHA-256 2f5eed53…24dbda). 24 palabras = política HU-06-01 RN-1, no exclusividad del estándar (§2.6).",
K-391,,celda-en-evaluacion,sut/backend/tests/epica-06-wallet.test.ts:196,// RN-1/RN-2: 24 palabras del wordlist inglés con checksum BIP-39 válido.,,CORRECTO,1,"Checksum EIP-55/ERC-55: Keccak-256 sobre el hex ASCII en minúsculas sin `0x`; nibble ≥ 8 (o > 7) ⇒ mayúscula. Vectores oficiales All caps / All Lower / Normal (corpus/documentos/erc-55.md, Specification, Implementation y Test Cases).",
K-392,,celda-en-evaluacion,sut/backend/tests/epica-06-wallet.test.ts:197,expect(mnemonic.split(' ')).toHaveLength(24);,,CORRECTO,1,"BIP-39: ENT 128–256, checksum SHA-256 ENT/32, wordlist inglés 2048, PBKDF2-HMAC-SHA512 2048 iter, seed 64 B, NFKD (corpus/documentos/bip-0039.mediawiki «Generating the mnemonic» y «From mnemonic to seed»; wordlist corpus/documentos/bip-0039-wordlist-english.txt, SHA-256 2f5eed53…24dbda). 24 palabras = política HU-06-01 RN-1, no exclusividad del estándar (§2.6).",
K-393,,celda-en-evaluacion,sut/backend/tests/epica-06-wallet.test.ts:198,expect(validateMnemonic(mnemonic)).toEqual({ ok: true });,,CORRECTO,1,"BIP-39: ENT 128–256, checksum SHA-256 ENT/32, wordlist inglés 2048, PBKDF2-HMAC-SHA512 2048 iter, seed 64 B, NFKD (corpus/documentos/bip-0039.mediawiki «Generating the mnemonic» y «From mnemonic to seed»; wordlist corpus/documentos/bip-0039-wordlist-english.txt, SHA-256 2f5eed53…24dbda). 24 palabras = política HU-06-01 RN-1, no exclusividad del estándar (§2.6).",
K-394,,celda-en-evaluacion,sut/backend/tests/epica-06-wallet.test.ts:202,"expect(toBufferHex(h.runtime.seed)).toBe(toBufferHex(mnemonicToSeed(mnemonic, '')));",,CORRECTO,1,"BIP-39: ENT 128–256, checksum SHA-256 ENT/32, wordlist inglés 2048, PBKDF2-HMAC-SHA512 2048 iter, seed 64 B, NFKD (corpus/documentos/bip-0039.mediawiki «Generating the mnemonic» y «From mnemonic to seed»; wordlist corpus/documentos/bip-0039-wordlist-english.txt, SHA-256 2f5eed53…24dbda). 24 palabras = política HU-06-01 RN-1, no exclusividad del estándar (§2.6).",
K-395,,celda-en-evaluacion,sut/backend/tests/epica-06-wallet.test.ts:213,"test('AT-06-01-04: dos provisionings independientes producen mnemonics y seeds distintos', async () => {",,CORRECTO,1,"BIP-39: ENT 128–256, checksum SHA-256 ENT/32, wordlist inglés 2048, PBKDF2-HMAC-SHA512 2048 iter, seed 64 B, NFKD (corpus/documentos/bip-0039.mediawiki «Generating the mnemonic» y «From mnemonic to seed»; wordlist corpus/documentos/bip-0039-wordlist-english.txt, SHA-256 2f5eed53…24dbda). 24 palabras = política HU-06-01 RN-1, no exclusividad del estándar (§2.6).",
K-396,,celda-en-evaluacion,sut/backend/tests/epica-06-wallet.test.ts:217,"const mnemonicA = decryptSecret(seedBlob(a), Buffer.from(a.encryptionKey, 'hex'));",,CORRECTO,1,"BIP-39: ENT 128–256, checksum SHA-256 ENT/32, wordlist inglés 2048, PBKDF2-HMAC-SHA512 2048 iter, seed 64 B, NFKD (corpus/documentos/bip-0039.mediawiki «Generating the mnemonic» y «From mnemonic to seed»; wordlist corpus/documentos/bip-0039-wordlist-english.txt, SHA-256 2f5eed53…24dbda). 24 palabras = política HU-06-01 RN-1, no exclusividad del estándar (§2.6).",
K-397,,celda-en-evaluacion,sut/backend/tests/epica-06-wallet.test.ts:218,"const mnemonicB = decryptSecret(seedBlob(b), Buffer.from(b.encryptionKey, 'hex'));",,CORRECTO,1,"BIP-39: ENT 128–256, checksum SHA-256 ENT/32, wordlist inglés 2048, PBKDF2-HMAC-SHA512 2048 iter, seed 64 B, NFKD (corpus/documentos/bip-0039.mediawiki «Generating the mnemonic» y «From mnemonic to seed»; wordlist corpus/documentos/bip-0039-wordlist-english.txt, SHA-256 2f5eed53…24dbda). 24 palabras = política HU-06-01 RN-1, no exclusividad del estándar (§2.6).",
K-398,,celda-en-evaluacion,sut/backend/tests/epica-06-wallet.test.ts:219,expect(mnemonicA).not.toBe(mnemonicB);,,CORRECTO,1,"BIP-39: ENT 128–256, checksum SHA-256 ENT/32, wordlist inglés 2048, PBKDF2-HMAC-SHA512 2048 iter, seed 64 B, NFKD (corpus/documentos/bip-0039.mediawiki «Generating the mnemonic» y «From mnemonic to seed»; wordlist corpus/documentos/bip-0039-wordlist-english.txt, SHA-256 2f5eed53…24dbda). 24 palabras = política HU-06-01 RN-1, no exclusividad del estándar (§2.6).",
K-399,,celda-en-evaluacion,sut/backend/tests/epica-06-wallet.test.ts:228,"test('AT-06-01-05: mnemonic importado con checksum inválido se rechaza con VALIDATION_ERROR y no persiste seed', () => {",,CORRECTO,1,"Checksum EIP-55/ERC-55: Keccak-256 sobre el hex ASCII en minúsculas sin `0x`; nibble ≥ 8 (o > 7) ⇒ mayúscula. Vectores oficiales All caps / All Lower / Normal (corpus/documentos/erc-55.md, Specification, Implementation y Test Cases).",
K-400,,celda-en-evaluacion,sut/backend/tests/epica-06-wallet.test.ts:229,"const { config, dataDir } = buildConfig({ env: { WALLET_MNEMONIC: MNEMONIC_24_CHECKSUM_INVALIDO } });",,CORRECTO,1,"Checksum EIP-55/ERC-55: Keccak-256 sobre el hex ASCII en minúsculas sin `0x`; nibble ≥ 8 (o > 7) ⇒ mayúscula. Vectores oficiales All caps / All Lower / Normal (corpus/documentos/erc-55.md, Specification, Implementation y Test Cases).",
K-401,,celda-en-evaluacion,sut/backend/tests/epica-06-wallet.test.ts:239,// Sin filtrar material secreto: el mensaje no contiene el mnemonic rechazado.,,CORRECTO,1,"BIP-39: ENT 128–256, checksum SHA-256 ENT/32, wordlist inglés 2048, PBKDF2-HMAC-SHA512 2048 iter, seed 64 B, NFKD (corpus/documentos/bip-0039.mediawiki «Generating the mnemonic» y «From mnemonic to seed»; wordlist corpus/documentos/bip-0039-wordlist-english.txt, SHA-256 2f5eed53…24dbda). 24 palabras = política HU-06-01 RN-1, no exclusividad del estándar (§2.6).",
K-402,,celda-en-evaluacion,sut/backend/tests/epica-06-wallet.test.ts:240,expect((thrown as Error).message).not.toContain(MNEMONIC_24_CHECKSUM_INVALIDO);,,CORRECTO,1,"Checksum EIP-55/ERC-55: Keccak-256 sobre el hex ASCII en minúsculas sin `0x`; nibble ≥ 8 (o > 7) ⇒ mayúscula. Vectores oficiales All caps / All Lower / Normal (corpus/documentos/erc-55.md, Specification, Implementation y Test Cases).",
K-403,,celda-en-evaluacion,sut/backend/tests/epica-06-wallet.test.ts:241,// No se adopta ni se persiste ningún seed derivado de ese mnemonic (RN-11).,,CORRECTO,1,"BIP-39: ENT 128–256, checksum SHA-256 ENT/32, wordlist inglés 2048, PBKDF2-HMAC-SHA512 2048 iter, seed 64 B, NFKD (corpus/documentos/bip-0039.mediawiki «Generating the mnemonic» y «From mnemonic to seed»; wordlist corpus/documentos/bip-0039-wordlist-english.txt, SHA-256 2f5eed53…24dbda). 24 palabras = política HU-06-01 RN-1, no exclusividad del estándar (§2.6).",
K-404,,celda-en-evaluacion,sut/backend/tests/epica-06-wallet.test.ts:245,"test('AT-06-01-09: mnemonic de 12 palabras se rechaza con VALIDATION_ERROR y no persiste seed', () => {",,CORRECTO,1,"BIP-39: ENT 128–256, checksum SHA-256 ENT/32, wordlist inglés 2048, PBKDF2-HMAC-SHA512 2048 iter, seed 64 B, NFKD (corpus/documentos/bip-0039.mediawiki «Generating the mnemonic» y «From mnemonic to seed»; wordlist corpus/documentos/bip-0039-wordlist-english.txt, SHA-256 2f5eed53…24dbda). 24 palabras = política HU-06-01 RN-1, no exclusividad del estándar (§2.6).",
K-405,,celda-en-evaluacion,sut/backend/tests/epica-06-wallet.test.ts:246,"const { config, dataDir } = buildConfig({ env: { WALLET_MNEMONIC: MNEMONIC_12_VALIDO } });",,CORRECTO,1,"BIP-39: ENT 128–256, checksum SHA-256 ENT/32, wordlist inglés 2048, PBKDF2-HMAC-SHA512 2048 iter, seed 64 B, NFKD (corpus/documentos/bip-0039.mediawiki «Generating the mnemonic» y «From mnemonic to seed»; wordlist corpus/documentos/bip-0039-wordlist-english.txt, SHA-256 2f5eed53…24dbda). 24 palabras = política HU-06-01 RN-1, no exclusividad del estándar (§2.6).",
K-406,,celda-en-evaluacion,sut/backend/tests/epica-06-wallet.test.ts:254,expect((thrown as Error).message).not.toContain(MNEMONIC_12_VALIDO);,,CORRECTO,1,"BIP-39: ENT 128–256, checksum SHA-256 ENT/32, wordlist inglés 2048, PBKDF2-HMAC-SHA512 2048 iter, seed 64 B, NFKD (corpus/documentos/bip-0039.mediawiki «Generating the mnemonic» y «From mnemonic to seed»; wordlist corpus/documentos/bip-0039-wordlist-english.txt, SHA-256 2f5eed53…24dbda). 24 palabras = política HU-06-01 RN-1, no exclusividad del estándar (§2.6).",
K-407,,celda-en-evaluacion,sut/backend/tests/epica-06-wallet.test.ts:258,"test('AT-06-01-10: mnemonic con palabra fuera del wordlist se rechaza con VALIDATION_ERROR y no persiste seed', () => {",,CORRECTO,1,"BIP-39: ENT 128–256, checksum SHA-256 ENT/32, wordlist inglés 2048, PBKDF2-HMAC-SHA512 2048 iter, seed 64 B, NFKD (corpus/documentos/bip-0039.mediawiki «Generating the mnemonic» y «From mnemonic to seed»; wordlist corpus/documentos/bip-0039-wordlist-english.txt, SHA-256 2f5eed53…24dbda). 24 palabras = política HU-06-01 RN-1, no exclusividad del estándar (§2.6).",
K-408,,celda-en-evaluacion,sut/backend/tests/epica-06-wallet.test.ts:259,"const { config, dataDir } = buildConfig({ env: { WALLET_MNEMONIC: MNEMONIC_24_PALABRA_INVALIDA } });",,CORRECTO,1,"BIP-39: ENT 128–256, checksum SHA-256 ENT/32, wordlist inglés 2048, PBKDF2-HMAC-SHA512 2048 iter, seed 64 B, NFKD (corpus/documentos/bip-0039.mediawiki «Generating the mnemonic» y «From mnemonic to seed»; wordlist corpus/documentos/bip-0039-wordlist-english.txt, SHA-256 2f5eed53…24dbda). 24 palabras = política HU-06-01 RN-1, no exclusividad del estándar (§2.6).",
K-409,,celda-en-evaluacion,sut/backend/tests/epica-06-wallet.test.ts:267,expect((thrown as Error).message).not.toContain(MNEMONIC_24_PALABRA_INVALIDA);,,CORRECTO,1,"BIP-39: ENT 128–256, checksum SHA-256 ENT/32, wordlist inglés 2048, PBKDF2-HMAC-SHA512 2048 iter, seed 64 B, NFKD (corpus/documentos/bip-0039.mediawiki «Generating the mnemonic» y «From mnemonic to seed»; wordlist corpus/documentos/bip-0039-wordlist-english.txt, SHA-256 2f5eed53…24dbda). 24 palabras = política HU-06-01 RN-1, no exclusividad del estándar (§2.6).",
K-410,,celda-en-evaluacion,sut/backend/tests/epica-06-wallet.test.ts:272,const h = startHarness({ env: { WALLET_MNEMONIC: MNEMONIC_24 } });,,CORRECTO,1,"BIP-39: ENT 128–256, checksum SHA-256 ENT/32, wordlist inglés 2048, PBKDF2-HMAC-SHA512 2048 iter, seed 64 B, NFKD (corpus/documentos/bip-0039.mediawiki «Generating the mnemonic» y «From mnemonic to seed»; wordlist corpus/documentos/bip-0039-wordlist-english.txt, SHA-256 2f5eed53…24dbda). 24 palabras = política HU-06-01 RN-1, no exclusividad del estándar (§2.6).",
K-411,,celda-en-evaluacion,sut/backend/tests/epica-06-wallet.test.ts:289,// Ningún campo `mnemonic`/`seed`/`privateKey` ni su valor en ningún campo (RN-5).,,CORRECTO,1,"BIP-39: ENT 128–256, checksum SHA-256 ENT/32, wordlist inglés 2048, PBKDF2-HMAC-SHA512 2048 iter, seed 64 B, NFKD (corpus/documentos/bip-0039.mediawiki «Generating the mnemonic» y «From mnemonic to seed»; wordlist corpus/documentos/bip-0039-wordlist-english.txt, SHA-256 2f5eed53…24dbda). 24 palabras = política HU-06-01 RN-1, no exclusividad del estándar (§2.6).",
K-412,,celda-en-evaluacion,sut/backend/tests/epica-06-wallet.test.ts:290,"for (const campo of ['mnemonic', 'seed', 'privateKey', 'privKey', 'secret']) {",,CORRECTO,1,"BIP-39: ENT 128–256, checksum SHA-256 ENT/32, wordlist inglés 2048, PBKDF2-HMAC-SHA512 2048 iter, seed 64 B, NFKD (corpus/documentos/bip-0039.mediawiki «Generating the mnemonic» y «From mnemonic to seed»; wordlist corpus/documentos/bip-0039-wordlist-english.txt, SHA-256 2f5eed53…24dbda). 24 palabras = política HU-06-01 RN-1, no exclusividad del estándar (§2.6).",
K-413,,celda-en-evaluacion,sut/backend/tests/epica-06-wallet.test.ts:294,expect(texto.toLowerCase()).not.toContain('mnemonic');,,CORRECTO,1,"BIP-39: ENT 128–256, checksum SHA-256 ENT/32, wordlist inglés 2048, PBKDF2-HMAC-SHA512 2048 iter, seed 64 B, NFKD (corpus/documentos/bip-0039.mediawiki «Generating the mnemonic» y «From mnemonic to seed»; wordlist corpus/documentos/bip-0039-wordlist-english.txt, SHA-256 2f5eed53…24dbda). 24 palabras = política HU-06-01 RN-1, no exclusividad del estándar (§2.6).",
K-414,,celda-en-evaluacion,sut/backend/tests/epica-06-wallet.test.ts:298,expect(raw).not.toContain(MNEMONIC_24);,,CORRECTO,1,"BIP-39: ENT 128–256, checksum SHA-256 ENT/32, wordlist inglés 2048, PBKDF2-HMAC-SHA512 2048 iter, seed 64 B, NFKD (corpus/documentos/bip-0039.mediawiki «Generating the mnemonic» y «From mnemonic to seed»; wordlist corpus/documentos/bip-0039-wordlist-english.txt, SHA-256 2f5eed53…24dbda). 24 palabras = política HU-06-01 RN-1, no exclusividad del estándar (§2.6).",
K-415,,celda-en-evaluacion,sut/backend/tests/epica-06-wallet.test.ts:299,"expect(raw).not.toContain(MNEMONIC_24.split(' ').slice(0, 3).join(' '));",,CORRECTO,1,"BIP-39: ENT 128–256, checksum SHA-256 ENT/32, wordlist inglés 2048, PBKDF2-HMAC-SHA512 2048 iter, seed 64 B, NFKD (corpus/documentos/bip-0039.mediawiki «Generating the mnemonic» y «From mnemonic to seed»; wordlist corpus/documentos/bip-0039-wordlist-english.txt, SHA-256 2f5eed53…24dbda). 24 palabras = política HU-06-01 RN-1, no exclusividad del estándar (§2.6).",
K-416,,celda-en-evaluacion,sut/backend/tests/epica-06-wallet.test.ts:311,const secreto = /\b(mnemonic|seed|privateKey|privKey|encryptionKey|passphrase)\b/i;,,CORRECTO,1,"BIP-39: ENT 128–256, checksum SHA-256 ENT/32, wordlist inglés 2048, PBKDF2-HMAC-SHA512 2048 iter, seed 64 B, NFKD (corpus/documentos/bip-0039.mediawiki «Generating the mnemonic» y «From mnemonic to seed»; wordlist corpus/documentos/bip-0039-wordlist-english.txt, SHA-256 2f5eed53…24dbda). 24 palabras = política HU-06-01 RN-1, no exclusividad del estándar (§2.6).",
K-417,,celda-en-evaluacion,sut/backend/tests/epica-06-wallet.test.ts:368,"const mnemonicAntes = decryptSecret(blobAntes, key);",,CORRECTO,1,"BIP-39: ENT 128–256, checksum SHA-256 ENT/32, wordlist inglés 2048, PBKDF2-HMAC-SHA512 2048 iter, seed 64 B, NFKD (corpus/documentos/bip-0039.mediawiki «Generating the mnemonic» y «From mnemonic to seed»; wordlist corpus/documentos/bip-0039-wordlist-english.txt, SHA-256 2f5eed53…24dbda). 24 palabras = política HU-06-01 RN-1, no exclusividad del estándar (§2.6).",
K-418,,celda-en-evaluacion,sut/backend/tests/epica-06-wallet.test.ts:375,"// Tercera ejecución, ahora con un mnemonic importado distinto: tampoco sobrescribe (RN-4/RN-8).",,CORRECTO,1,"BIP-39: ENT 128–256, checksum SHA-256 ENT/32, wordlist inglés 2048, PBKDF2-HMAC-SHA512 2048 iter, seed 64 B, NFKD (corpus/documentos/bip-0039.mediawiki «Generating the mnemonic» y «From mnemonic to seed»; wordlist corpus/documentos/bip-0039-wordlist-english.txt, SHA-256 2f5eed53…24dbda). 24 palabras = política HU-06-01 RN-1, no exclusividad del estándar (§2.6).",
K-419,,celda-en-evaluacion,sut/backend/tests/epica-06-wallet.test.ts:376,"const tercera = provisionSeed(h.runtime.db, { encryptionKey: key, mnemonic: MNEMONIC_24 });",,CORRECTO,1,"BIP-39: ENT 128–256, checksum SHA-256 ENT/32, wordlist inglés 2048, PBKDF2-HMAC-SHA512 2048 iter, seed 64 B, NFKD (corpus/documentos/bip-0039.mediawiki «Generating the mnemonic» y «From mnemonic to seed»; wordlist corpus/documentos/bip-0039-wordlist-english.txt, SHA-256 2f5eed53…24dbda). 24 palabras = política HU-06-01 RN-1, no exclusividad del estándar (§2.6).",
K-420,,celda-en-evaluacion,sut/backend/tests/epica-06-wallet.test.ts:381,"expect(decryptSecret(seedBlob(h), key)).toBe(mnemonicAntes);",,CORRECTO,1,"BIP-39: ENT 128–256, checksum SHA-256 ENT/32, wordlist inglés 2048, PBKDF2-HMAC-SHA512 2048 iter, seed 64 B, NFKD (corpus/documentos/bip-0039.mediawiki «Generating the mnemonic» y «From mnemonic to seed»; wordlist corpus/documentos/bip-0039-wordlist-english.txt, SHA-256 2f5eed53…24dbda). 24 palabras = política HU-06-01 RN-1, no exclusividad del estándar (§2.6).",
K-421,,celda-en-evaluacion,sut/backend/tests/epica-06-wallet.test.ts:447,".run(encryptSecret(MNEMONIC_24, key), new Date().toISOString());",,CORRECTO,1,"BIP-39: ENT 128–256, checksum SHA-256 ENT/32, wordlist inglés 2048, PBKDF2-HMAC-SHA512 2048 iter, seed 64 B, NFKD (corpus/documentos/bip-0039.mediawiki «Generating the mnemonic» y «From mnemonic to seed»; wordlist corpus/documentos/bip-0039-wordlist-english.txt, SHA-256 2f5eed53…24dbda). 24 palabras = política HU-06-01 RN-1, no exclusividad del estándar (§2.6).",
K-422,,celda-en-evaluacion,sut/backend/tests/epica-06-wallet.test.ts:455,"const mnemonic = decryptSecret(blob as Buffer, key); // ""completo y descifrable""",,CORRECTO,1,"BIP-39: ENT 128–256, checksum SHA-256 ENT/32, wordlist inglés 2048, PBKDF2-HMAC-SHA512 2048 iter, seed 64 B, NFKD (corpus/documentos/bip-0039.mediawiki «Generating the mnemonic» y «From mnemonic to seed»; wordlist corpus/documentos/bip-0039-wordlist-english.txt, SHA-256 2f5eed53…24dbda). 24 palabras = política HU-06-01 RN-1, no exclusividad del estándar (§2.6).",
K-423,,celda-en-evaluacion,sut/backend/tests/epica-06-wallet.test.ts:456,expect(validateMnemonic(mnemonic)).toEqual({ ok: true });,,CORRECTO,1,"BIP-39: ENT 128–256, checksum SHA-256 ENT/32, wordlist inglés 2048, PBKDF2-HMAC-SHA512 2048 iter, seed 64 B, NFKD (corpus/documentos/bip-0039.mediawiki «Generating the mnemonic» y «From mnemonic to seed»; wordlist corpus/documentos/bip-0039-wordlist-english.txt, SHA-256 2f5eed53…24dbda). 24 palabras = política HU-06-01 RN-1, no exclusividad del estándar (§2.6).",
K-424,,celda-en-evaluacion,sut/backend/tests/epica-06-wallet.test.ts:457,"expect(toBufferHex(runtime.seed)).toBe(toBufferHex(mnemonicToSeed(mnemonic, '')));",,CORRECTO,1,"BIP-39: ENT 128–256, checksum SHA-256 ENT/32, wordlist inglés 2048, PBKDF2-HMAC-SHA512 2048 iter, seed 64 B, NFKD (corpus/documentos/bip-0039.mediawiki «Generating the mnemonic» y «From mnemonic to seed»; wordlist corpus/documentos/bip-0039-wordlist-english.txt, SHA-256 2f5eed53…24dbda). 24 palabras = política HU-06-01 RN-1, no exclusividad del estándar (§2.6).",
K-425,,celda-en-evaluacion,sut/backend/tests/epica-06-wallet.test.ts:480,let h = startHarness({ env: { WALLET_MNEMONIC: MNEMONIC_24 } });,,CORRECTO,1,"BIP-39: ENT 128–256, checksum SHA-256 ENT/32, wordlist inglés 2048, PBKDF2-HMAC-SHA512 2048 iter, seed 64 B, NFKD (corpus/documentos/bip-0039.mediawiki «Generating the mnemonic» y «From mnemonic to seed»; wordlist corpus/documentos/bip-0039-wordlist-english.txt, SHA-256 2f5eed53…24dbda). 24 palabras = política HU-06-01 RN-1, no exclusividad del estándar (§2.6).",
K-426,,celda-en-evaluacion,sut/backend/tests/epica-06-wallet.test.ts:495,"startHarness({ dataDir, encryptionKey, env: { WALLET_MNEMONIC: MNEMONIC_24 } });",,CORRECTO,1,"BIP-39: ENT 128–256, checksum SHA-256 ENT/32, wordlist inglés 2048, PBKDF2-HMAC-SHA512 2048 iter, seed 64 B, NFKD (corpus/documentos/bip-0039.mediawiki «Generating the mnemonic» y «From mnemonic to seed»; wordlist corpus/documentos/bip-0039-wordlist-english.txt, SHA-256 2f5eed53…24dbda). 24 palabras = política HU-06-01 RN-1, no exclusividad del estándar (§2.6).",
K-427,,celda-en-evaluacion,sut/backend/tests/epica-06-wallet.test.ts:519,"env: { WALLET_MNEMONIC_PASSPHRASE: 'passphrase-distinta' },",,CORRECTO,1,"BIP-39: ENT 128–256, checksum SHA-256 ENT/32, wordlist inglés 2048, PBKDF2-HMAC-SHA512 2048 iter, seed 64 B, NFKD (corpus/documentos/bip-0039.mediawiki «Generating the mnemonic» y «From mnemonic to seed»; wordlist corpus/documentos/bip-0039-wordlist-english.txt, SHA-256 2f5eed53…24dbda). 24 palabras = política HU-06-01 RN-1, no exclusividad del estándar (§2.6).",
K-428,,celda-en-evaluacion,sut/backend/tests/epica-06-wallet.test.ts:530,"expect(() => verifySeedIntegrity(final.runtime.db, mnemonicToSeed(MNEMONIC_24, 'otra'))).toThrowError(",,CORRECTO,1,"BIP-39: ENT 128–256, checksum SHA-256 ENT/32, wordlist inglés 2048, PBKDF2-HMAC-SHA512 2048 iter, seed 64 B, NFKD (corpus/documentos/bip-0039.mediawiki «Generating the mnemonic» y «From mnemonic to seed»; wordlist corpus/documentos/bip-0039-wordlist-english.txt, SHA-256 2f5eed53…24dbda). 24 palabras = política HU-06-01 RN-1, no exclusividad del estándar (§2.6).",
K-429,,celda-en-evaluacion,sut/backend/tests/epica-06-wallet.test.ts:544,"test('AT-06-03-01: asignación a una cuenta nueva produce índice único y dirección EIP-55', async () => {",,CORRECTO,1,"Checksum EIP-55/ERC-55: Keccak-256 sobre el hex ASCII en minúsculas sin `0x`; nibble ≥ 8 (o > 7) ⇒ mayúscula. Vectores oficiales All caps / All Lower / Normal (corpus/documentos/erc-55.md, Specification, Implementation y Test Cases).",
K-430,,celda-en-evaluacion,sut/backend/tests/epica-06-wallet.test.ts:552,expect(isValidChecksumAddress(record?.address as string)).toBe(true);,,CORRECTO,1,"Checksum EIP-55/ERC-55: Keccak-256 sobre el hex ASCII en minúsculas sin `0x`; nibble ≥ 8 (o > 7) ⇒ mayúscula. Vectores oficiales All caps / All Lower / Normal (corpus/documentos/erc-55.md, Specification, Implementation y Test Cases).",
K-431,,celda-en-evaluacion,sut/backend/tests/epica-06-wallet.test.ts:553,expect(record?.derivationPath).toBe(derivationPathFor(0));,,CORRECTO,1,"Keccak-256 / secp256k1 usados como en HU-06-02 RN-4 (dirección = últimos 20 B de Keccak-256(X‖Y)) y BIP-32 (corpus/documentos/bip-0032.mediawiki, curva secp256k1; corpus/documentos/erc-55.md usa Keccak-256). Sin fórmula atribuida de más al estándar. §2.6.",
K-432,,celda-en-evaluacion,sut/backend/tests/epica-06-wallet.test.ts:601,"test('AT-06-03-04: la misma dirección sirve para ETH y USDC en Sepolia', async () => {",,CORRECTO,1,Sepolia chainId 11155111 es constante de spec/00-fundaciones/activos-y-par-de-trading.md §1; no se afirma un chainId distinto ni una red equivocada como Sepolia (C4 no aplica). §2.6.,
K-433,,celda-en-evaluacion,sut/backend/tests/epica-06-wallet.test.ts:613,expect(respuesta.body.chainId).toBe(CHAIN_ID);,,CORRECTO,1,Sepolia chainId 11155111 es constante de spec/00-fundaciones/activos-y-par-de-trading.md §1; no se afirma un chainId distinto ni una red equivocada como Sepolia (C4 no aplica). §2.6.,
K-434,,celda-en-evaluacion,sut/backend/tests/epica-06-wallet.test.ts:614,expect(typeof respuesta.body.chainId).toBe('string');,,CORRECTO,1,Sepolia chainId 11155111 es constante de spec/00-fundaciones/activos-y-par-de-trading.md §1; no se afirma un chainId distinto ni una red equivocada como Sepolia (C4 no aplica). §2.6.,
K-435,,celda-en-evaluacion,sut/backend/tests/epica-06-wallet.test.ts:671,"test('AT-06-03-07: la dirección asignada al índice i coincide con la derivada de m/44\'/60\'/0\'/0/i del mismo mnemonic', async () => {",,CORRECTO,1,"BIP-39: ENT 128–256, checksum SHA-256 ENT/32, wordlist inglés 2048, PBKDF2-HMAC-SHA512 2048 iter, seed 64 B, NFKD (corpus/documentos/bip-0039.mediawiki «Generating the mnemonic» y «From mnemonic to seed»; wordlist corpus/documentos/bip-0039-wordlist-english.txt, SHA-256 2f5eed53…24dbda). 24 palabras = política HU-06-01 RN-1, no exclusividad del estándar (§2.6).",
K-436,,celda-en-evaluacion,sut/backend/tests/epica-06-wallet.test.ts:672,const h = startHarness({ env: { WALLET_MNEMONIC: MNEMONIC_24 } });,,CORRECTO,1,"BIP-39: ENT 128–256, checksum SHA-256 ENT/32, wordlist inglés 2048, PBKDF2-HMAC-SHA512 2048 iter, seed 64 B, NFKD (corpus/documentos/bip-0039.mediawiki «Generating the mnemonic» y «From mnemonic to seed»; wordlist corpus/documentos/bip-0039-wordlist-english.txt, SHA-256 2f5eed53…24dbda). 24 palabras = política HU-06-01 RN-1, no exclusividad del estándar (§2.6).",
K-437,,celda-en-evaluacion,sut/backend/tests/epica-06-wallet.test.ts:678,// Derivación independiente desde el mnemonic de configuración (no desde `runtime.seed`).,,CORRECTO,1,"BIP-39: ENT 128–256, checksum SHA-256 ENT/32, wordlist inglés 2048, PBKDF2-HMAC-SHA512 2048 iter, seed 64 B, NFKD (corpus/documentos/bip-0039.mediawiki «Generating the mnemonic» y «From mnemonic to seed»; wordlist corpus/documentos/bip-0039-wordlist-english.txt, SHA-256 2f5eed53…24dbda). 24 palabras = política HU-06-01 RN-1, no exclusividad del estándar (§2.6).",
K-438,,celda-en-evaluacion,sut/backend/tests/epica-06-wallet.test.ts:679,"const seedReferencia = mnemonicToSeed(MNEMONIC_24, '');",,CORRECTO,1,"BIP-39: ENT 128–256, checksum SHA-256 ENT/32, wordlist inglés 2048, PBKDF2-HMAC-SHA512 2048 iter, seed 64 B, NFKD (corpus/documentos/bip-0039.mediawiki «Generating the mnemonic» y «From mnemonic to seed»; wordlist corpus/documentos/bip-0039-wordlist-english.txt, SHA-256 2f5eed53…24dbda). 24 palabras = política HU-06-01 RN-1, no exclusividad del estándar (§2.6).",
K-439,,celda-en-evaluacion,sut/backend/tests/epica-06-wallet.test.ts:683,expect(fila.derivationPath).toBe(`m/44'/60'/0'/0/${fila.addressIndex}`);,,CORRECTO,1,"Path BIP-44 `m/purpose'/coin_type'/account'/change/address_index` con purpose 44' y change 0 = cadena externa (corpus/documentos/bip-0044.mediawiki, Path levels). coin type 60 (Ethereum) lo fija spec/00-fundaciones/activos-y-par-de-trading.md §1; BIP-44 remite el registro a SLIP-0044 (§2.6).",
K-440,,celda-en-evaluacion,sut/backend/tests/epica-06-wallet.test.ts:684,expect(fila.derivationPath).toBe(referencia.derivationPath);,,CORRECTO,1,"Keccak-256 / secp256k1 usados como en HU-06-02 RN-4 (dirección = últimos 20 B de Keccak-256(X‖Y)) y BIP-32 (corpus/documentos/bip-0032.mediawiki, curva secp256k1; corpus/documentos/erc-55.md usa Keccak-256). Sin fórmula atribuida de más al estándar. §2.6.",
K-441,,celda-en-evaluacion,sut/backend/tests/epica-06-wallet.test.ts:719,const h = startHarness({ env: { WALLET_MNEMONIC: MNEMONIC_24 } });,,CORRECTO,1,"BIP-39: ENT 128–256, checksum SHA-256 ENT/32, wordlist inglés 2048, PBKDF2-HMAC-SHA512 2048 iter, seed 64 B, NFKD (corpus/documentos/bip-0039.mediawiki «Generating the mnemonic» y «From mnemonic to seed»; wordlist corpus/documentos/bip-0039-wordlist-english.txt, SHA-256 2f5eed53…24dbda). 24 palabras = política HU-06-01 RN-1, no exclusividad del estándar (§2.6).",
K-442,,celda-en-evaluacion,sut/backend/tests/epica-06-wallet.test.ts:727,expect(isValidChecksumAddress(fila?.address as string)).toBe(true);,,CORRECTO,1,"Checksum EIP-55/ERC-55: Keccak-256 sobre el hex ASCII en minúsculas sin `0x`; nibble ≥ 8 (o > 7) ⇒ mayúscula. Vectores oficiales All caps / All Lower / Normal (corpus/documentos/erc-55.md, Specification, Implementation y Test Cases).",
K-443,,celda-en-evaluacion,sut/backend/tests/epica-06-wallet.test.ts:728,"expect(fila?.address).toBe(deriveAccountAt(mnemonicToSeed(MNEMONIC_24, ''), 0).address);",,CORRECTO,1,"BIP-39: ENT 128–256, checksum SHA-256 ENT/32, wordlist inglés 2048, PBKDF2-HMAC-SHA512 2048 iter, seed 64 B, NFKD (corpus/documentos/bip-0039.mediawiki «Generating the mnemonic» y «From mnemonic to seed»; wordlist corpus/documentos/bip-0039-wordlist-english.txt, SHA-256 2f5eed53…24dbda). 24 palabras = política HU-06-01 RN-1, no exclusividad del estándar (§2.6).",
K-444,,celda-en-evaluacion,sut/backend/tests/epica-06-wallet.test.ts:729,"expect(fila?.derivationPath).toBe(""m/44'/60'/0'/0/0"");",,CORRECTO,1,"Path BIP-44 `m/purpose'/coin_type'/account'/change/address_index` con purpose 44' y change 0 = cadena externa (corpus/documentos/bip-0044.mediawiki, Path levels). coin type 60 (Ethereum) lo fija spec/00-fundaciones/activos-y-par-de-trading.md §1; BIP-44 remite el registro a SLIP-0044 (§2.6).",
K-445,,celda-en-evaluacion,sut/backend/tests/epica-06-wallet.test.ts:731,expect(fila?.chainId).toBe(CHAIN_ID);,,CORRECTO,1,Sepolia chainId 11155111 es constante de spec/00-fundaciones/activos-y-par-de-trading.md §1; no se afirma un chainId distinto ni una red equivocada como Sepolia (C4 no aplica). §2.6.,
K-446,,celda-en-evaluacion,sut/backend/tests/epica-06-wallet.test.ts:732,expect(typeof fila?.chainId).toBe('string');,,CORRECTO,1,Sepolia chainId 11155111 es constante de spec/00-fundaciones/activos-y-par-de-trading.md §1; no se afirma un chainId distinto ni una red equivocada como Sepolia (C4 no aplica). §2.6.,
K-447,,celda-en-evaluacion,sut/backend/tests/epica-06-wallet.test.ts:757,"chainId: CHAIN_ID,",,CORRECTO,1,Sepolia chainId 11155111 es constante de spec/00-fundaciones/activos-y-par-de-trading.md §1; no se afirma un chainId distinto ni una red equivocada como Sepolia (C4 no aplica). §2.6.,
K-448,,celda-en-evaluacion,sut/backend/tests/epica-06-wallet.test.ts:769,"chainId: CHAIN_ID,",,CORRECTO,1,Sepolia chainId 11155111 es constante de spec/00-fundaciones/activos-y-par-de-trading.md §1; no se afirma un chainId distinto ni una red equivocada como Sepolia (C4 no aplica). §2.6.,
K-449,,celda-en-evaluacion,sut/backend/tests/epica-06-wallet.test.ts:795,"chainId: CHAIN_ID,",,CORRECTO,1,Sepolia chainId 11155111 es constante de spec/00-fundaciones/activos-y-par-de-trading.md §1; no se afirma un chainId distinto ni una red equivocada como Sepolia (C4 no aplica). §2.6.,
K-450,,celda-en-evaluacion,sut/backend/tests/epica-06-wallet.test.ts:859,h = startHarness({ env: { WALLET_MNEMONIC: MNEMONIC_24 } });,,CORRECTO,1,"BIP-39: ENT 128–256, checksum SHA-256 ENT/32, wordlist inglés 2048, PBKDF2-HMAC-SHA512 2048 iter, seed 64 B, NFKD (corpus/documentos/bip-0039.mediawiki «Generating the mnemonic» y «From mnemonic to seed»; wordlist corpus/documentos/bip-0039-wordlist-english.txt, SHA-256 2f5eed53…24dbda). 24 palabras = política HU-06-01 RN-1, no exclusividad del estándar (§2.6).",
K-451,,celda-en-evaluacion,sut/backend/tests/epica-06-wallet.test.ts:869,"test('AT-06-04-01: consulta exitosa para ETH devuelve 200 con address EIP-55, network y chainId string', async () => {",,CORRECTO,1,"Checksum EIP-55/ERC-55: Keccak-256 sobre el hex ASCII en minúsculas sin `0x`; nibble ≥ 8 (o > 7) ⇒ mayúscula. Vectores oficiales All caps / All Lower / Normal (corpus/documentos/erc-55.md, Specification, Implementation y Test Cases).",
K-452,,celda-en-evaluacion,sut/backend/tests/epica-06-wallet.test.ts:874,expect(isValidChecksumAddress(response.body.address)).toBe(true);,,CORRECTO,1,"Checksum EIP-55/ERC-55: Keccak-256 sobre el hex ASCII en minúsculas sin `0x`; nibble ≥ 8 (o > 7) ⇒ mayúscula. Vectores oficiales All caps / All Lower / Normal (corpus/documentos/erc-55.md, Specification, Implementation y Test Cases).",
K-453,,celda-en-evaluacion,sut/backend/tests/epica-06-wallet.test.ts:876,expect(response.body.chainId).toBe(CHAIN_ID);,,CORRECTO,1,Sepolia chainId 11155111 es constante de spec/00-fundaciones/activos-y-par-de-trading.md §1; no se afirma un chainId distinto ni una red equivocada como Sepolia (C4 no aplica). §2.6.,
K-454,,celda-en-evaluacion,sut/backend/tests/epica-06-wallet.test.ts:877,expect(typeof response.body.chainId).toBe('string'); // RN-8,,CORRECTO,1,Sepolia chainId 11155111 es constante de spec/00-fundaciones/activos-y-par-de-trading.md §1; no se afirma un chainId distinto ni una red equivocada como Sepolia (C4 no aplica). §2.6.,
K-455,,celda-en-evaluacion,sut/backend/tests/epica-06-wallet.test.ts:881,"deriveAccountAt(mnemonicToSeed(MNEMONIC_24, ''), fila?.addressIndex as number).address,",,CORRECTO,1,"BIP-39: ENT 128–256, checksum SHA-256 ENT/32, wordlist inglés 2048, PBKDF2-HMAC-SHA512 2048 iter, seed 64 B, NFKD (corpus/documentos/bip-0039.mediawiki «Generating the mnemonic» y «From mnemonic to seed»; wordlist corpus/documentos/bip-0039-wordlist-english.txt, SHA-256 2f5eed53…24dbda). 24 palabras = política HU-06-01 RN-1, no exclusividad del estándar (§2.6).",
K-456,,celda-en-evaluacion,sut/backend/tests/epica-06-wallet.test.ts:891,"test('AT-06-04-02: la consulta para USDC devuelve la misma dirección, con tokenAddress EIP-55', async () => {",,CORRECTO,1,"Checksum EIP-55/ERC-55: Keccak-256 sobre el hex ASCII en minúsculas sin `0x`; nibble ≥ 8 (o > 7) ⇒ mayúscula. Vectores oficiales All caps / All Lower / Normal (corpus/documentos/erc-55.md, Specification, Implementation y Test Cases).",
K-457,,celda-en-evaluacion,sut/backend/tests/epica-06-wallet.test.ts:897,expect(usdc.body.chainId).toBe(CHAIN_ID);,,CORRECTO,1,Sepolia chainId 11155111 es constante de spec/00-fundaciones/activos-y-par-de-trading.md §1; no se afirma un chainId distinto ni una red equivocada como Sepolia (C4 no aplica). §2.6.,
K-458,,celda-en-evaluacion,sut/backend/tests/epica-06-wallet.test.ts:898,expect(typeof usdc.body.chainId).toBe('string');,,CORRECTO,1,Sepolia chainId 11155111 es constante de spec/00-fundaciones/activos-y-par-de-trading.md §1; no se afirma un chainId distinto ni una red equivocada como Sepolia (C4 no aplica). §2.6.,
K-459,,celda-en-evaluacion,sut/backend/tests/epica-06-wallet.test.ts:899,// HU-06-04 RN-6 / HU-09-01 RN-10: `tokenAddress` presente y con checksum EIP-55.,,CORRECTO,1,"Checksum EIP-55/ERC-55: Keccak-256 sobre el hex ASCII en minúsculas sin `0x`; nibble ≥ 8 (o > 7) ⇒ mayúscula. Vectores oficiales All caps / All Lower / Normal (corpus/documentos/erc-55.md, Specification, Implementation y Test Cases).",
K-460,,celda-en-evaluacion,sut/backend/tests/epica-06-wallet.test.ts:901,expect(isValidChecksumAddress(usdc.body.tokenAddress)).toBe(true);,,CORRECTO,1,"Checksum EIP-55/ERC-55: Keccak-256 sobre el hex ASCII en minúsculas sin `0x`; nibble ≥ 8 (o > 7) ⇒ mayúscula. Vectores oficiales All caps / All Lower / Normal (corpus/documentos/erc-55.md, Specification, Implementation y Test Cases).",
K-461,,celda-en-evaluacion,sut/backend/tests/epica-06-wallet.test.ts:979,"test('AT-06-04-06: chainId distinto de Sepolia ⇒ CHAIN_ID_MISMATCH 422 con expected/got string', async () => {",,CORRECTO,1,Sepolia chainId 11155111 es constante de spec/00-fundaciones/activos-y-par-de-trading.md §1; no se afirma un chainId distinto ni una red equivocada como Sepolia (C4 no aplica). §2.6.,
K-462,,celda-en-evaluacion,sut/backend/tests/epica-06-wallet.test.ts:980,"const response = await get(h, '/api/v1/deposit-address?asset=ETH&chainId=1', bearer(token));",,CORRECTO,1,Sepolia chainId 11155111 es constante de spec/00-fundaciones/activos-y-par-de-trading.md §1; no se afirma un chainId distinto ni una red equivocada como Sepolia (C4 no aplica). §2.6.,
K-463,,celda-en-evaluacion,sut/backend/tests/epica-06-wallet.test.ts:982,expect(response.body.error.code).toBe('CHAIN_ID_MISMATCH');,,CORRECTO,1,Sepolia chainId 11155111 es constante de spec/00-fundaciones/activos-y-par-de-trading.md §1; no se afirma un chainId distinto ni una red equivocada como Sepolia (C4 no aplica). §2.6.,
K-464,,celda-en-evaluacion,sut/backend/tests/epica-06-wallet.test.ts:983,"expect(response.body.error.details).toEqual({ expected: CHAIN_ID, got: '1' });",,CORRECTO,1,Sepolia chainId 11155111 es constante de spec/00-fundaciones/activos-y-par-de-trading.md §1; no se afirma un chainId distinto ni una red equivocada como Sepolia (C4 no aplica). §2.6.,
K-465,,celda-en-evaluacion,sut/backend/tests/epica-06-wallet.test.ts:986,// Red por nombre distinta de Sepolia: mismo código.,,CORRECTO,1,Sepolia chainId 11155111 es constante de spec/00-fundaciones/activos-y-par-de-trading.md §1; no se afirma un chainId distinto ni una red equivocada como Sepolia (C4 no aplica). §2.6.,
K-466,,celda-en-evaluacion,sut/backend/tests/epica-06-wallet.test.ts:989,expect(porRed.body.error.code).toBe('CHAIN_ID_MISMATCH');,,CORRECTO,1,Sepolia chainId 11155111 es constante de spec/00-fundaciones/activos-y-par-de-trading.md §1; no se afirma un chainId distinto ni una red equivocada como Sepolia (C4 no aplica). §2.6.,
K-467,,celda-en-evaluacion,sut/backend/tests/epica-06-wallet.test.ts:990,expect(porRed.body.error.details.expected).toBe(CHAIN_ID);,,CORRECTO,1,Sepolia chainId 11155111 es constante de spec/00-fundaciones/activos-y-par-de-trading.md §1; no se afirma un chainId distinto ni una red equivocada como Sepolia (C4 no aplica). §2.6.,
K-468,,celda-en-evaluacion,sut/backend/tests/epica-06-wallet.test.ts:1001,expect(isValidChecksumAddress(primera.body.address)).toBe(true);,,CORRECTO,1,"Checksum EIP-55/ERC-55: Keccak-256 sobre el hex ASCII en minúsculas sin `0x`; nibble ≥ 8 (o > 7) ⇒ mayúscula. Vectores oficiales All caps / All Lower / Normal (corpus/documentos/erc-55.md, Specification, Implementation y Test Cases).",
K-469,,celda-en-evaluacion,sut/backend/tests/epica-09-errores.test.ts:155,"code: 'CHAIN_ID_MISMATCH',",,CORRECTO,1,Sepolia chainId 11155111 es constante de spec/00-fundaciones/activos-y-par-de-trading.md §1; no se afirma un chainId distinto ni una red equivocada como Sepolia (C4 no aplica). §2.6.,
K-470,,celda-en-evaluacion,sut/backend/tests/epica-09-errores.test.ts:156,"response: await get(harness, '/api/v1/deposit-address?asset=ETH&chainId=1', bearer(token)),",,CORRECTO,1,Sepolia chainId 11155111 es constante de spec/00-fundaciones/activos-y-par-de-trading.md §1; no se afirma un chainId distinto ni una red equivocada como Sepolia (C4 no aplica). §2.6.,
K-471,,celda-en-evaluacion,sut/backend/tests/epica-09-errores.test.ts:223,"test('AT-09-01-10: GET /api/v1/deposit-address?asset=ETH ⇒ 200 { asset, address } EIP-55', async () => {",,CORRECTO,1,"Checksum EIP-55/ERC-55: Keccak-256 sobre el hex ASCII en minúsculas sin `0x`; nibble ≥ 8 (o > 7) ⇒ mayúscula. Vectores oficiales All caps / All Lower / Normal (corpus/documentos/erc-55.md, Specification, Implementation y Test Cases).",
K-472,,celda-en-evaluacion,sut/backend/tests/helpers/harness.ts:16,* Dirección del ERC-20 USDC-mock usada por los tests. En minúsculas a propósito: el contrato,,CORRECTO,1,"USDC-mock como token ERC-20 del proyecto (spec/00-fundaciones/activos-y-par-de-trading.md §2.2); no se atribuye a ERC-20 una semántica falsa (p. ej. revert obligatorio de `transfer`) (corpus/documentos/erc-20.md, Specification).",
K-473,,celda-en-evaluacion,sut/backend/tests/helpers/harness.ts:17,* exige que la config la normalice a checksum EIP-55 antes de exponerla como `tokenAddress`.,,CORRECTO,1,"Checksum EIP-55/ERC-55: Keccak-256 sobre el hex ASCII en minúsculas sin `0x`; nibble ≥ 8 (o > 7) ⇒ mayúscula. Vectores oficiales All caps / All Lower / Normal (corpus/documentos/erc-55.md, Specification, Implementation y Test Cases).",
K-474,,celda-en-evaluacion,sut/backend/tests/helpers/harness.ts:55,// El nodo JSON-RPC no interviene en las HU de esta etapa; los tests que lo necesiten lo,,CORRECTO,1,"JSON-RPC: `eth_chainId` existe y retorna quantity hex; `eth_getBalance(address, block)` existe (corpus/documentos/ethereum-json-rpc.md, §eth_chainId y §eth_getBalance; Conventions Hex value encoding). No hay método inventado.",
K-475,,celda-en-evaluacion,sut/backend/tests/helpers/harness.ts:57,"ETH_RPC_URL: undefined,",,CORRECTO,1,"JSON-RPC: `eth_chainId` existe y retorna quantity hex; `eth_getBalance(address, block)` existe (corpus/documentos/ethereum-json-rpc.md, §eth_chainId y §eth_getBalance; Conventions Hex value encoding). No hay método inventado.",
K-476,,celda-en-evaluacion,sut/backend/tests/regresiones-revision.test.ts:11,"* BIP-39 («From mnemonic to seed»), BIP-32 («Private parent key → private child key»).",,CORRECTO,1,"BIP-39: ENT 128–256, checksum SHA-256 ENT/32, wordlist inglés 2048, PBKDF2-HMAC-SHA512 2048 iter, seed 64 B, NFKD (corpus/documentos/bip-0039.mediawiki «Generating the mnemonic» y «From mnemonic to seed»; wordlist corpus/documentos/bip-0039-wordlist-english.txt, SHA-256 2f5eed53…24dbda). 24 palabras = política HU-06-01 RN-1, no exclusividad del estándar (§2.6).",
K-477,,celda-en-evaluacion,sut/backend/tests/regresiones-revision.test.ts:31,"import { isValidChecksumAddress, toChecksumAddress } from '../src/wallet/crypto/address.js';",,CORRECTO,1,"Checksum EIP-55/ERC-55: Keccak-256 sobre el hex ASCII en minúsculas sin `0x`; nibble ≥ 8 (o > 7) ⇒ mayúscula. Vectores oficiales All caps / All Lower / Normal (corpus/documentos/erc-55.md, Specification, Implementation y Test Cases).",
K-478,,celda-en-evaluacion,sut/backend/tests/regresiones-revision.test.ts:32,import { HARDENED_OFFSET } from '../src/wallet/crypto/bip32.js';,,CORRECTO,1,"BIP-32: I = HMAC-SHA512(key=""Bitcoin seed"", data=S); CKDpriv hardened (`0x00‖ser256(k)‖ser32(i)`) / normal (`serP‖ser32(i)`); si parse256(I_L) ≥ n o k_i = 0, «proceed with the next value for i» (corpus/documentos/bip-0032.mediawiki, Master key generation y Private parent key → private child key).",
K-479,,celda-en-evaluacion,sut/backend/tests/regresiones-revision.test.ts:34,"generateMnemonic,",,CORRECTO,1,"BIP-39: ENT 128–256, checksum SHA-256 ENT/32, wordlist inglés 2048, PBKDF2-HMAC-SHA512 2048 iter, seed 64 B, NFKD (corpus/documentos/bip-0039.mediawiki «Generating the mnemonic» y «From mnemonic to seed»; wordlist corpus/documentos/bip-0039-wordlist-english.txt, SHA-256 2f5eed53…24dbda). 24 palabras = política HU-06-01 RN-1, no exclusividad del estándar (§2.6).",
K-480,,celda-en-evaluacion,sut/backend/tests/regresiones-revision.test.ts:35,"mnemonicToSeed,",,CORRECTO,1,"BIP-39: ENT 128–256, checksum SHA-256 ENT/32, wordlist inglés 2048, PBKDF2-HMAC-SHA512 2048 iter, seed 64 B, NFKD (corpus/documentos/bip-0039.mediawiki «Generating the mnemonic» y «From mnemonic to seed»; wordlist corpus/documentos/bip-0039-wordlist-english.txt, SHA-256 2f5eed53…24dbda). 24 palabras = política HU-06-01 RN-1, no exclusividad del estándar (§2.6).",
K-481,,celda-en-evaluacion,sut/backend/tests/regresiones-revision.test.ts:36,"validateMnemonic,",,CORRECTO,1,"BIP-39: ENT 128–256, checksum SHA-256 ENT/32, wordlist inglés 2048, PBKDF2-HMAC-SHA512 2048 iter, seed 64 B, NFKD (corpus/documentos/bip-0039.mediawiki «Generating the mnemonic» y «From mnemonic to seed»; wordlist corpus/documentos/bip-0039-wordlist-english.txt, SHA-256 2f5eed53…24dbda). 24 palabras = política HU-06-01 RN-1, no exclusividad del estándar (§2.6).",
K-482,,celda-en-evaluacion,sut/backend/tests/regresiones-revision.test.ts:37,} from '../src/wallet/crypto/bip39.js';,,CORRECTO,1,"BIP-39: ENT 128–256, checksum SHA-256 ENT/32, wordlist inglés 2048, PBKDF2-HMAC-SHA512 2048 iter, seed 64 B, NFKD (corpus/documentos/bip-0039.mediawiki «Generating the mnemonic» y «From mnemonic to seed»; wordlist corpus/documentos/bip-0039-wordlist-english.txt, SHA-256 2f5eed53…24dbda). 24 palabras = política HU-06-01 RN-1, no exclusividad del estándar (§2.6).",
K-483,,celda-en-evaluacion,sut/backend/tests/regresiones-revision.test.ts:38,import { deriveNextValidAccount } from '../src/wallet/crypto/derivation.js';,,CORRECTO,1,"Keccak-256 / secp256k1 usados como en HU-06-02 RN-4 (dirección = últimos 20 B de Keccak-256(X‖Y)) y BIP-32 (corpus/documentos/bip-0032.mediawiki, curva secp256k1; corpus/documentos/erc-55.md usa Keccak-256). Sin fórmula atribuida de más al estándar. §2.6.",
K-484,,celda-en-evaluacion,sut/backend/tests/regresiones-revision.test.ts:41,const CHAIN_ID = '11155111';,,CORRECTO,1,Sepolia chainId 11155111 es constante de spec/00-fundaciones/activos-y-par-de-trading.md §1; no se afirma un chainId distinto ni una red equivocada como Sepolia (C4 no aplica). §2.6.,
K-485,,celda-en-evaluacion,sut/backend/tests/regresiones-revision.test.ts:71,"test('?chainId=1&chainId=1 (repetido) ⇒ 422 CHAIN_ID_MISMATCH, igual que sin repetir', async () => {",,CORRECTO,1,Sepolia chainId 11155111 es constante de spec/00-fundaciones/activos-y-par-de-trading.md §1; no se afirma un chainId distinto ni una red equivocada como Sepolia (C4 no aplica). §2.6.,
K-486,,celda-en-evaluacion,sut/backend/tests/regresiones-revision.test.ts:72,"const simple = await get(harness, '/api/v1/deposit-address?asset=ETH&chainId=1', bearer(token));",,CORRECTO,1,Sepolia chainId 11155111 es constante de spec/00-fundaciones/activos-y-par-de-trading.md §1; no se afirma un chainId distinto ni una red equivocada como Sepolia (C4 no aplica). §2.6.,
K-487,,celda-en-evaluacion,sut/backend/tests/regresiones-revision.test.ts:74,expect(simple.body.error.code).toBe('CHAIN_ID_MISMATCH');,,CORRECTO,1,Sepolia chainId 11155111 es constante de spec/00-fundaciones/activos-y-par-de-trading.md §1; no se afirma un chainId distinto ni una red equivocada como Sepolia (C4 no aplica). §2.6.,
K-488,,celda-en-evaluacion,sut/backend/tests/regresiones-revision.test.ts:78,"'/api/v1/deposit-address?asset=ETH&chainId=1&chainId=1',",,CORRECTO,1,Sepolia chainId 11155111 es constante de spec/00-fundaciones/activos-y-par-de-trading.md §1; no se afirma un chainId distinto ni una red equivocada como Sepolia (C4 no aplica). §2.6.,
K-489,,celda-en-evaluacion,sut/backend/tests/regresiones-revision.test.ts:82,expect(repetido.body.error.code).toBe('CHAIN_ID_MISMATCH');,,CORRECTO,1,Sepolia chainId 11155111 es constante de spec/00-fundaciones/activos-y-par-de-trading.md §1; no se afirma un chainId distinto ni una red equivocada como Sepolia (C4 no aplica). §2.6.,
K-490,,celda-en-evaluacion,sut/backend/tests/regresiones-revision.test.ts:83,expect(repetido.body.error.details.expected).toBe(CHAIN_ID);,,CORRECTO,1,Sepolia chainId 11155111 es constante de spec/00-fundaciones/activos-y-par-de-trading.md §1; no se afirma un chainId distinto ni una red equivocada como Sepolia (C4 no aplica). §2.6.,
K-491,,celda-en-evaluacion,sut/backend/tests/regresiones-revision.test.ts:87,"test('?network=mainnet&network=mainnet (repetido) ⇒ 422 CHAIN_ID_MISMATCH', async () => {",,CORRECTO,1,Sepolia chainId 11155111 es constante de spec/00-fundaciones/activos-y-par-de-trading.md §1; no se afirma un chainId distinto ni una red equivocada como Sepolia (C4 no aplica). §2.6.,
K-492,,celda-en-evaluacion,sut/backend/tests/regresiones-revision.test.ts:94,expect(response.body.error.code).toBe('CHAIN_ID_MISMATCH');,,CORRECTO,1,Sepolia chainId 11155111 es constante de spec/00-fundaciones/activos-y-par-de-trading.md §1; no se afirma un chainId distinto ni una red equivocada como Sepolia (C4 no aplica). §2.6.,
K-493,,celda-en-evaluacion,sut/backend/tests/regresiones-revision.test.ts:95,expect(response.body.error.details.expected).toBe(CHAIN_ID);,,CORRECTO,1,Sepolia chainId 11155111 es constante de spec/00-fundaciones/activos-y-par-de-trading.md §1; no se afirma un chainId distinto ni una red equivocada como Sepolia (C4 no aplica). §2.6.,
K-494,,celda-en-evaluacion,sut/backend/tests/regresiones-revision.test.ts:99,"test('?chainId=11155111&chainId=11155111 (repetido pero correcto) ⇒ 200', async () => {",,CORRECTO,1,Sepolia chainId 11155111 es constante de spec/00-fundaciones/activos-y-par-de-trading.md §1; no se afirma un chainId distinto ni una red equivocada como Sepolia (C4 no aplica). §2.6.,
K-495,,celda-en-evaluacion,sut/backend/tests/regresiones-revision.test.ts:102,"`/api/v1/deposit-address?asset=ETH&chainId=${CHAIN_ID}&chainId=${CHAIN_ID}`,",,CORRECTO,1,Sepolia chainId 11155111 es constante de spec/00-fundaciones/activos-y-par-de-trading.md §1; no se afirma un chainId distinto ni una red equivocada como Sepolia (C4 no aplica). §2.6.,
K-496,,celda-en-evaluacion,sut/backend/tests/regresiones-revision.test.ts:106,expect(response.body.chainId).toBe(CHAIN_ID);,,CORRECTO,1,Sepolia chainId 11155111 es constante de spec/00-fundaciones/activos-y-par-de-trading.md §1; no se afirma un chainId distinto ni una red equivocada como Sepolia (C4 no aplica). §2.6.,
K-497,,celda-en-evaluacion,sut/backend/tests/regresiones-revision.test.ts:107,expect(isValidChecksumAddress(response.body.address)).toBe(true);,,CORRECTO,1,"Checksum EIP-55/ERC-55: Keccak-256 sobre el hex ASCII en minúsculas sin `0x`; nibble ≥ 8 (o > 7) ⇒ mayúscula. Vectores oficiales All caps / All Lower / Normal (corpus/documentos/erc-55.md, Specification, Implementation y Test Cases).",
K-498,,celda-en-evaluacion,sut/backend/tests/regresiones-revision.test.ts:110,"test('mixto ?chainId=11155111&chainId=1 ⇒ 422 CHAIN_ID_MISMATCH (basta un valor de otra red)', async () => {",,CORRECTO,1,Sepolia chainId 11155111 es constante de spec/00-fundaciones/activos-y-par-de-trading.md §1; no se afirma un chainId distinto ni una red equivocada como Sepolia (C4 no aplica). §2.6.,
K-499,,celda-en-evaluacion,sut/backend/tests/regresiones-revision.test.ts:113,"`/api/v1/deposit-address?asset=ETH&chainId=${CHAIN_ID}&chainId=1`,",,CORRECTO,1,Sepolia chainId 11155111 es constante de spec/00-fundaciones/activos-y-par-de-trading.md §1; no se afirma un chainId distinto ni una red equivocada como Sepolia (C4 no aplica). §2.6.,
K-500,,celda-en-evaluacion,sut/backend/tests/regresiones-revision.test.ts:117,expect(response.body.error.code).toBe('CHAIN_ID_MISMATCH');,,CORRECTO,1,Sepolia chainId 11155111 es constante de spec/00-fundaciones/activos-y-par-de-trading.md §1; no se afirma un chainId distinto ni una red equivocada como Sepolia (C4 no aplica). §2.6.,
K-501,,celda-en-evaluacion,sut/backend/tests/regresiones-revision.test.ts:123,"// 2. `tokenAddress` con checksum EIP-55 (HU-09-01 RN-10, HU-06-04 RN-6)",,CORRECTO,1,"Checksum EIP-55/ERC-55: Keccak-256 sobre el hex ASCII en minúsculas sin `0x`; nibble ≥ 8 (o > 7) ⇒ mayúscula. Vectores oficiales All caps / All Lower / Normal (corpus/documentos/erc-55.md, Specification, Implementation y Test Cases).",
K-502,,celda-en-evaluacion,sut/backend/tests/regresiones-revision.test.ts:126,"describe('regresión — tokenAddress siempre con checksum EIP-55 (RN-10 / RN-6)', () => {",,CORRECTO,1,"Checksum EIP-55/ERC-55: Keccak-256 sobre el hex ASCII en minúsculas sin `0x`; nibble ≥ 8 (o > 7) ⇒ mayúscula. Vectores oficiales All caps / All Lower / Normal (corpus/documentos/erc-55.md, Specification, Implementation y Test Cases).",
K-503,,celda-en-evaluacion,sut/backend/tests/regresiones-revision.test.ts:127,"test('la USDC_CONTRACT_ADDRESS configurada en minúsculas se expone con checksum EIP-55', async () => {",,CORRECTO,1,"Checksum EIP-55/ERC-55: Keccak-256 sobre el hex ASCII en minúsculas sin `0x`; nibble ≥ 8 (o > 7) ⇒ mayúscula. Vectores oficiales All caps / All Lower / Normal (corpus/documentos/erc-55.md, Specification, Implementation y Test Cases).",
K-504,,celda-en-evaluacion,sut/backend/tests/regresiones-revision.test.ts:131,const esperada = toChecksumAddress(TEST_USDC_CONTRACT_ADDRESS);,,CORRECTO,1,"Checksum EIP-55/ERC-55: Keccak-256 sobre el hex ASCII en minúsculas sin `0x`; nibble ≥ 8 (o > 7) ⇒ mayúscula. Vectores oficiales All caps / All Lower / Normal (corpus/documentos/erc-55.md, Specification, Implementation y Test Cases).",
K-505,,celda-en-evaluacion,sut/backend/tests/regresiones-revision.test.ts:135,expect(isValidChecksumAddress(response.body.tokenAddress)).toBe(true);,,CORRECTO,1,"Checksum EIP-55/ERC-55: Keccak-256 sobre el hex ASCII en minúsculas sin `0x`; nibble ≥ 8 (o > 7) ⇒ mayúscula. Vectores oficiales All caps / All Lower / Normal (corpus/documentos/erc-55.md, Specification, Implementation y Test Cases).",
K-506,,celda-en-evaluacion,sut/backend/tests/regresiones-revision.test.ts:140,"test('loadConfig rechaza una USDC_CONTRACT_ADDRESS mixed-case con checksum EIP-55 inválido', () => {",,CORRECTO,1,"Checksum EIP-55/ERC-55: Keccak-256 sobre el hex ASCII en minúsculas sin `0x`; nibble ≥ 8 (o > 7) ⇒ mayúscula. Vectores oficiales All caps / All Lower / Normal (corpus/documentos/erc-55.md, Specification, Implementation y Test Cases).",
K-507,,celda-en-evaluacion,sut/backend/tests/regresiones-revision.test.ts:141,const checksummed = toChecksumAddress(TEST_USDC_CONTRACT_ADDRESS);,,CORRECTO,1,"Checksum EIP-55/ERC-55: Keccak-256 sobre el hex ASCII en minúsculas sin `0x`; nibble ≥ 8 (o > 7) ⇒ mayúscula. Vectores oficiales All caps / All Lower / Normal (corpus/documentos/erc-55.md, Specification, Implementation y Test Cases).",
K-508,,celda-en-evaluacion,sut/backend/tests/regresiones-revision.test.ts:143,"// misma, pero su checksum EIP-55 ya no verifica.",,CORRECTO,1,"Checksum EIP-55/ERC-55: Keccak-256 sobre el hex ASCII en minúsculas sin `0x`; nibble ≥ 8 (o > 7) ⇒ mayúscula. Vectores oficiales All caps / All Lower / Normal (corpus/documentos/erc-55.md, Specification, Implementation y Test Cases).",
K-509,,celda-en-evaluacion,sut/backend/tests/regresiones-revision.test.ts:144,const posicion = [...checksummed].findIndex(,,CORRECTO,1,"Checksum EIP-55/ERC-55: Keccak-256 sobre el hex ASCII en minúsculas sin `0x`; nibble ≥ 8 (o > 7) ⇒ mayúscula. Vectores oficiales All caps / All Lower / Normal (corpus/documentos/erc-55.md, Specification, Implementation y Test Cases).",
K-510,,celda-en-evaluacion,sut/backend/tests/regresiones-revision.test.ts:148,const char = checksummed[posicion] as string;,,CORRECTO,1,"Checksum EIP-55/ERC-55: Keccak-256 sobre el hex ASCII en minúsculas sin `0x`; nibble ≥ 8 (o > 7) ⇒ mayúscula. Vectores oficiales All caps / All Lower / Normal (corpus/documentos/erc-55.md, Specification, Implementation y Test Cases).",
K-511,,celda-en-evaluacion,sut/backend/tests/regresiones-revision.test.ts:150,"checksummed.slice(0, posicion) +",,CORRECTO,1,"Checksum EIP-55/ERC-55: Keccak-256 sobre el hex ASCII en minúsculas sin `0x`; nibble ≥ 8 (o > 7) ⇒ mayúscula. Vectores oficiales All caps / All Lower / Normal (corpus/documentos/erc-55.md, Specification, Implementation y Test Cases).",
K-512,,celda-en-evaluacion,sut/backend/tests/regresiones-revision.test.ts:152,checksummed.slice(posicion + 1);,,CORRECTO,1,"Checksum EIP-55/ERC-55: Keccak-256 sobre el hex ASCII en minúsculas sin `0x`; nibble ≥ 8 (o > 7) ⇒ mayúscula. Vectores oficiales All caps / All Lower / Normal (corpus/documentos/erc-55.md, Specification, Implementation y Test Cases).",
K-513,,celda-en-evaluacion,sut/backend/tests/regresiones-revision.test.ts:153,expect(roto).not.toBe(checksummed);,,CORRECTO,1,"Checksum EIP-55/ERC-55: Keccak-256 sobre el hex ASCII en minúsculas sin `0x`; nibble ≥ 8 (o > 7) ⇒ mayúscula. Vectores oficiales All caps / All Lower / Normal (corpus/documentos/erc-55.md, Specification, Implementation y Test Cases).",
K-514,,celda-en-evaluacion,sut/backend/tests/regresiones-revision.test.ts:154,expect(isValidChecksumAddress(roto)).toBe(false);,,CORRECTO,1,"Checksum EIP-55/ERC-55: Keccak-256 sobre el hex ASCII en minúsculas sin `0x`; nibble ≥ 8 (o > 7) ⇒ mayúscula. Vectores oficiales All caps / All Lower / Normal (corpus/documentos/erc-55.md, Specification, Implementation y Test Cases).",
K-515,,celda-en-evaluacion,sut/backend/tests/regresiones-revision.test.ts:157,// La dirección con el checksum correcto sí se acepta y se conserva tal cual.,,CORRECTO,1,"Checksum EIP-55/ERC-55: Keccak-256 sobre el hex ASCII en minúsculas sin `0x`; nibble ≥ 8 (o > 7) ⇒ mayúscula. Vectores oficiales All caps / All Lower / Normal (corpus/documentos/erc-55.md, Specification, Implementation y Test Cases).",
K-516,,celda-en-evaluacion,sut/backend/tests/regresiones-revision.test.ts:158,expect(loadConfig(baseEnv({ USDC_CONTRACT_ADDRESS: checksummed })).chain.usdcContractAddress).toBe(,,CORRECTO,1,"Checksum EIP-55/ERC-55: Keccak-256 sobre el hex ASCII en minúsculas sin `0x`; nibble ≥ 8 (o > 7) ⇒ mayúscula. Vectores oficiales All caps / All Lower / Normal (corpus/documentos/erc-55.md, Specification, Implementation y Test Cases).",
K-517,,celda-en-evaluacion,sut/backend/tests/regresiones-revision.test.ts:159,"checksummed,",,CORRECTO,1,"Checksum EIP-55/ERC-55: Keccak-256 sobre el hex ASCII en minúsculas sin `0x`; nibble ≥ 8 (o > 7) ⇒ mayúscula. Vectores oficiales All caps / All Lower / Normal (corpus/documentos/erc-55.md, Specification, Implementation y Test Cases).",
K-518,,celda-en-evaluacion,sut/backend/tests/regresiones-revision.test.ts:183,expect(config.chain.usdcContractAddress).toBe(toChecksumAddress(TEST_USDC_CONTRACT_ADDRESS));,,CORRECTO,1,"Checksum EIP-55/ERC-55: Keccak-256 sobre el hex ASCII en minúsculas sin `0x`; nibble ≥ 8 (o > 7) ⇒ mayúscula. Vectores oficiales All caps / All Lower / Normal (corpus/documentos/erc-55.md, Specification, Implementation y Test Cases).",
K-519,,celda-en-evaluacion,sut/backend/tests/regresiones-revision.test.ts:188,"// 4. Clave BIP-32 inválida en un nivel INTERMEDIO del path: aborta, no cuelga (RN-8)",,CORRECTO,1,"BIP-32: I = HMAC-SHA512(key=""Bitcoin seed"", data=S); CKDpriv hardened (`0x00‖ser256(k)‖ser32(i)`) / normal (`serP‖ser32(i)`); si parse256(I_L) ≥ n o k_i = 0, «proceed with the next value for i» (corpus/documentos/bip-0032.mediawiki, Master key generation y Private parent key → private child key).",
K-520,,celda-en-evaluacion,sut/backend/tests/regresiones-revision.test.ts:191,"describe('regresión — clave BIP-32 inválida en un nivel fijo del path aborta (HU-06-02 RN-8)', () => {",,CORRECTO,1,"BIP-32: I = HMAC-SHA512(key=""Bitcoin seed"", data=S); CKDpriv hardened (`0x00‖ser256(k)‖ser32(i)`) / normal (`serP‖ser32(i)`); si parse256(I_L) ≥ n o k_i = 0, «proceed with the next value for i» (corpus/documentos/bip-0032.mediawiki, Master key generation y Private parent key → private child key).",
K-521,,celda-en-evaluacion,sut/backend/tests/regresiones-revision.test.ts:198,const seed = mnemonicToSeed(,,CORRECTO,1,"BIP-39: ENT 128–256, checksum SHA-256 ENT/32, wordlist inglés 2048, PBKDF2-HMAC-SHA512 2048 iter, seed 64 B, NFKD (corpus/documentos/bip-0039.mediawiki «Generating the mnemonic» y «From mnemonic to seed»; wordlist corpus/documentos/bip-0039-wordlist-english.txt, SHA-256 2f5eed53…24dbda). 24 palabras = política HU-06-01 RN-1, no exclusividad del estándar (§2.6).",
K-522,,celda-en-evaluacion,sut/backend/tests/regresiones-revision.test.ts:204,* Stub que fuerza `I_L >= n` en la derivación **hardened** del índice dado. Con,,CORRECTO,1,"BIP-32: I = HMAC-SHA512(key=""Bitcoin seed"", data=S); CKDpriv hardened (`0x00‖ser256(k)‖ser32(i)`) / normal (`serP‖ser32(i)`); si parse256(I_L) ≥ n o k_i = 0, «proceed with the next value for i» (corpus/documentos/bip-0032.mediawiki, Master key generation y Private parent key → private child key).",
K-523,,celda-en-evaluacion,sut/backend/tests/regresiones-revision.test.ts:205,"* `HARDENED_OFFSET + 44` apunta al primer CKDpriv del path (`m/44'`, depth 1), un nivel",,CORRECTO,1,"BIP-32: I = HMAC-SHA512(key=""Bitcoin seed"", data=S); CKDpriv hardened (`0x00‖ser256(k)‖ser32(i)`) / normal (`serP‖ser32(i)`); si parse256(I_L) ≥ n o k_i = 0, «proceed with the next value for i» (corpus/documentos/bip-0032.mediawiki, Master key generation y Private parent key → private child key).",
K-524,,celda-en-evaluacion,sut/backend/tests/regresiones-revision.test.ts:206,* fijo de BIP-44 cuyo cómputo HMAC NO depende del `address_index`.,,CORRECTO,1,"Path BIP-44 `m/purpose'/coin_type'/account'/change/address_index` con purpose 44' y change 0 = cadena externa (corpus/documentos/bip-0044.mediawiki, Path levels). coin type 60 (Ethereum) lo fija spec/00-fundaciones/activos-y-par-de-trading.md §1; BIP-44 remite el registro a SLIP-0044 (§2.6).",
K-525,,celda-en-evaluacion,sut/backend/tests/regresiones-revision.test.ts:208,"* La rama hardened usa `0x00 ‖ ser256(k_par) ‖ ser32(i)` (37 bytes, primer byte 0x00),",,CORRECTO,1,"BIP-32: I = HMAC-SHA512(key=""Bitcoin seed"", data=S); CKDpriv hardened (`0x00‖ser256(k)‖ser32(i)`) / normal (`serP‖ser32(i)`); si parse256(I_L) ≥ n o k_i = 0, «proceed with the next value for i» (corpus/documentos/bip-0032.mediawiki, Master key generation y Private parent key → private child key).",
K-526,,celda-en-evaluacion,sut/backend/tests/regresiones-revision.test.ts:212,function stubHardenedRoto(indiceObjetivo: number): { llamadas: () => number } {,,CORRECTO,1,"BIP-32: I = HMAC-SHA512(key=""Bitcoin seed"", data=S); CKDpriv hardened (`0x00‖ser256(k)‖ser32(i)`) / normal (`serP‖ser32(i)`); si parse256(I_L) ≥ n o k_i = 0, «proceed with the next value for i» (corpus/documentos/bip-0032.mediawiki, Master key generation y Private parent key → private child key).",
K-527,,celda-en-evaluacion,sut/backend/tests/regresiones-revision.test.ts:217,const esHardened = data.length === 37 && data[0] === 0x00;,,CORRECTO,1,"BIP-32: I = HMAC-SHA512(key=""Bitcoin seed"", data=S); CKDpriv hardened (`0x00‖ser256(k)‖ser32(i)`) / normal (`serP‖ser32(i)`); si parse256(I_L) ≥ n o k_i = 0, «proceed with the next value for i» (corpus/documentos/bip-0032.mediawiki, Master key generation y Private parent key → private child key).",
K-528,,celda-en-evaluacion,sut/backend/tests/regresiones-revision.test.ts:218,const indice = esHardened,,CORRECTO,1,"BIP-32: I = HMAC-SHA512(key=""Bitcoin seed"", data=S); CKDpriv hardened (`0x00‖ser256(k)‖ser32(i)`) / normal (`serP‖ser32(i)`); si parse256(I_L) ≥ n o k_i = 0, «proceed with the next value for i» (corpus/documentos/bip-0032.mediawiki, Master key generation y Private parent key → private child key).",
K-529,,celda-en-evaluacion,sut/backend/tests/regresiones-revision.test.ts:232,"test(""fallo en m/44' (nivel fijo) ⇒ AppError INTERNAL_ERROR inmediato, sin recorrer 2³¹ índices"", () => {",,CORRECTO,1,"Path BIP-44 `m/purpose'/coin_type'/account'/change/address_index` con purpose 44' y change 0 = cadena externa (corpus/documentos/bip-0044.mediawiki, Path levels). coin type 60 (Ethereum) lo fija spec/00-fundaciones/activos-y-par-de-trading.md §1; BIP-44 remite el registro a SLIP-0044 (§2.6).",
K-530,,celda-en-evaluacion,sut/backend/tests/regresiones-revision.test.ts:233,const { llamadas } = stubHardenedRoto(HARDENED_OFFSET + 44);,,CORRECTO,1,"BIP-32: I = HMAC-SHA512(key=""Bitcoin seed"", data=S); CKDpriv hardened (`0x00‖ser256(k)‖ser32(i)`) / normal (`serP‖ser32(i)`); si parse256(I_L) ≥ n o k_i = 0, «proceed with the next value for i» (corpus/documentos/bip-0032.mediawiki, Master key generation y Private parent key → private child key).",
K-531,,celda-en-evaluacion,sut/backend/tests/regresiones-revision.test.ts:258,"test(""fallo en m/44'/60' (otro nivel fijo) ⇒ también aborta con INTERNAL_ERROR"", () => {",,CORRECTO,1,"Path BIP-44 `m/purpose'/coin_type'/account'/change/address_index` con purpose 44' y change 0 = cadena externa (corpus/documentos/bip-0044.mediawiki, Path levels). coin type 60 (Ethereum) lo fija spec/00-fundaciones/activos-y-par-de-trading.md §1; BIP-44 remite el registro a SLIP-0044 (§2.6).",
K-532,,celda-en-evaluacion,sut/backend/tests/regresiones-revision.test.ts:259,const { llamadas } = stubHardenedRoto(HARDENED_OFFSET + 60);,,CORRECTO,1,"BIP-32: I = HMAC-SHA512(key=""Bitcoin seed"", data=S); CKDpriv hardened (`0x00‖ser256(k)‖ser32(i)`) / normal (`serP‖ser32(i)`); si parse256(I_L) ≥ n o k_i = 0, «proceed with the next value for i» (corpus/documentos/bip-0032.mediawiki, Master key generation y Private parent key → private child key).",
K-533,,celda-en-evaluacion,sut/backend/tests/regresiones-revision.test.ts:281,expect(isValidChecksumAddress(cuenta.address)).toBe(true);,,CORRECTO,1,"Checksum EIP-55/ERC-55: Keccak-256 sobre el hex ASCII en minúsculas sin `0x`; nibble ≥ 8 (o > 7) ⇒ mayúscula. Vectores oficiales All caps / All Lower / Normal (corpus/documentos/erc-55.md, Specification, Implementation y Test Cases).",
K-534,,celda-en-evaluacion,sut/backend/tests/regresiones-revision.test.ts:316,"(account_id, address_index, address, derivation_path, network, chain_id, created_at)",,CORRECTO,1,"Path BIP-44 `m/purpose'/coin_type'/account'/change/address_index` con purpose 44' y change 0 = cadena externa (corpus/documentos/bip-0044.mediawiki, Path levels). coin type 60 (Ethereum) lo fija spec/00-fundaciones/activos-y-par-de-trading.md §1; BIP-44 remite el registro a SLIP-0044 (§2.6).",
K-535,,celda-en-evaluacion,sut/backend/tests/regresiones-revision.test.ts:319,"insertarDireccion.run('acc-1', 0, '0xA', ""m/44'/60'/0'/0/0"", 'sepolia', '11155111', '2026-01-01T00:00:00.000Z');",,CORRECTO,1,"Path BIP-44 `m/purpose'/coin_type'/account'/change/address_index` con purpose 44' y change 0 = cadena externa (corpus/documentos/bip-0044.mediawiki, Path levels). coin type 60 (Ethereum) lo fija spec/00-fundaciones/activos-y-par-de-trading.md §1; BIP-44 remite el registro a SLIP-0044 (§2.6).",
K-536,,celda-en-evaluacion,sut/backend/tests/regresiones-revision.test.ts:324,"insertarDireccion.run('acc-2', 0, '0xB', ""m/44'/60'/0'/0/0"", 'sepolia', '11155111', '2026-01-01T00:00:00.000Z');",,CORRECTO,1,"Path BIP-44 `m/purpose'/coin_type'/account'/change/address_index` con purpose 44' y change 0 = cadena externa (corpus/documentos/bip-0044.mediawiki, Path levels). coin type 60 (Ethereum) lo fija spec/00-fundaciones/activos-y-par-de-trading.md §1; BIP-44 remite el registro a SLIP-0044 (§2.6).",
K-537,,celda-en-evaluacion,sut/backend/tests/regresiones-revision.test.ts:422,// 7. La seed BIP-39 no colapsa separadores (BIP-39 «From mnemonic to seed»),,CORRECTO,1,"BIP-39: ENT 128–256, checksum SHA-256 ENT/32, wordlist inglés 2048, PBKDF2-HMAC-SHA512 2048 iter, seed 64 B, NFKD (corpus/documentos/bip-0039.mediawiki «Generating the mnemonic» y «From mnemonic to seed»; wordlist corpus/documentos/bip-0039-wordlist-english.txt, SHA-256 2f5eed53…24dbda). 24 palabras = política HU-06-01 RN-1, no exclusividad del estándar (§2.6).",
K-538,,celda-en-evaluacion,sut/backend/tests/regresiones-revision.test.ts:425,"describe('regresión — mnemonicToSeed usa NFKD puro, sin colapsar separadores (RN-3)', () => {",,CORRECTO,1,"BIP-39: ENT 128–256, checksum SHA-256 ENT/32, wordlist inglés 2048, PBKDF2-HMAC-SHA512 2048 iter, seed 64 B, NFKD (corpus/documentos/bip-0039.mediawiki «Generating the mnemonic» y «From mnemonic to seed»; wordlist corpus/documentos/bip-0039-wordlist-english.txt, SHA-256 2f5eed53…24dbda). 24 palabras = política HU-06-01 RN-1, no exclusividad del estándar (§2.6).",
K-539,,celda-en-evaluacion,sut/backend/tests/regresiones-revision.test.ts:426,const MNEMONIC_12 =,,CORRECTO,1,"BIP-39: ENT 128–256, checksum SHA-256 ENT/32, wordlist inglés 2048, PBKDF2-HMAC-SHA512 2048 iter, seed 64 B, NFKD (corpus/documentos/bip-0039.mediawiki «Generating the mnemonic» y «From mnemonic to seed»; wordlist corpus/documentos/bip-0039-wordlist-english.txt, SHA-256 2f5eed53…24dbda). 24 palabras = política HU-06-01 RN-1, no exclusividad del estándar (§2.6).",
K-540,,celda-en-evaluacion,sut/backend/tests/regresiones-revision.test.ts:431,"const conDoble = MNEMONIC_12.replace('abandon abandon about', 'abandon abandon  about');",,CORRECTO,1,"BIP-39: ENT 128–256, checksum SHA-256 ENT/32, wordlist inglés 2048, PBKDF2-HMAC-SHA512 2048 iter, seed 64 B, NFKD (corpus/documentos/bip-0039.mediawiki «Generating the mnemonic» y «From mnemonic to seed»; wordlist corpus/documentos/bip-0039-wordlist-english.txt, SHA-256 2f5eed53…24dbda). 24 palabras = política HU-06-01 RN-1, no exclusividad del estándar (§2.6).",
K-541,,celda-en-evaluacion,sut/backend/tests/regresiones-revision.test.ts:432,expect(conDoble).not.toBe(MNEMONIC_12);,,CORRECTO,1,"BIP-39: ENT 128–256, checksum SHA-256 ENT/32, wordlist inglés 2048, PBKDF2-HMAC-SHA512 2048 iter, seed 64 B, NFKD (corpus/documentos/bip-0039.mediawiki «Generating the mnemonic» y «From mnemonic to seed»; wordlist corpus/documentos/bip-0039-wordlist-english.txt, SHA-256 2f5eed53…24dbda). 24 palabras = política HU-06-01 RN-1, no exclusividad del estándar (§2.6).",
K-542,,celda-en-evaluacion,sut/backend/tests/regresiones-revision.test.ts:434,"const seedCanonica = mnemonicToSeed(MNEMONIC_12, '');",,CORRECTO,1,"BIP-39: ENT 128–256, checksum SHA-256 ENT/32, wordlist inglés 2048, PBKDF2-HMAC-SHA512 2048 iter, seed 64 B, NFKD (corpus/documentos/bip-0039.mediawiki «Generating the mnemonic» y «From mnemonic to seed»; wordlist corpus/documentos/bip-0039-wordlist-english.txt, SHA-256 2f5eed53…24dbda). 24 palabras = política HU-06-01 RN-1, no exclusividad del estándar (§2.6).",
K-543,,celda-en-evaluacion,sut/backend/tests/regresiones-revision.test.ts:435,"const seedDoble = mnemonicToSeed(conDoble, '');",,CORRECTO,1,"BIP-39: ENT 128–256, checksum SHA-256 ENT/32, wordlist inglés 2048, PBKDF2-HMAC-SHA512 2048 iter, seed 64 B, NFKD (corpus/documentos/bip-0039.mediawiki «Generating the mnemonic» y «From mnemonic to seed»; wordlist corpus/documentos/bip-0039-wordlist-english.txt, SHA-256 2f5eed53…24dbda). 24 palabras = política HU-06-01 RN-1, no exclusividad del estándar (§2.6).",
K-544,,celda-en-evaluacion,sut/backend/tests/regresiones-revision.test.ts:438,expect(mnemonicToSeed('a  b')).not.toEqual(mnemonicToSeed('a b'));,,CORRECTO,1,"BIP-39: ENT 128–256, checksum SHA-256 ENT/32, wordlist inglés 2048, PBKDF2-HMAC-SHA512 2048 iter, seed 64 B, NFKD (corpus/documentos/bip-0039.mediawiki «Generating the mnemonic» y «From mnemonic to seed»; wordlist corpus/documentos/bip-0039-wordlist-english.txt, SHA-256 2f5eed53…24dbda). 24 palabras = política HU-06-01 RN-1, no exclusividad del estándar (§2.6).",
K-545,,celda-en-evaluacion,sut/backend/tests/regresiones-revision.test.ts:441,"test('la seed es exactamente PBKDF2(NFKD(mnemonic) tal cual) para espaciado irregular', () => {",,CORRECTO,1,"BIP-39: ENT 128–256, checksum SHA-256 ENT/32, wordlist inglés 2048, PBKDF2-HMAC-SHA512 2048 iter, seed 64 B, NFKD (corpus/documentos/bip-0039.mediawiki «Generating the mnemonic» y «From mnemonic to seed»; wordlist corpus/documentos/bip-0039-wordlist-english.txt, SHA-256 2f5eed53…24dbda). 24 palabras = política HU-06-01 RN-1, no exclusividad del estándar (§2.6).",
K-546,,celda-en-evaluacion,sut/backend/tests/regresiones-revision.test.ts:442,"const irregular = `  ${MNEMONIC_12.replace(/ /gu, '  ')}\t`;",,CORRECTO,1,"BIP-39: ENT 128–256, checksum SHA-256 ENT/32, wordlist inglés 2048, PBKDF2-HMAC-SHA512 2048 iter, seed 64 B, NFKD (corpus/documentos/bip-0039.mediawiki «Generating the mnemonic» y «From mnemonic to seed»; wordlist corpus/documentos/bip-0039-wordlist-english.txt, SHA-256 2f5eed53…24dbda). 24 palabras = política HU-06-01 RN-1, no exclusividad del estándar (§2.6).",
K-547,,celda-en-evaluacion,sut/backend/tests/regresiones-revision.test.ts:443,"const esperada = pbkdf2(sha512, utf8.encode(irregular.normalize('NFKD')), utf8.encode('mnemonic'), {",,CORRECTO,1,"BIP-39: ENT 128–256, checksum SHA-256 ENT/32, wordlist inglés 2048, PBKDF2-HMAC-SHA512 2048 iter, seed 64 B, NFKD (corpus/documentos/bip-0039.mediawiki «Generating the mnemonic» y «From mnemonic to seed»; wordlist corpus/documentos/bip-0039-wordlist-english.txt, SHA-256 2f5eed53…24dbda). 24 palabras = política HU-06-01 RN-1, no exclusividad del estándar (§2.6).",
K-548,,celda-en-evaluacion,sut/backend/tests/regresiones-revision.test.ts:447,"const obtenida = mnemonicToSeed(irregular, '');",,CORRECTO,1,"BIP-39: ENT 128–256, checksum SHA-256 ENT/32, wordlist inglés 2048, PBKDF2-HMAC-SHA512 2048 iter, seed 64 B, NFKD (corpus/documentos/bip-0039.mediawiki «Generating the mnemonic» y «From mnemonic to seed»; wordlist corpus/documentos/bip-0039-wordlist-english.txt, SHA-256 2f5eed53…24dbda). 24 palabras = política HU-06-01 RN-1, no exclusividad del estándar (§2.6).",
K-549,,celda-en-evaluacion,sut/backend/tests/regresiones-revision.test.ts:451,"test('validateMnemonic SÍ tolera el espaciado irregular (la canónica de validación colapsa)', () => {",,CORRECTO,1,"BIP-39: ENT 128–256, checksum SHA-256 ENT/32, wordlist inglés 2048, PBKDF2-HMAC-SHA512 2048 iter, seed 64 B, NFKD (corpus/documentos/bip-0039.mediawiki «Generating the mnemonic» y «From mnemonic to seed»; wordlist corpus/documentos/bip-0039-wordlist-english.txt, SHA-256 2f5eed53…24dbda). 24 palabras = política HU-06-01 RN-1, no exclusividad del estándar (§2.6).",
K-550,,celda-en-evaluacion,sut/backend/tests/regresiones-revision.test.ts:452,const mnemonic24 = generateMnemonic(256);,,CORRECTO,1,"BIP-39: ENT 128–256, checksum SHA-256 ENT/32, wordlist inglés 2048, PBKDF2-HMAC-SHA512 2048 iter, seed 64 B, NFKD (corpus/documentos/bip-0039.mediawiki «Generating the mnemonic» y «From mnemonic to seed»; wordlist corpus/documentos/bip-0039-wordlist-english.txt, SHA-256 2f5eed53…24dbda). 24 palabras = política HU-06-01 RN-1, no exclusividad del estándar (§2.6).",
K-551,,celda-en-evaluacion,sut/backend/tests/regresiones-revision.test.ts:453,expect(validateMnemonic(mnemonic24)).toEqual({ ok: true });,,CORRECTO,1,"BIP-39: ENT 128–256, checksum SHA-256 ENT/32, wordlist inglés 2048, PBKDF2-HMAC-SHA512 2048 iter, seed 64 B, NFKD (corpus/documentos/bip-0039.mediawiki «Generating the mnemonic» y «From mnemonic to seed»; wordlist corpus/documentos/bip-0039-wordlist-english.txt, SHA-256 2f5eed53…24dbda). 24 palabras = política HU-06-01 RN-1, no exclusividad del estándar (§2.6).",
K-552,,celda-en-evaluacion,sut/backend/tests/regresiones-revision.test.ts:455,"const irregular = `  ${mnemonic24.replace(/ /gu, '   ')}  `;",,CORRECTO,1,"BIP-39: ENT 128–256, checksum SHA-256 ENT/32, wordlist inglés 2048, PBKDF2-HMAC-SHA512 2048 iter, seed 64 B, NFKD (corpus/documentos/bip-0039.mediawiki «Generating the mnemonic» y «From mnemonic to seed»; wordlist corpus/documentos/bip-0039-wordlist-english.txt, SHA-256 2f5eed53…24dbda). 24 palabras = política HU-06-01 RN-1, no exclusividad del estándar (§2.6).",
K-553,,celda-en-evaluacion,sut/backend/tests/regresiones-revision.test.ts:456,expect(irregular).not.toBe(mnemonic24);,,CORRECTO,1,"BIP-39: ENT 128–256, checksum SHA-256 ENT/32, wordlist inglés 2048, PBKDF2-HMAC-SHA512 2048 iter, seed 64 B, NFKD (corpus/documentos/bip-0039.mediawiki «Generating the mnemonic» y «From mnemonic to seed»; wordlist corpus/documentos/bip-0039-wordlist-english.txt, SHA-256 2f5eed53…24dbda). 24 palabras = política HU-06-01 RN-1, no exclusividad del estándar (§2.6).",
K-554,,celda-en-evaluacion,sut/backend/tests/regresiones-revision.test.ts:457,expect(validateMnemonic(irregular)).toEqual({ ok: true });,,CORRECTO,1,"BIP-39: ENT 128–256, checksum SHA-256 ENT/32, wordlist inglés 2048, PBKDF2-HMAC-SHA512 2048 iter, seed 64 B, NFKD (corpus/documentos/bip-0039.mediawiki «Generating the mnemonic» y «From mnemonic to seed»; wordlist corpus/documentos/bip-0039-wordlist-english.txt, SHA-256 2f5eed53…24dbda). 24 palabras = política HU-06-01 RN-1, no exclusividad del estándar (§2.6).",
K-555,,celda-en-evaluacion,sut/backend/tests/regresiones-revision.test.ts:459,"expect(Buffer.from(mnemonicToSeed(irregular, '')).equals(Buffer.from(mnemonicToSeed(mnemonic24, '')))).toBe(",,CORRECTO,1,"BIP-39: ENT 128–256, checksum SHA-256 ENT/32, wordlist inglés 2048, PBKDF2-HMAC-SHA512 2048 iter, seed 64 B, NFKD (corpus/documentos/bip-0039.mediawiki «Generating the mnemonic» y «From mnemonic to seed»; wordlist corpus/documentos/bip-0039-wordlist-english.txt, SHA-256 2f5eed53…24dbda). 24 palabras = política HU-06-01 RN-1, no exclusividad del estándar (§2.6).",
K-556,,celda-en-evaluacion,sut/backend/tests/wallet-crypto.test.ts:6,* wordlist BIP-39 vendorizado.,,CORRECTO,1,"BIP-39: ENT 128–256, checksum SHA-256 ENT/32, wordlist inglés 2048, PBKDF2-HMAC-SHA512 2048 iter, seed 64 B, NFKD (corpus/documentos/bip-0039.mediawiki «Generating the mnemonic» y «From mnemonic to seed»; wordlist corpus/documentos/bip-0039-wordlist-english.txt, SHA-256 2f5eed53…24dbda). 24 palabras = política HU-06-01 RN-1, no exclusividad del estándar (§2.6).",
K-557,,celda-en-evaluacion,sut/backend/tests/wallet-crypto.test.ts:15,"isValidChecksumAddress,",,CORRECTO,1,"Checksum EIP-55/ERC-55: Keccak-256 sobre el hex ASCII en minúsculas sin `0x`; nibble ≥ 8 (o > 7) ⇒ mayúscula. Vectores oficiales All caps / All Lower / Normal (corpus/documentos/erc-55.md, Specification, Implementation y Test Cases).",
K-558,,celda-en-evaluacion,sut/backend/tests/wallet-crypto.test.ts:16,"toChecksumAddress,",,CORRECTO,1,"Checksum EIP-55/ERC-55: Keccak-256 sobre el hex ASCII en minúsculas sin `0x`; nibble ≥ 8 (o > 7) ⇒ mayúscula. Vectores oficiales All caps / All Lower / Normal (corpus/documentos/erc-55.md, Specification, Implementation y Test Cases).",
K-559,,celda-en-evaluacion,sut/backend/tests/wallet-crypto.test.ts:19,"HARDENED_OFFSET,",,CORRECTO,1,"BIP-32: I = HMAC-SHA512(key=""Bitcoin seed"", data=S); CKDpriv hardened (`0x00‖ser256(k)‖ser32(i)`) / normal (`serP‖ser32(i)`); si parse256(I_L) ≥ n o k_i = 0, «proceed with the next value for i» (corpus/documentos/bip-0032.mediawiki, Master key generation y Private parent key → private child key).",
K-560,,celda-en-evaluacion,sut/backend/tests/wallet-crypto.test.ts:20,"SECP256K1_ORDER,",,CORRECTO,1,"Keccak-256 / secp256k1 usados como en HU-06-02 RN-4 (dirección = últimos 20 B de Keccak-256(X‖Y)) y BIP-32 (corpus/documentos/bip-0032.mediawiki, curva secp256k1; corpus/documentos/erc-55.md usa Keccak-256). Sin fórmula atribuida de más al estándar. §2.6.",
K-561,,celda-en-evaluacion,sut/backend/tests/wallet-crypto.test.ts:25,} from '../src/wallet/crypto/bip32.js';,,CORRECTO,1,"BIP-32: I = HMAC-SHA512(key=""Bitcoin seed"", data=S); CKDpriv hardened (`0x00‖ser256(k)‖ser32(i)`) / normal (`serP‖ser32(i)`); si parse256(I_L) ≥ n o k_i = 0, «proceed with the next value for i» (corpus/documentos/bip-0032.mediawiki, Master key generation y Private parent key → private child key).",
K-562,,celda-en-evaluacion,sut/backend/tests/wallet-crypto.test.ts:27,"entropyToMnemonic,",,CORRECTO,1,"BIP-39: ENT 128–256, checksum SHA-256 ENT/32, wordlist inglés 2048, PBKDF2-HMAC-SHA512 2048 iter, seed 64 B, NFKD (corpus/documentos/bip-0039.mediawiki «Generating the mnemonic» y «From mnemonic to seed»; wordlist corpus/documentos/bip-0039-wordlist-english.txt, SHA-256 2f5eed53…24dbda). 24 palabras = política HU-06-01 RN-1, no exclusividad del estándar (§2.6).",
K-563,,celda-en-evaluacion,sut/backend/tests/wallet-crypto.test.ts:28,"generateMnemonic,",,CORRECTO,1,"BIP-39: ENT 128–256, checksum SHA-256 ENT/32, wordlist inglés 2048, PBKDF2-HMAC-SHA512 2048 iter, seed 64 B, NFKD (corpus/documentos/bip-0039.mediawiki «Generating the mnemonic» y «From mnemonic to seed»; wordlist corpus/documentos/bip-0039-wordlist-english.txt, SHA-256 2f5eed53…24dbda). 24 palabras = política HU-06-01 RN-1, no exclusividad del estándar (§2.6).",
K-564,,celda-en-evaluacion,sut/backend/tests/wallet-crypto.test.ts:29,"mnemonicToSeed,",,CORRECTO,1,"BIP-39: ENT 128–256, checksum SHA-256 ENT/32, wordlist inglés 2048, PBKDF2-HMAC-SHA512 2048 iter, seed 64 B, NFKD (corpus/documentos/bip-0039.mediawiki «Generating the mnemonic» y «From mnemonic to seed»; wordlist corpus/documentos/bip-0039-wordlist-english.txt, SHA-256 2f5eed53…24dbda). 24 palabras = política HU-06-01 RN-1, no exclusividad del estándar (§2.6).",
K-565,,celda-en-evaluacion,sut/backend/tests/wallet-crypto.test.ts:30,"validateMnemonic,",,CORRECTO,1,"BIP-39: ENT 128–256, checksum SHA-256 ENT/32, wordlist inglés 2048, PBKDF2-HMAC-SHA512 2048 iter, seed 64 B, NFKD (corpus/documentos/bip-0039.mediawiki «Generating the mnemonic» y «From mnemonic to seed»; wordlist corpus/documentos/bip-0039-wordlist-english.txt, SHA-256 2f5eed53…24dbda). 24 palabras = política HU-06-01 RN-1, no exclusividad del estándar (§2.6).",
K-566,,celda-en-evaluacion,sut/backend/tests/wallet-crypto.test.ts:31,} from '../src/wallet/crypto/bip39.js';,,CORRECTO,1,"BIP-39: ENT 128–256, checksum SHA-256 ENT/32, wordlist inglés 2048, PBKDF2-HMAC-SHA512 2048 iter, seed 64 B, NFKD (corpus/documentos/bip-0039.mediawiki «Generating the mnemonic» y «From mnemonic to seed»; wordlist corpus/documentos/bip-0039-wordlist-english.txt, SHA-256 2f5eed53…24dbda). 24 palabras = política HU-06-01 RN-1, no exclusividad del estándar (§2.6).",
K-567,,celda-en-evaluacion,sut/backend/tests/wallet-crypto.test.ts:35,"derivationPathFor,",,CORRECTO,1,"Keccak-256 / secp256k1 usados como en HU-06-02 RN-4 (dirección = últimos 20 B de Keccak-256(X‖Y)) y BIP-32 (corpus/documentos/bip-0032.mediawiki, curva secp256k1; corpus/documentos/erc-55.md usa Keccak-256). Sin fórmula atribuida de más al estándar. §2.6.",
K-568,,celda-en-evaluacion,sut/backend/tests/wallet-crypto.test.ts:38,} from '../src/wallet/crypto/derivation.js';,,CORRECTO,1,"Keccak-256 / secp256k1 usados como en HU-06-02 RN-4 (dirección = últimos 20 B de Keccak-256(X‖Y)) y BIP-32 (corpus/documentos/bip-0032.mediawiki, curva secp256k1; corpus/documentos/erc-55.md usa Keccak-256). Sin fórmula atribuida de más al estándar. §2.6.",
K-569,,celda-en-evaluacion,sut/backend/tests/wallet-crypto.test.ts:40,import { ENGLISH_WORDLIST } from '../src/wallet/crypto/wordlist.js';,,CORRECTO,1,"BIP-39: ENT 128–256, checksum SHA-256 ENT/32, wordlist inglés 2048, PBKDF2-HMAC-SHA512 2048 iter, seed 64 B, NFKD (corpus/documentos/bip-0039.mediawiki «Generating the mnemonic» y «From mnemonic to seed»; wordlist corpus/documentos/bip-0039-wordlist-english.txt, SHA-256 2f5eed53…24dbda). 24 palabras = política HU-06-01 RN-1, no exclusividad del estándar (§2.6).",
K-570,,celda-en-evaluacion,sut/backend/tests/wallet-crypto.test.ts:44,"/** HU-06-01, vector canónico BIP-39. */",,CORRECTO,1,"BIP-39: ENT 128–256, checksum SHA-256 ENT/32, wordlist inglés 2048, PBKDF2-HMAC-SHA512 2048 iter, seed 64 B, NFKD (corpus/documentos/bip-0039.mediawiki «Generating the mnemonic» y «From mnemonic to seed»; wordlist corpus/documentos/bip-0039-wordlist-english.txt, SHA-256 2f5eed53…24dbda). 24 palabras = política HU-06-01 RN-1, no exclusividad del estándar (§2.6).",
K-571,,celda-en-evaluacion,sut/backend/tests/wallet-crypto.test.ts:45,const MNEMONIC_BIP39_CANONICO =,,CORRECTO,1,"BIP-39: ENT 128–256, checksum SHA-256 ENT/32, wordlist inglés 2048, PBKDF2-HMAC-SHA512 2048 iter, seed 64 B, NFKD (corpus/documentos/bip-0039.mediawiki «Generating the mnemonic» y «From mnemonic to seed»; wordlist corpus/documentos/bip-0039-wordlist-english.txt, SHA-256 2f5eed53…24dbda). 24 palabras = política HU-06-01 RN-1, no exclusividad del estándar (§2.6).",
K-572,,celda-en-evaluacion,sut/backend/tests/wallet-crypto.test.ts:48,"/** HU-06-02, mnemonic de prueba canónico de Hardhat/Anvil (passphrase vacía). */",,CORRECTO,1,"BIP-39: ENT 128–256, checksum SHA-256 ENT/32, wordlist inglés 2048, PBKDF2-HMAC-SHA512 2048 iter, seed 64 B, NFKD (corpus/documentos/bip-0039.mediawiki «Generating the mnemonic» y «From mnemonic to seed»; wordlist corpus/documentos/bip-0039-wordlist-english.txt, SHA-256 2f5eed53…24dbda). 24 palabras = política HU-06-01 RN-1, no exclusividad del estándar (§2.6).",
K-573,,celda-en-evaluacion,sut/backend/tests/wallet-crypto.test.ts:49,const MNEMONIC_HARDHAT = 'test test test test test test test test test test test junk';,,CORRECTO,1,"BIP-39: ENT 128–256, checksum SHA-256 ENT/32, wordlist inglés 2048, PBKDF2-HMAC-SHA512 2048 iter, seed 64 B, NFKD (corpus/documentos/bip-0039.mediawiki «Generating the mnemonic» y «From mnemonic to seed»; wordlist corpus/documentos/bip-0039-wordlist-english.txt, SHA-256 2f5eed53…24dbda). 24 palabras = política HU-06-01 RN-1, no exclusividad del estándar (§2.6).",
K-574,,celda-en-evaluacion,sut/backend/tests/wallet-crypto.test.ts:51,"/** HU-06-02, tabla de known-answer tests `address_index` → dirección EIP-55. */",,CORRECTO,1,"Checksum EIP-55/ERC-55: Keccak-256 sobre el hex ASCII en minúsculas sin `0x`; nibble ≥ 8 (o > 7) ⇒ mayúscula. Vectores oficiales All caps / All Lower / Normal (corpus/documentos/erc-55.md, Specification, Implementation y Test Cases).",
K-575,,celda-en-evaluacion,sut/backend/tests/wallet-crypto.test.ts:59,/** Mnemonic de 24 palabras válido (entropía de 256 bits todo ceros). */,,CORRECTO,1,"BIP-39: ENT 128–256, checksum SHA-256 ENT/32, wordlist inglés 2048, PBKDF2-HMAC-SHA512 2048 iter, seed 64 B, NFKD (corpus/documentos/bip-0039.mediawiki «Generating the mnemonic» y «From mnemonic to seed»; wordlist corpus/documentos/bip-0039-wordlist-english.txt, SHA-256 2f5eed53…24dbda). 24 palabras = política HU-06-01 RN-1, no exclusividad del estándar (§2.6).",
K-576,,celda-en-evaluacion,sut/backend/tests/wallet-crypto.test.ts:60,const MNEMONIC_24_VALIDO = entropyToMnemonic(new Uint8Array(32));,,CORRECTO,1,"BIP-39: ENT 128–256, checksum SHA-256 ENT/32, wordlist inglés 2048, PBKDF2-HMAC-SHA512 2048 iter, seed 64 B, NFKD (corpus/documentos/bip-0039.mediawiki «Generating the mnemonic» y «From mnemonic to seed»; wordlist corpus/documentos/bip-0039-wordlist-english.txt, SHA-256 2f5eed53…24dbda). 24 palabras = política HU-06-01 RN-1, no exclusividad del estándar (§2.6).",
K-577,,celda-en-evaluacion,sut/backend/tests/wallet-crypto.test.ts:62,"const seedHardhat = mnemonicToSeed(MNEMONIC_HARDHAT, '');",,CORRECTO,1,"BIP-39: ENT 128–256, checksum SHA-256 ENT/32, wordlist inglés 2048, PBKDF2-HMAC-SHA512 2048 iter, seed 64 B, NFKD (corpus/documentos/bip-0039.mediawiki «Generating the mnemonic» y «From mnemonic to seed»; wordlist corpus/documentos/bip-0039-wordlist-english.txt, SHA-256 2f5eed53…24dbda). 24 palabras = política HU-06-01 RN-1, no exclusividad del estándar (§2.6).",
K-578,,celda-en-evaluacion,sut/backend/tests/wallet-crypto.test.ts:86,"describe('wordlist BIP-39 vendorizado', () => {",,CORRECTO,1,"BIP-39: ENT 128–256, checksum SHA-256 ENT/32, wordlist inglés 2048, PBKDF2-HMAC-SHA512 2048 iter, seed 64 B, NFKD (corpus/documentos/bip-0039.mediawiki «Generating the mnemonic» y «From mnemonic to seed»; wordlist corpus/documentos/bip-0039-wordlist-english.txt, SHA-256 2f5eed53…24dbda). 24 palabras = política HU-06-01 RN-1, no exclusividad del estándar (§2.6).",
K-579,,celda-en-evaluacion,sut/backend/tests/wallet-crypto.test.ts:88,expect(ENGLISH_WORDLIST).toHaveLength(2048);,,CORRECTO,1,"BIP-39: ENT 128–256, checksum SHA-256 ENT/32, wordlist inglés 2048, PBKDF2-HMAC-SHA512 2048 iter, seed 64 B, NFKD (corpus/documentos/bip-0039.mediawiki «Generating the mnemonic» y «From mnemonic to seed»; wordlist corpus/documentos/bip-0039-wordlist-english.txt, SHA-256 2f5eed53…24dbda). 24 palabras = política HU-06-01 RN-1, no exclusividad del estándar (§2.6).",
K-580,,celda-en-evaluacion,sut/backend/tests/wallet-crypto.test.ts:89,const texto = `${ENGLISH_WORDLIST.join('\n')}\n`;,,CORRECTO,1,"BIP-39: ENT 128–256, checksum SHA-256 ENT/32, wordlist inglés 2048, PBKDF2-HMAC-SHA512 2048 iter, seed 64 B, NFKD (corpus/documentos/bip-0039.mediawiki «Generating the mnemonic» y «From mnemonic to seed»; wordlist corpus/documentos/bip-0039-wordlist-english.txt, SHA-256 2f5eed53…24dbda). 24 palabras = política HU-06-01 RN-1, no exclusividad del estándar (§2.6).",
K-581,,celda-en-evaluacion,sut/backend/tests/wallet-crypto.test.ts:96,"describe('HU-06-01 — BIP-39 (seed y validación del mnemonic)', () => {",,CORRECTO,1,"BIP-39: ENT 128–256, checksum SHA-256 ENT/32, wordlist inglés 2048, PBKDF2-HMAC-SHA512 2048 iter, seed 64 B, NFKD (corpus/documentos/bip-0039.mediawiki «Generating the mnemonic» y «From mnemonic to seed»; wordlist corpus/documentos/bip-0039-wordlist-english.txt, SHA-256 2f5eed53…24dbda). 24 palabras = política HU-06-01 RN-1, no exclusividad del estándar (§2.6).",
K-582,,celda-en-evaluacion,sut/backend/tests/wallet-crypto.test.ts:97,"it('AT-06-01-02: known-answer test BIP-39 (mnemonic canónico + passphrase ""TREZOR"")', () => {",,CORRECTO,1,"BIP-39: ENT 128–256, checksum SHA-256 ENT/32, wordlist inglés 2048, PBKDF2-HMAC-SHA512 2048 iter, seed 64 B, NFKD (corpus/documentos/bip-0039.mediawiki «Generating the mnemonic» y «From mnemonic to seed»; wordlist corpus/documentos/bip-0039-wordlist-english.txt, SHA-256 2f5eed53…24dbda). 24 palabras = política HU-06-01 RN-1, no exclusividad del estándar (§2.6).",
K-583,,celda-en-evaluacion,sut/backend/tests/wallet-crypto.test.ts:98,"const seed = mnemonicToSeed(MNEMONIC_BIP39_CANONICO, 'TREZOR');",,CORRECTO,1,"BIP-39: ENT 128–256, checksum SHA-256 ENT/32, wordlist inglés 2048, PBKDF2-HMAC-SHA512 2048 iter, seed 64 B, NFKD (corpus/documentos/bip-0039.mediawiki «Generating the mnemonic» y «From mnemonic to seed»; wordlist corpus/documentos/bip-0039-wordlist-english.txt, SHA-256 2f5eed53…24dbda). 24 palabras = política HU-06-01 RN-1, no exclusividad del estándar (§2.6).",
K-584,,celda-en-evaluacion,sut/backend/tests/wallet-crypto.test.ts:106,"it('AT-06-01-03: determinismo — mismo (mnemonic, passphrase) ⇒ misma seed byte a byte', () => {",,CORRECTO,1,"BIP-39: ENT 128–256, checksum SHA-256 ENT/32, wordlist inglés 2048, PBKDF2-HMAC-SHA512 2048 iter, seed 64 B, NFKD (corpus/documentos/bip-0039.mediawiki «Generating the mnemonic» y «From mnemonic to seed»; wordlist corpus/documentos/bip-0039-wordlist-english.txt, SHA-256 2f5eed53…24dbda). 24 palabras = política HU-06-01 RN-1, no exclusividad del estándar (§2.6).",
K-585,,celda-en-evaluacion,sut/backend/tests/wallet-crypto.test.ts:107,"const a = mnemonicToSeed(MNEMONIC_24_VALIDO, '');",,CORRECTO,1,"BIP-39: ENT 128–256, checksum SHA-256 ENT/32, wordlist inglés 2048, PBKDF2-HMAC-SHA512 2048 iter, seed 64 B, NFKD (corpus/documentos/bip-0039.mediawiki «Generating the mnemonic» y «From mnemonic to seed»; wordlist corpus/documentos/bip-0039-wordlist-english.txt, SHA-256 2f5eed53…24dbda). 24 palabras = política HU-06-01 RN-1, no exclusividad del estándar (§2.6).",
K-586,,celda-en-evaluacion,sut/backend/tests/wallet-crypto.test.ts:108,"const b = mnemonicToSeed(MNEMONIC_24_VALIDO, '');",,CORRECTO,1,"BIP-39: ENT 128–256, checksum SHA-256 ENT/32, wordlist inglés 2048, PBKDF2-HMAC-SHA512 2048 iter, seed 64 B, NFKD (corpus/documentos/bip-0039.mediawiki «Generating the mnemonic» y «From mnemonic to seed»; wordlist corpus/documentos/bip-0039-wordlist-english.txt, SHA-256 2f5eed53…24dbda). 24 palabras = política HU-06-01 RN-1, no exclusividad del estándar (§2.6).",
K-587,,celda-en-evaluacion,sut/backend/tests/wallet-crypto.test.ts:111,"expect(toHex(mnemonicToSeed(MNEMONIC_24_VALIDO, 'otra'))).not.toBe(toHex(a));",,CORRECTO,1,"BIP-39: ENT 128–256, checksum SHA-256 ENT/32, wordlist inglés 2048, PBKDF2-HMAC-SHA512 2048 iter, seed 64 B, NFKD (corpus/documentos/bip-0039.mediawiki «Generating the mnemonic» y «From mnemonic to seed»; wordlist corpus/documentos/bip-0039-wordlist-english.txt, SHA-256 2f5eed53…24dbda). 24 palabras = política HU-06-01 RN-1, no exclusividad del estándar (§2.6).",
K-588,,celda-en-evaluacion,sut/backend/tests/wallet-crypto.test.ts:114,"it('AT-06-01-04: dos generaciones independientes producen mnemonics y seeds distintos', () => {",,CORRECTO,1,"BIP-39: ENT 128–256, checksum SHA-256 ENT/32, wordlist inglés 2048, PBKDF2-HMAC-SHA512 2048 iter, seed 64 B, NFKD (corpus/documentos/bip-0039.mediawiki «Generating the mnemonic» y «From mnemonic to seed»; wordlist corpus/documentos/bip-0039-wordlist-english.txt, SHA-256 2f5eed53…24dbda). 24 palabras = política HU-06-01 RN-1, no exclusividad del estándar (§2.6).",
K-589,,celda-en-evaluacion,sut/backend/tests/wallet-crypto.test.ts:115,const m1 = generateMnemonic();,,CORRECTO,1,"BIP-39: ENT 128–256, checksum SHA-256 ENT/32, wordlist inglés 2048, PBKDF2-HMAC-SHA512 2048 iter, seed 64 B, NFKD (corpus/documentos/bip-0039.mediawiki «Generating the mnemonic» y «From mnemonic to seed»; wordlist corpus/documentos/bip-0039-wordlist-english.txt, SHA-256 2f5eed53…24dbda). 24 palabras = política HU-06-01 RN-1, no exclusividad del estándar (§2.6).",
K-590,,celda-en-evaluacion,sut/backend/tests/wallet-crypto.test.ts:116,const m2 = generateMnemonic();,,CORRECTO,1,"BIP-39: ENT 128–256, checksum SHA-256 ENT/32, wordlist inglés 2048, PBKDF2-HMAC-SHA512 2048 iter, seed 64 B, NFKD (corpus/documentos/bip-0039.mediawiki «Generating the mnemonic» y «From mnemonic to seed»; wordlist corpus/documentos/bip-0039-wordlist-english.txt, SHA-256 2f5eed53…24dbda). 24 palabras = política HU-06-01 RN-1, no exclusividad del estándar (§2.6).",
K-591,,celda-en-evaluacion,sut/backend/tests/wallet-crypto.test.ts:119,expect(validateMnemonic(m1)).toEqual({ ok: true });,,CORRECTO,1,"BIP-39: ENT 128–256, checksum SHA-256 ENT/32, wordlist inglés 2048, PBKDF2-HMAC-SHA512 2048 iter, seed 64 B, NFKD (corpus/documentos/bip-0039.mediawiki «Generating the mnemonic» y «From mnemonic to seed»; wordlist corpus/documentos/bip-0039-wordlist-english.txt, SHA-256 2f5eed53…24dbda). 24 palabras = política HU-06-01 RN-1, no exclusividad del estándar (§2.6).",
K-592,,celda-en-evaluacion,sut/backend/tests/wallet-crypto.test.ts:120,expect(validateMnemonic(m2)).toEqual({ ok: true });,,CORRECTO,1,"BIP-39: ENT 128–256, checksum SHA-256 ENT/32, wordlist inglés 2048, PBKDF2-HMAC-SHA512 2048 iter, seed 64 B, NFKD (corpus/documentos/bip-0039.mediawiki «Generating the mnemonic» y «From mnemonic to seed»; wordlist corpus/documentos/bip-0039-wordlist-english.txt, SHA-256 2f5eed53…24dbda). 24 palabras = política HU-06-01 RN-1, no exclusividad del estándar (§2.6).",
K-593,,celda-en-evaluacion,sut/backend/tests/wallet-crypto.test.ts:122,expect(toHex(mnemonicToSeed(m1))).not.toBe(toHex(mnemonicToSeed(m2)));,,CORRECTO,1,"BIP-39: ENT 128–256, checksum SHA-256 ENT/32, wordlist inglés 2048, PBKDF2-HMAC-SHA512 2048 iter, seed 64 B, NFKD (corpus/documentos/bip-0039.mediawiki «Generating the mnemonic» y «From mnemonic to seed»; wordlist corpus/documentos/bip-0039-wordlist-english.txt, SHA-256 2f5eed53…24dbda). 24 palabras = política HU-06-01 RN-1, no exclusividad del estándar (§2.6).",
K-594,,celda-en-evaluacion,sut/backend/tests/wallet-crypto.test.ts:125,"it('AT-06-01-05: mnemonic de 24 palabras con checksum inválido se rechaza', () => {",,CORRECTO,1,"Checksum EIP-55/ERC-55: Keccak-256 sobre el hex ASCII en minúsculas sin `0x`; nibble ≥ 8 (o > 7) ⇒ mayúscula. Vectores oficiales All caps / All Lower / Normal (corpus/documentos/erc-55.md, Specification, Implementation y Test Cases).",
K-595,,celda-en-evaluacion,sut/backend/tests/wallet-crypto.test.ts:126,expect(validateMnemonic(MNEMONIC_24_VALIDO)).toEqual({ ok: true });,,CORRECTO,1,"BIP-39: ENT 128–256, checksum SHA-256 ENT/32, wordlist inglés 2048, PBKDF2-HMAC-SHA512 2048 iter, seed 64 B, NFKD (corpus/documentos/bip-0039.mediawiki «Generating the mnemonic» y «From mnemonic to seed»; wordlist corpus/documentos/bip-0039-wordlist-english.txt, SHA-256 2f5eed53…24dbda). 24 palabras = política HU-06-01 RN-1, no exclusividad del estándar (§2.6).",
K-596,,celda-en-evaluacion,sut/backend/tests/wallet-crypto.test.ts:127,const palabras = MNEMONIC_24_VALIDO.split(' ');,,CORRECTO,1,"BIP-39: ENT 128–256, checksum SHA-256 ENT/32, wordlist inglés 2048, PBKDF2-HMAC-SHA512 2048 iter, seed 64 B, NFKD (corpus/documentos/bip-0039.mediawiki «Generating the mnemonic» y «From mnemonic to seed»; wordlist corpus/documentos/bip-0039-wordlist-english.txt, SHA-256 2f5eed53…24dbda). 24 palabras = política HU-06-01 RN-1, no exclusividad del estándar (§2.6).",
K-597,,celda-en-evaluacion,sut/backend/tests/wallet-crypto.test.ts:128,// Se reemplaza la última palabra por otra del wordlist que rompe el checksum.,,CORRECTO,1,"Checksum EIP-55/ERC-55: Keccak-256 sobre el hex ASCII en minúsculas sin `0x`; nibble ≥ 8 (o > 7) ⇒ mayúscula. Vectores oficiales All caps / All Lower / Normal (corpus/documentos/erc-55.md, Specification, Implementation y Test Cases).",
K-598,,celda-en-evaluacion,sut/backend/tests/wallet-crypto.test.ts:130,"expect(validateMnemonic(palabras.join(' '))).toEqual({ ok: false, reason: 'CHECKSUM' });",,CORRECTO,1,"Checksum EIP-55/ERC-55: Keccak-256 sobre el hex ASCII en minúsculas sin `0x`; nibble ≥ 8 (o > 7) ⇒ mayúscula. Vectores oficiales All caps / All Lower / Normal (corpus/documentos/erc-55.md, Specification, Implementation y Test Cases).",
K-599,,celda-en-evaluacion,sut/backend/tests/wallet-crypto.test.ts:133,"it('AT-06-01-09: mnemonic de 12 palabras se rechaza por longitud (política del proyecto)', () => {",,CORRECTO,1,"BIP-39: ENT 128–256, checksum SHA-256 ENT/32, wordlist inglés 2048, PBKDF2-HMAC-SHA512 2048 iter, seed 64 B, NFKD (corpus/documentos/bip-0039.mediawiki «Generating the mnemonic» y «From mnemonic to seed»; wordlist corpus/documentos/bip-0039-wordlist-english.txt, SHA-256 2f5eed53…24dbda). 24 palabras = política HU-06-01 RN-1, no exclusividad del estándar (§2.6).",
K-600,,celda-en-evaluacion,sut/backend/tests/wallet-crypto.test.ts:134,"expect(validateMnemonic(MNEMONIC_BIP39_CANONICO)).toEqual({ ok: false, reason: 'LENGTH' });",,CORRECTO,1,"BIP-39: ENT 128–256, checksum SHA-256 ENT/32, wordlist inglés 2048, PBKDF2-HMAC-SHA512 2048 iter, seed 64 B, NFKD (corpus/documentos/bip-0039.mediawiki «Generating the mnemonic» y «From mnemonic to seed»; wordlist corpus/documentos/bip-0039-wordlist-english.txt, SHA-256 2f5eed53…24dbda). 24 palabras = política HU-06-01 RN-1, no exclusividad del estándar (§2.6).",
K-601,,celda-en-evaluacion,sut/backend/tests/wallet-crypto.test.ts:135,"expect(validateMnemonic(MNEMONIC_HARDHAT)).toEqual({ ok: false, reason: 'LENGTH' });",,CORRECTO,1,"BIP-39: ENT 128–256, checksum SHA-256 ENT/32, wordlist inglés 2048, PBKDF2-HMAC-SHA512 2048 iter, seed 64 B, NFKD (corpus/documentos/bip-0039.mediawiki «Generating the mnemonic» y «From mnemonic to seed»; wordlist corpus/documentos/bip-0039-wordlist-english.txt, SHA-256 2f5eed53…24dbda). 24 palabras = política HU-06-01 RN-1, no exclusividad del estándar (§2.6).",
K-602,,celda-en-evaluacion,sut/backend/tests/wallet-crypto.test.ts:138,"it('AT-06-01-10: mnemonic con una palabra fuera del wordlist se rechaza', () => {",,CORRECTO,1,"BIP-39: ENT 128–256, checksum SHA-256 ENT/32, wordlist inglés 2048, PBKDF2-HMAC-SHA512 2048 iter, seed 64 B, NFKD (corpus/documentos/bip-0039.mediawiki «Generating the mnemonic» y «From mnemonic to seed»; wordlist corpus/documentos/bip-0039-wordlist-english.txt, SHA-256 2f5eed53…24dbda). 24 palabras = política HU-06-01 RN-1, no exclusividad del estándar (§2.6).",
K-603,,celda-en-evaluacion,sut/backend/tests/wallet-crypto.test.ts:139,const palabras = MNEMONIC_24_VALIDO.split(' ');,,CORRECTO,1,"BIP-39: ENT 128–256, checksum SHA-256 ENT/32, wordlist inglés 2048, PBKDF2-HMAC-SHA512 2048 iter, seed 64 B, NFKD (corpus/documentos/bip-0039.mediawiki «Generating the mnemonic» y «From mnemonic to seed»; wordlist corpus/documentos/bip-0039-wordlist-english.txt, SHA-256 2f5eed53…24dbda). 24 palabras = política HU-06-01 RN-1, no exclusividad del estándar (§2.6).",
K-604,,celda-en-evaluacion,sut/backend/tests/wallet-crypto.test.ts:140,palabras[12] = 'notawordlistword';,,CORRECTO,1,"BIP-39: ENT 128–256, checksum SHA-256 ENT/32, wordlist inglés 2048, PBKDF2-HMAC-SHA512 2048 iter, seed 64 B, NFKD (corpus/documentos/bip-0039.mediawiki «Generating the mnemonic» y «From mnemonic to seed»; wordlist corpus/documentos/bip-0039-wordlist-english.txt, SHA-256 2f5eed53…24dbda). 24 palabras = política HU-06-01 RN-1, no exclusividad del estándar (§2.6).",
K-605,,celda-en-evaluacion,sut/backend/tests/wallet-crypto.test.ts:141,"expect(validateMnemonic(palabras.join(' '))).toEqual({ ok: false, reason: 'WORDLIST' });",,CORRECTO,1,"BIP-39: ENT 128–256, checksum SHA-256 ENT/32, wordlist inglés 2048, PBKDF2-HMAC-SHA512 2048 iter, seed 64 B, NFKD (corpus/documentos/bip-0039.mediawiki «Generating the mnemonic» y «From mnemonic to seed»; wordlist corpus/documentos/bip-0039-wordlist-english.txt, SHA-256 2f5eed53…24dbda). 24 palabras = política HU-06-01 RN-1, no exclusividad del estándar (§2.6).",
K-606,,celda-en-evaluacion,sut/backend/tests/wallet-crypto.test.ts:144,"it('separa la política del proyecto (24 palabras) del algoritmo BIP-39 puro', () => {",,CORRECTO,1,"BIP-39: ENT 128–256, checksum SHA-256 ENT/32, wordlist inglés 2048, PBKDF2-HMAC-SHA512 2048 iter, seed 64 B, NFKD (corpus/documentos/bip-0039.mediawiki «Generating the mnemonic» y «From mnemonic to seed»; wordlist corpus/documentos/bip-0039-wordlist-english.txt, SHA-256 2f5eed53…24dbda). 24 palabras = política HU-06-01 RN-1, no exclusividad del estándar (§2.6).",
K-607,,celda-en-evaluacion,sut/backend/tests/wallet-crypto.test.ts:145,// El mnemonic de Hardhat es de 12 palabras: la política lo rechaza…,,CORRECTO,1,"BIP-39: ENT 128–256, checksum SHA-256 ENT/32, wordlist inglés 2048, PBKDF2-HMAC-SHA512 2048 iter, seed 64 B, NFKD (corpus/documentos/bip-0039.mediawiki «Generating the mnemonic» y «From mnemonic to seed»; wordlist corpus/documentos/bip-0039-wordlist-english.txt, SHA-256 2f5eed53…24dbda). 24 palabras = política HU-06-01 RN-1, no exclusividad del estándar (§2.6).",
K-608,,celda-en-evaluacion,sut/backend/tests/wallet-crypto.test.ts:146,"expect(validateMnemonic(MNEMONIC_HARDHAT)).toEqual({ ok: false, reason: 'LENGTH' });",,CORRECTO,1,"BIP-39: ENT 128–256, checksum SHA-256 ENT/32, wordlist inglés 2048, PBKDF2-HMAC-SHA512 2048 iter, seed 64 B, NFKD (corpus/documentos/bip-0039.mediawiki «Generating the mnemonic» y «From mnemonic to seed»; wordlist corpus/documentos/bip-0039-wordlist-english.txt, SHA-256 2f5eed53…24dbda). 24 palabras = política HU-06-01 RN-1, no exclusividad del estándar (§2.6).",
K-609,,celda-en-evaluacion,sut/backend/tests/wallet-crypto.test.ts:147,// …pero el algoritmo BIP-39 (PBKDF2) sí deriva su seed de 64 bytes.,,CORRECTO,1,"BIP-39: ENT 128–256, checksum SHA-256 ENT/32, wordlist inglés 2048, PBKDF2-HMAC-SHA512 2048 iter, seed 64 B, NFKD (corpus/documentos/bip-0039.mediawiki «Generating the mnemonic» y «From mnemonic to seed»; wordlist corpus/documentos/bip-0039-wordlist-english.txt, SHA-256 2f5eed53…24dbda). 24 palabras = política HU-06-01 RN-1, no exclusividad del estándar (§2.6).",
K-610,,celda-en-evaluacion,sut/backend/tests/wallet-crypto.test.ts:152,"describe('HU-06-02 — derivación BIP-32/BIP-44 y dirección EIP-55', () => {",,CORRECTO,1,"Checksum EIP-55/ERC-55: Keccak-256 sobre el hex ASCII en minúsculas sin `0x`; nibble ≥ 8 (o > 7) ⇒ mayúscula. Vectores oficiales All caps / All Lower / Normal (corpus/documentos/erc-55.md, Specification, Implementation y Test Cases).",
K-611,,celda-en-evaluacion,sut/backend/tests/wallet-crypto.test.ts:155,"expect(cuenta.derivationPath).toBe(""m/44'/60'/0'/0/0"");",,CORRECTO,1,"Path BIP-44 `m/purpose'/coin_type'/account'/change/address_index` con purpose 44' y change 0 = cadena externa (corpus/documentos/bip-0044.mediawiki, Path levels). coin type 60 (Ethereum) lo fija spec/00-fundaciones/activos-y-par-de-trading.md §1; BIP-44 remite el registro a SLIP-0044 (§2.6).",
K-612,,celda-en-evaluacion,sut/backend/tests/wallet-crypto.test.ts:165,expect(isValidChecksumAddress(direccion)).toBe(true);,,CORRECTO,1,"Checksum EIP-55/ERC-55: Keccak-256 sobre el hex ASCII en minúsculas sin `0x`; nibble ≥ 8 (o > 7) ⇒ mayúscula. Vectores oficiales All caps / All Lower / Normal (corpus/documentos/erc-55.md, Specification, Implementation y Test Cases).",
K-613,,celda-en-evaluacion,sut/backend/tests/wallet-crypto.test.ts:169,"it('AT-06-02-03: los 4 vectores canónicos de checksum EIP-55', () => {",,CORRECTO,1,"Checksum EIP-55/ERC-55: Keccak-256 sobre el hex ASCII en minúsculas sin `0x`; nibble ≥ 8 (o > 7) ⇒ mayúscula. Vectores oficiales All caps / All Lower / Normal (corpus/documentos/erc-55.md, Specification, Implementation y Test Cases).",
K-614,,celda-en-evaluacion,sut/backend/tests/wallet-crypto.test.ts:177,expect(toChecksumAddress(entrada)).toBe(esperado);,,CORRECTO,1,"Checksum EIP-55/ERC-55: Keccak-256 sobre el hex ASCII en minúsculas sin `0x`; nibble ≥ 8 (o > 7) ⇒ mayúscula. Vectores oficiales All caps / All Lower / Normal (corpus/documentos/erc-55.md, Specification, Implementation y Test Cases).",
K-615,,celda-en-evaluacion,sut/backend/tests/wallet-crypto.test.ts:178,"// Acepta entrada con `0x`, en mayúsculas y ya con checksum aplicado (idempotente).",,CORRECTO,1,"Checksum EIP-55/ERC-55: Keccak-256 sobre el hex ASCII en minúsculas sin `0x`; nibble ≥ 8 (o > 7) ⇒ mayúscula. Vectores oficiales All caps / All Lower / Normal (corpus/documentos/erc-55.md, Specification, Implementation y Test Cases).",
K-616,,celda-en-evaluacion,sut/backend/tests/wallet-crypto.test.ts:179,expect(toChecksumAddress(`0x${entrada}`)).toBe(esperado);,,CORRECTO,1,"Checksum EIP-55/ERC-55: Keccak-256 sobre el hex ASCII en minúsculas sin `0x`; nibble ≥ 8 (o > 7) ⇒ mayúscula. Vectores oficiales All caps / All Lower / Normal (corpus/documentos/erc-55.md, Specification, Implementation y Test Cases).",
K-617,,celda-en-evaluacion,sut/backend/tests/wallet-crypto.test.ts:180,expect(toChecksumAddress(`0x${entrada.toUpperCase()}`)).toBe(esperado);,,CORRECTO,1,"Checksum EIP-55/ERC-55: Keccak-256 sobre el hex ASCII en minúsculas sin `0x`; nibble ≥ 8 (o > 7) ⇒ mayúscula. Vectores oficiales All caps / All Lower / Normal (corpus/documentos/erc-55.md, Specification, Implementation y Test Cases).",
K-618,,celda-en-evaluacion,sut/backend/tests/wallet-crypto.test.ts:181,expect(toChecksumAddress(esperado)).toBe(esperado);,,CORRECTO,1,"Checksum EIP-55/ERC-55: Keccak-256 sobre el hex ASCII en minúsculas sin `0x`; nibble ≥ 8 (o > 7) ⇒ mayúscula. Vectores oficiales All caps / All Lower / Normal (corpus/documentos/erc-55.md, Specification, Implementation y Test Cases).",
K-619,,celda-en-evaluacion,sut/backend/tests/wallet-crypto.test.ts:182,expect(isValidChecksumAddress(esperado)).toBe(true);,,CORRECTO,1,"Checksum EIP-55/ERC-55: Keccak-256 sobre el hex ASCII en minúsculas sin `0x`; nibble ≥ 8 (o > 7) ⇒ mayúscula. Vectores oficiales All caps / All Lower / Normal (corpus/documentos/erc-55.md, Specification, Implementation y Test Cases).",
K-620,,celda-en-evaluacion,sut/backend/tests/wallet-crypto.test.ts:183,// All-lowercase y all-uppercase NO son checksums válidos.,,CORRECTO,1,"Checksum EIP-55/ERC-55: Keccak-256 sobre el hex ASCII en minúsculas sin `0x`; nibble ≥ 8 (o > 7) ⇒ mayúscula. Vectores oficiales All caps / All Lower / Normal (corpus/documentos/erc-55.md, Specification, Implementation y Test Cases).",
K-621,,celda-en-evaluacion,sut/backend/tests/wallet-crypto.test.ts:184,expect(isValidChecksumAddress(`0x${entrada}`)).toBe(false);,,CORRECTO,1,"Checksum EIP-55/ERC-55: Keccak-256 sobre el hex ASCII en minúsculas sin `0x`; nibble ≥ 8 (o > 7) ⇒ mayúscula. Vectores oficiales All caps / All Lower / Normal (corpus/documentos/erc-55.md, Specification, Implementation y Test Cases).",
K-622,,celda-en-evaluacion,sut/backend/tests/wallet-crypto.test.ts:185,expect(isValidChecksumAddress(`0x${entrada.toUpperCase()}`)).toBe(false);,,CORRECTO,1,"Checksum EIP-55/ERC-55: Keccak-256 sobre el hex ASCII en minúsculas sin `0x`; nibble ≥ 8 (o > 7) ⇒ mayúscula. Vectores oficiales All caps / All Lower / Normal (corpus/documentos/erc-55.md, Specification, Implementation y Test Cases).",
K-623,,celda-en-evaluacion,sut/backend/tests/wallet-crypto.test.ts:191,"it('AT-06-02-04: purpose/coin_type/account son hardened; change y address_index no', () => {",,CORRECTO,1,"BIP-32: I = HMAC-SHA512(key=""Bitcoin seed"", data=S); CKDpriv hardened (`0x00‖ser256(k)‖ser32(i)`) / normal (`serP‖ser32(i)`); si parse256(I_L) ≥ n o k_i = 0, «proceed with the next value for i» (corpus/documentos/bip-0032.mediawiki, Master key generation y Private parent key → private child key).",
K-624,,celda-en-evaluacion,sut/backend/tests/wallet-crypto.test.ts:192,const indices = parsePath(derivationPathFor(7));,,CORRECTO,1,"Keccak-256 / secp256k1 usados como en HU-06-02 RN-4 (dirección = últimos 20 B de Keccak-256(X‖Y)) y BIP-32 (corpus/documentos/bip-0032.mediawiki, curva secp256k1; corpus/documentos/erc-55.md usa Keccak-256). Sin fórmula atribuida de más al estándar. §2.6.",
K-625,,celda-en-evaluacion,sut/backend/tests/wallet-crypto.test.ts:195,"const [purpose, coinType, account, change, addressIndex] = indices as number[];",,CORRECTO,1,"Path BIP-44 `m/purpose'/coin_type'/account'/change/address_index` con purpose 44' y change 0 = cadena externa (corpus/documentos/bip-0044.mediawiki, Path levels). coin type 60 (Ethereum) lo fija spec/00-fundaciones/activos-y-par-de-trading.md §1; BIP-44 remite el registro a SLIP-0044 (§2.6).",
K-626,,celda-en-evaluacion,sut/backend/tests/wallet-crypto.test.ts:196,"for (const hardened of [purpose, coinType, account]) {",,CORRECTO,1,"BIP-32: I = HMAC-SHA512(key=""Bitcoin seed"", data=S); CKDpriv hardened (`0x00‖ser256(k)‖ser32(i)`) / normal (`serP‖ser32(i)`); si parse256(I_L) ≥ n o k_i = 0, «proceed with the next value for i» (corpus/documentos/bip-0032.mediawiki, Master key generation y Private parent key → private child key).",
K-627,,celda-en-evaluacion,sut/backend/tests/wallet-crypto.test.ts:197,expect(hardened).toBeGreaterThanOrEqual(HARDENED_OFFSET);,,CORRECTO,1,"BIP-32: I = HMAC-SHA512(key=""Bitcoin seed"", data=S); CKDpriv hardened (`0x00‖ser256(k)‖ser32(i)`) / normal (`serP‖ser32(i)`); si parse256(I_L) ≥ n o k_i = 0, «proceed with the next value for i» (corpus/documentos/bip-0032.mediawiki, Master key generation y Private parent key → private child key).",
K-628,,celda-en-evaluacion,sut/backend/tests/wallet-crypto.test.ts:200,expect(change as number).toBeLessThan(HARDENED_OFFSET);,,CORRECTO,1,"BIP-32: I = HMAC-SHA512(key=""Bitcoin seed"", data=S); CKDpriv hardened (`0x00‖ser256(k)‖ser32(i)`) / normal (`serP‖ser32(i)`); si parse256(I_L) ≥ n o k_i = 0, «proceed with the next value for i» (corpus/documentos/bip-0032.mediawiki, Master key generation y Private parent key → private child key).",
K-629,,celda-en-evaluacion,sut/backend/tests/wallet-crypto.test.ts:201,expect(addressIndex as number).toBeLessThan(HARDENED_OFFSET);,,CORRECTO,1,"BIP-32: I = HMAC-SHA512(key=""Bitcoin seed"", data=S); CKDpriv hardened (`0x00‖ser256(k)‖ser32(i)`) / normal (`serP‖ser32(i)`); si parse256(I_L) ≥ n o k_i = 0, «proceed with the next value for i» (corpus/documentos/bip-0032.mediawiki, Master key generation y Private parent key → private child key).",
K-630,,celda-en-evaluacion,sut/backend/tests/wallet-crypto.test.ts:203,expect(HARDENED_OFFSET).toBe(2147483648);,,CORRECTO,1,"BIP-32: I = HMAC-SHA512(key=""Bitcoin seed"", data=S); CKDpriv hardened (`0x00‖ser256(k)‖ser32(i)`) / normal (`serP‖ser32(i)`); si parse256(I_L) ≥ n o k_i = 0, «proceed with the next value for i» (corpus/documentos/bip-0032.mediawiki, Master key generation y Private parent key → private child key).",
K-631,,celda-en-evaluacion,sut/backend/tests/wallet-crypto.test.ts:204,"expect(ETHEREUM_BASE_PATH).toBe(""m/44'/60'/0'/0"");",,CORRECTO,1,"Path BIP-44 `m/purpose'/coin_type'/account'/change/address_index` con purpose 44' y change 0 = cadena externa (corpus/documentos/bip-0044.mediawiki, Path levels). coin type 60 (Ethereum) lo fija spec/00-fundaciones/activos-y-par-de-trading.md §1; BIP-44 remite el registro a SLIP-0044 (§2.6).",
K-632,,celda-en-evaluacion,sut/backend/tests/wallet-crypto.test.ts:205,// `'` y `h` son equivalentes como marca de hardened.,,CORRECTO,1,"BIP-32: I = HMAC-SHA512(key=""Bitcoin seed"", data=S); CKDpriv hardened (`0x00‖ser256(k)‖ser32(i)`) / normal (`serP‖ser32(i)`); si parse256(I_L) ≥ n o k_i = 0, «proceed with the next value for i» (corpus/documentos/bip-0032.mediawiki, Master key generation y Private parent key → private child key).",
K-633,,celda-en-evaluacion,sut/backend/tests/wallet-crypto.test.ts:206,"expect(parsePath(""m/44h/60h/0h/0/7"")).toEqual(indices);",,CORRECTO,1,"Path BIP-44 `m/purpose'/coin_type'/account'/change/address_index` con purpose 44' y change 0 = cadena externa (corpus/documentos/bip-0044.mediawiki, Path levels). coin type 60 (Ethereum) lo fija spec/00-fundaciones/activos-y-par-de-trading.md §1; BIP-44 remite el registro a SLIP-0044 (§2.6).",
K-634,,celda-en-evaluacion,sut/backend/tests/wallet-crypto.test.ts:211,"const b = deriveAccountAt(mnemonicToSeed(MNEMONIC_HARDHAT, ''), 3);",,CORRECTO,1,"BIP-39: ENT 128–256, checksum SHA-256 ENT/32, wordlist inglés 2048, PBKDF2-HMAC-SHA512 2048 iter, seed 64 B, NFKD (corpus/documentos/bip-0039.mediawiki «Generating the mnemonic» y «From mnemonic to seed»; wordlist corpus/documentos/bip-0039-wordlist-english.txt, SHA-256 2f5eed53…24dbda). 24 palabras = política HU-06-01 RN-1, no exclusividad del estándar (§2.6).",
K-635,,celda-en-evaluacion,sut/backend/tests/wallet-crypto.test.ts:224,expect(k < SECP256K1_ORDER).toBe(true);,,CORRECTO,1,"Keccak-256 / secp256k1 usados como en HU-06-02 RN-4 (dirección = últimos 20 B de Keccak-256(X‖Y)) y BIP-32 (corpus/documentos/bip-0032.mediawiki, curva secp256k1; corpus/documentos/erc-55.md usa Keccak-256). Sin fórmula atribuida de más al estándar. §2.6.",
K-636,,celda-en-evaluacion,sut/backend/tests/wallet-crypto.test.ts:232,"'derivationPath',",,CORRECTO,1,"Keccak-256 / secp256k1 usados como en HU-06-02 RN-4 (dirección = últimos 20 B de Keccak-256(X‖Y)) y BIP-32 (corpus/documentos/bip-0032.mediawiki, curva secp256k1; corpus/documentos/erc-55.md usa Keccak-256). Sin fórmula atribuida de más al estándar. §2.6.",
K-637,,celda-en-evaluacion,sut/backend/tests/wallet-crypto.test.ts:235,"const privada = toHex(derivePath(seedHardhat, ""m/44'/60'/0'/0/0"").privateKey);",,CORRECTO,1,"Path BIP-44 `m/purpose'/coin_type'/account'/change/address_index` con purpose 44' y change 0 = cadena externa (corpus/documentos/bip-0044.mediawiki, Path levels). coin type 60 (Ethereum) lo fija spec/00-fundaciones/activos-y-par-de-trading.md §1; BIP-44 remite el registro a SLIP-0044 (§2.6).",
K-638,,celda-en-evaluacion,sut/backend/tests/wallet-crypto.test.ts:240,"describe('AT-06-02-08 — índice con clave BIP-32 inválida (stub de HMAC-SHA512)', () => {",,CORRECTO,1,"BIP-32: I = HMAC-SHA512(key=""Bitcoin seed"", data=S); CKDpriv hardened (`0x00‖ser256(k)‖ser32(i)`) / normal (`serP‖ser32(i)`); si parse256(I_L) ≥ n o k_i = 0, «proceed with the next value for i» (corpus/documentos/bip-0032.mediawiki, Master key generation y Private parent key → private child key).",
K-639,,celda-en-evaluacion,sut/backend/tests/wallet-crypto.test.ts:249,"* Instala un stub que, sólo en la derivación **normal** (no hardened) del índice",,CORRECTO,1,"BIP-32: I = HMAC-SHA512(key=""Bitcoin seed"", data=S); CKDpriv hardened (`0x00‖ser256(k)‖ser32(i)`) / normal (`serP‖ser32(i)`); si parse256(I_L) ≥ n o k_i = 0, «proceed with the next value for i» (corpus/documentos/bip-0032.mediawiki, Master key generation y Private parent key → private child key).",
K-640,,celda-en-evaluacion,sut/backend/tests/wallet-crypto.test.ts:252,"* mientras que la hardened usa `0x00 ‖ ser256(k_par) ‖ ser32(i)` (37 bytes, primer byte",,CORRECTO,1,"BIP-32: I = HMAC-SHA512(key=""Bitcoin seed"", data=S); CKDpriv hardened (`0x00‖ser256(k)‖ser32(i)`) / normal (`serP‖ser32(i)`); si parse256(I_L) ≥ n o k_i = 0, «proceed with the next value for i» (corpus/documentos/bip-0032.mediawiki, Master key generation y Private parent key → private child key).",
K-641,,celda-en-evaluacion,sut/backend/tests/wallet-crypto.test.ts:279,expect(cuenta.derivationPath).toBe(`${ETHEREUM_BASE_PATH}/${INDICE_ROTO + 1}`);,,CORRECTO,1,"Keccak-256 / secp256k1 usados como en HU-06-02 RN-4 (dirección = últimos 20 B de Keccak-256(X‖Y)) y BIP-32 (corpus/documentos/bip-0032.mediawiki, curva secp256k1; corpus/documentos/erc-55.md usa Keccak-256). Sin fórmula atribuida de más al estándar. §2.6.",
K-642,,celda-en-evaluacion,sut/backend/tests/wallet-crypto.test.ts:289,const ilForzado = ser256((SECP256K1_ORDER - parse256(padre.privateKey)) % SECP256K1_ORDER);,,CORRECTO,1,"Keccak-256 / secp256k1 usados como en HU-06-02 RN-4 (dirección = últimos 20 B de Keccak-256(X‖Y)) y BIP-32 (corpus/documentos/bip-0032.mediawiki, curva secp256k1; corpus/documentos/erc-55.md usa Keccak-256). Sin fórmula atribuida de más al estándar. §2.6.",
K-643,,celda-en-evaluacion,sut/backend/tests/wallet-crypto.test.ts:304,"describe('AT-06-02-09 — rango no-hardened del address_index (RN-9)', () => {",,CORRECTO,1,"BIP-32: I = HMAC-SHA512(key=""Bitcoin seed"", data=S); CKDpriv hardened (`0x00‖ser256(k)‖ser32(i)`) / normal (`serP‖ser32(i)`); si parse256(I_L) ≥ n o k_i = 0, «proceed with the next value for i» (corpus/documentos/bip-0032.mediawiki, Master key generation y Private parent key → private child key).",
K-644,,celda-en-evaluacion,sut/backend/tests/wallet-crypto.test.ts:325,expect(cuenta.derivationPath).toBe(`${ETHEREUM_BASE_PATH}/2147483647`);,,CORRECTO,1,"Keccak-256 / secp256k1 usados como en HU-06-02 RN-4 (dirección = últimos 20 B de Keccak-256(X‖Y)) y BIP-32 (corpus/documentos/bip-0032.mediawiki, curva secp256k1; corpus/documentos/erc-55.md usa Keccak-256). Sin fórmula atribuida de más al estándar. §2.6.",
K-645,,celda-en-evaluacion,sut/backend/tests/wallet-crypto.test.ts:326,expect(isValidChecksumAddress(cuenta.address)).toBe(true);,,CORRECTO,1,"Checksum EIP-55/ERC-55: Keccak-256 sobre el hex ASCII en minúsculas sin `0x`; nibble ≥ 8 (o > 7) ⇒ mayúscula. Vectores oficiales All caps / All Lower / Normal (corpus/documentos/erc-55.md, Specification, Implementation y Test Cases).",
K-646,,celda-en-evaluacion,sut/mobile/src/api/deposits.ts:6,* ni accede a la seed/mnemonic (RN-12). El backend puede devolver además campos,,CORRECTO,1,"BIP-39: ENT 128–256, checksum SHA-256 ENT/32, wordlist inglés 2048, PBKDF2-HMAC-SHA512 2048 iter, seed 64 B, NFKD (corpus/documentos/bip-0039.mediawiki «Generating the mnemonic» y «From mnemonic to seed»; wordlist corpus/documentos/bip-0039-wordlist-english.txt, SHA-256 2f5eed53…24dbda). 24 palabras = política HU-06-01 RN-1, no exclusividad del estándar (§2.6).",
K-647,,celda-en-evaluacion,sut/mobile/src/api/deposits.ts:7,"* informativos (`network`, `chainId`, `derivationPath`) que se preservan si vienen.",,CORRECTO,1,Sepolia chainId 11155111 es constante de spec/00-fundaciones/activos-y-par-de-trading.md §1; no se afirma un chainId distinto ni una red equivocada como Sepolia (C4 no aplica). §2.6.,
K-648,,celda-en-evaluacion,sut/mobile/src/api/deposits.ts:11,import { isValidEip55Address } from '../onchain/address';,,CORRECTO,1,"Checksum EIP-55/ERC-55: Keccak-256 sobre el hex ASCII en minúsculas sin `0x`; nibble ≥ 8 (o > 7) ⇒ mayúscula. Vectores oficiales All caps / All Lower / Normal (corpus/documentos/erc-55.md, Specification, Implementation y Test Cases).",
K-649,,celda-en-evaluacion,sut/mobile/src/api/deposits.ts:12,import type { Asset } from '../onchain/eip681';,,CORRECTO,1,"Uso correcto de ERC-681: `ethereum:` [`pay-`] target [`@` chain_id decimal] [`/` function] [`?` params]; sin function_name = pago nativo; ERC-20 = `transfer` con parámetro `address` (corpus/documentos/erc-681.md, Specification Syntax/Semantics). chainId 11155111 lo fija spec/00-fundaciones/activos-y-par-de-trading.md §1 (§2.6).",
K-650,,celda-en-evaluacion,sut/mobile/src/api/deposits.ts:16,/** `0x` + 40 hex con checksum EIP-55 (HU-09-01 RN-10). */,,CORRECTO,1,"Checksum EIP-55/ERC-55: Keccak-256 sobre el hex ASCII en minúsculas sin `0x`; nibble ≥ 8 (o > 7) ⇒ mayúscula. Vectores oficiales All caps / All Lower / Normal (corpus/documentos/erc-55.md, Specification, Implementation y Test Cases).",
K-651,,celda-en-evaluacion,sut/mobile/src/api/deposits.ts:22,* lo prefiere sobre la constante del bundle para no rotular como Sepolia una red distinta.,,CORRECTO,1,Sepolia chainId 11155111 es constante de spec/00-fundaciones/activos-y-par-de-trading.md §1; no se afirma un chainId distinto ni una red equivocada como Sepolia (C4 no aplica). §2.6.,
K-652,,celda-en-evaluacion,sut/mobile/src/api/deposits.ts:25,"/** `chainId` informado por el backend, normalizado a string decimal (informativo). */",,CORRECTO,1,Sepolia chainId 11155111 es constante de spec/00-fundaciones/activos-y-par-de-trading.md §1; no se afirma un chainId distinto ni una red equivocada como Sepolia (C4 no aplica). §2.6.,
K-653,,celda-en-evaluacion,sut/mobile/src/api/deposits.ts:26,chainId?: string;,,CORRECTO,1,Sepolia chainId 11155111 es constante de spec/00-fundaciones/activos-y-par-de-trading.md §1; no se afirma un chainId distinto ni una red equivocada como Sepolia (C4 no aplica). §2.6.,
K-654,,celda-en-evaluacion,sut/mobile/src/api/deposits.ts:34,* Una dirección del contrato de RN-10: `0x` + 40 hex **con checksum EIP-55**.,,CORRECTO,1,"Checksum EIP-55/ERC-55: Keccak-256 sobre el hex ASCII en minúsculas sin `0x`; nibble ≥ 8 (o > 7) ⇒ mayúscula. Vectores oficiales All caps / All Lower / Normal (corpus/documentos/erc-55.md, Specification, Implementation y Test Cases).",
K-655,,celda-en-evaluacion,sut/mobile/src/api/deposits.ts:37,"* checksum hace fallar el parseo como `TransportError` (""respuesta fuera del contrato"") en vez",,CORRECTO,1,"Checksum EIP-55/ERC-55: Keccak-256 sobre el hex ASCII en minúsculas sin `0x`; nibble ≥ 8 (o > 7) ⇒ mayúscula. Vectores oficiales All caps / All Lower / Normal (corpus/documentos/erc-55.md, Specification, Implementation y Test Cases).",
K-656,,celda-en-evaluacion,sut/mobile/src/api/deposits.ts:42,*  - HU-11-06 RN-2 obliga a **mostrar** la dirección con checksum EIP-55: una dirección cuyo,,CORRECTO,1,"Checksum EIP-55/ERC-55: Keccak-256 sobre el hex ASCII en minúsculas sin `0x`; nibble ≥ 8 (o > 7) ⇒ mayúscula. Vectores oficiales All caps / All Lower / Normal (corpus/documentos/erc-55.md, Specification, Implementation y Test Cases).",
K-657,,celda-en-evaluacion,sut/mobile/src/api/deposits.ts:43,*    checksum no verifica está corrupta (el checksum existe justamente para detectar eso) y,,CORRECTO,1,"Checksum EIP-55/ERC-55: Keccak-256 sobre el hex ASCII en minúsculas sin `0x`; nibble ≥ 8 (o > 7) ⇒ mayúscula. Vectores oficiales All caps / All Lower / Normal (corpus/documentos/erc-55.md, Specification, Implementation y Test Cases).",
K-658,,celda-en-evaluacion,sut/mobile/src/api/deposits.ts:48,* Se reutiliza `isValidEip55Address` de `onchain/address.ts` (verificado contra los vectores,,CORRECTO,1,"Checksum EIP-55/ERC-55: Keccak-256 sobre el hex ASCII en minúsculas sin `0x`; nibble ≥ 8 (o > 7) ⇒ mayúscula. Vectores oficiales All caps / All Lower / Normal (corpus/documentos/erc-55.md, Specification, Implementation y Test Cases).",
K-659,,celda-en-evaluacion,sut/mobile/src/api/deposits.ts:49,"* oficiales de ERC-55), que acepta los checksums degenerados «All Lower» / «All caps».",,CORRECTO,1,"Checksum EIP-55/ERC-55: Keccak-256 sobre el hex ASCII en minúsculas sin `0x`; nibble ≥ 8 (o > 7) ⇒ mayúscula. Vectores oficiales All caps / All Lower / Normal (corpus/documentos/erc-55.md, Specification, Implementation y Test Cases).",
K-660,,celda-en-evaluacion,sut/mobile/src/api/deposits.ts:52,return typeof value === 'string' && isValidEip55Address(value);,,CORRECTO,1,"Checksum EIP-55/ERC-55: Keccak-256 sobre el hex ASCII en minúsculas sin `0x`; nibble ≥ 8 (o > 7) ⇒ mayúscula. Vectores oficiales All caps / All Lower / Normal (corpus/documentos/erc-55.md, Specification, Implementation y Test Cases).",
K-661,,celda-en-evaluacion,sut/mobile/src/api/deposits.ts:56,"* `chainId` normalizado a string decimal, o `null` si no vino o no tiene una forma usable.",,CORRECTO,1,Sepolia chainId 11155111 es constante de spec/00-fundaciones/activos-y-par-de-trading.md §1; no se afirma un chainId distinto ni una red equivocada como Sepolia (C4 no aplica). §2.6.,
K-662,,celda-en-evaluacion,sut/mobile/src/api/deposits.ts:60,* es parte del contrato de RN-10; la política sobre un `chainId` que sí vino y no es el,,CORRECTO,1,Sepolia chainId 11155111 es constante de spec/00-fundaciones/activos-y-par-de-trading.md §1; no se afirma un chainId distinto ni una red equivocada como Sepolia (C4 no aplica). §2.6.,
K-663,,celda-en-evaluacion,sut/mobile/src/api/deposits.ts:61,"* esperado la aplica la pantalla (RN-2, `CHAIN_ID_MISMATCH`).",,CORRECTO,1,Sepolia chainId 11155111 es constante de spec/00-fundaciones/activos-y-par-de-trading.md §1; no se afirma un chainId distinto ni una red equivocada como Sepolia (C4 no aplica). §2.6.,
K-664,,celda-en-evaluacion,sut/mobile/src/api/deposits.ts:63,function parseChainId(value: unknown): string | null {,,CORRECTO,1,Sepolia chainId 11155111 es constante de spec/00-fundaciones/activos-y-par-de-trading.md §1; no se afirma un chainId distinto ni una red equivocada como Sepolia (C4 no aplica). §2.6.,
K-665,,celda-en-evaluacion,sut/mobile/src/api/deposits.ts:80,// Presente pero fuera de contrato: el QR EIP-681 de USDC apunta a este contrato,,CORRECTO,1,"Uso correcto de ERC-681: `ethereum:` [`pay-`] target [`@` chain_id decimal] [`/` function] [`?` params]; sin function_name = pago nativo; ERC-20 = `transfer` con parámetro `address` (corpus/documentos/erc-681.md, Specification Syntax/Semantics). chainId 11155111 lo fija spec/00-fundaciones/activos-y-par-de-trading.md §1 (§2.6).",
K-666,,celda-en-evaluacion,sut/mobile/src/api/deposits.ts:90,const chainId = parseChainId(payload.chainId);,,CORRECTO,1,Sepolia chainId 11155111 es constante de spec/00-fundaciones/activos-y-par-de-trading.md §1; no se afirma un chainId distinto ni una red equivocada como Sepolia (C4 no aplica). §2.6.,
K-667,,celda-en-evaluacion,sut/mobile/src/api/deposits.ts:91,if (chainId !== null) result.chainId = chainId;,,CORRECTO,1,Sepolia chainId 11155111 es constante de spec/00-fundaciones/activos-y-par-de-trading.md §1; no se afirma un chainId distinto ni una red equivocada como Sepolia (C4 no aplica). §2.6.,
K-668,,celda-en-evaluacion,sut/mobile/src/api/errors.ts:46,"'CHAIN_ID_MISMATCH',",,CORRECTO,1,Sepolia chainId 11155111 es constante de spec/00-fundaciones/activos-y-par-de-trading.md §1; no se afirma un chainId distinto ni una red equivocada como Sepolia (C4 no aplica). §2.6.,
K-669,,celda-en-evaluacion,sut/mobile/src/api/errors.ts:161,case 'CHAIN_ID_MISMATCH':,,CORRECTO,1,Sepolia chainId 11155111 es constante de spec/00-fundaciones/activos-y-par-de-trading.md §1; no se afirma un chainId distinto ni una red equivocada como Sepolia (C4 no aplica). §2.6.,
K-670,,celda-en-evaluacion,sut/mobile/src/api/errors.ts:162,// Sólo Sepolia (chainId 11155111) es una red válida del proyecto (HU-11-06 RN-2).,,CORRECTO,1,Sepolia chainId 11155111 es constante de spec/00-fundaciones/activos-y-par-de-trading.md §1; no se afirma un chainId distinto ni una red equivocada como Sepolia (C4 no aplica). §2.6.,
K-671,,celda-en-evaluacion,sut/mobile/src/api/errors.ts:163,return 'Red incorrecta: la operación no corresponde a Sepolia.';,,CORRECTO,1,Sepolia chainId 11155111 es constante de spec/00-fundaciones/activos-y-par-de-trading.md §1; no se afirma un chainId distinto ni una red equivocada como Sepolia (C4 no aplica). §2.6.,
K-672,,celda-en-evaluacion,sut/mobile/src/config.ts:20,/** Red on-chain del proyecto (Sepolia). `00-fundaciones/activos-y-par-de-trading.md`. */,,CORRECTO,1,Sepolia chainId 11155111 es constante de spec/00-fundaciones/activos-y-par-de-trading.md §1; no se afirma un chainId distinto ni una red equivocada como Sepolia (C4 no aplica). §2.6.,
K-673,,celda-en-evaluacion,sut/mobile/src/config.ts:21,export const CHAIN_ID = '11155111';,,CORRECTO,1,Sepolia chainId 11155111 es constante de spec/00-fundaciones/activos-y-par-de-trading.md §1; no se afirma un chainId distinto ni una red equivocada como Sepolia (C4 no aplica). §2.6.,
K-674,,celda-en-evaluacion,sut/mobile/src/config.ts:22,export const NETWORK_NAME = 'Sepolia';,,CORRECTO,1,Sepolia chainId 11155111 es constante de spec/00-fundaciones/activos-y-par-de-trading.md §1; no se afirma un chainId distinto ni una red equivocada como Sepolia (C4 no aplica). §2.6.,
K-675,,celda-en-evaluacion,sut/mobile/src/onchain/address.ts:2,* Direcciones Ethereum en el cliente mobile: formato y checksum EIP-55.,,CORRECTO,1,"Checksum EIP-55/ERC-55: Keccak-256 sobre el hex ASCII en minúsculas sin `0x`; nibble ≥ 8 (o > 7) ⇒ mayúscula. Vectores oficiales All caps / All Lower / Normal (corpus/documentos/erc-55.md, Specification, Implementation y Test Cases).",
K-676,,celda-en-evaluacion,sut/mobile/src/onchain/address.ts:4,"* Fuente normativa: ERC-55 / EIP-55 («Mixed-case checksum address encoding»), que define el",,CORRECTO,1,"Checksum EIP-55/ERC-55: Keccak-256 sobre el hex ASCII en minúsculas sin `0x`; nibble ≥ 8 (o > 7) ⇒ mayúscula. Vectores oficiales All caps / All Lower / Normal (corpus/documentos/erc-55.md, Specification, Implementation y Test Cases).",
K-677,,celda-en-evaluacion,sut/mobile/src/onchain/address.ts:5,* checksum como `Keccak-256` sobre la representación ASCII hexadecimal **en minúsculas y sin,,CORRECTO,1,"Checksum EIP-55/ERC-55: Keccak-256 sobre el hex ASCII en minúsculas sin `0x`; nibble ≥ 8 (o > 7) ⇒ mayúscula. Vectores oficiales All caps / All Lower / Normal (corpus/documentos/erc-55.md, Specification, Implementation y Test Cases).",
K-678,,celda-en-evaluacion,sut/mobile/src/onchain/address.ts:8,* checksum EIP-55) y RN-5 / RN-9 (validación temprana del destino de retiro y del contenido de,,CORRECTO,1,"Checksum EIP-55/ERC-55: Keccak-256 sobre el hex ASCII en minúsculas sin `0x`; nibble ≥ 8 (o > 7) ⇒ mayúscula. Vectores oficiales All caps / All Lower / Normal (corpus/documentos/erc-55.md, Specification, Implementation y Test Cases).",
K-679,,celda-en-evaluacion,sut/mobile/src/onchain/address.ts:12,"* Hermes), sólo de `TextEncoder` para el ASCII y de `@noble/hashes` para Keccak-256.",,CORRECTO,1,"Keccak-256 / secp256k1 usados como en HU-06-02 RN-4 (dirección = últimos 20 B de Keccak-256(X‖Y)) y BIP-32 (corpus/documentos/bip-0032.mediawiki, curva secp256k1; corpus/documentos/erc-55.md usa Keccak-256). Sin fórmula atribuida de más al estándar. §2.6.",
K-680,,celda-en-evaluacion,sut/mobile/src/onchain/address.ts:15,import { keccak_256 } from '@noble/hashes/sha3.js';,,CORRECTO,1,"Keccak-256 / secp256k1 usados como en HU-06-02 RN-4 (dirección = últimos 20 B de Keccak-256(X‖Y)) y BIP-32 (corpus/documentos/bip-0032.mediawiki, curva secp256k1; corpus/documentos/erc-55.md usa Keccak-256). Sin fórmula atribuida de más al estándar. §2.6.",
K-681,,celda-en-evaluacion,sut/mobile/src/onchain/address.ts:20,/** 40 dígitos hexadecimales sin prefijo (forma aceptada por `toChecksumAddress`). */,,CORRECTO,1,"Checksum EIP-55/ERC-55: Keccak-256 sobre el hex ASCII en minúsculas sin `0x`; nibble ≥ 8 (o > 7) ⇒ mayúscula. Vectores oficiales All caps / All Lower / Normal (corpus/documentos/erc-55.md, Specification, Implementation y Test Cases).",
K-682,,celda-en-evaluacion,sut/mobile/src/onchain/address.ts:35,"* `true` si la cadena tiene la forma `0x` + 40 hex, **sin mirar el checksum**",,CORRECTO,1,"Checksum EIP-55/ERC-55: Keccak-256 sobre el hex ASCII en minúsculas sin `0x`; nibble ≥ 8 (o > 7) ⇒ mayúscula. Vectores oficiales All caps / All Lower / Normal (corpus/documentos/erc-55.md, Specification, Implementation y Test Cases).",
K-683,,celda-en-evaluacion,sut/mobile/src/onchain/address.ts:43,* Aplica el checksum EIP-55: `Keccak-256` sobre la cadena ASCII hexadecimal en minúsculas y,,CORRECTO,1,"Checksum EIP-55/ERC-55: Keccak-256 sobre el hex ASCII en minúsculas sin `0x`; nibble ≥ 8 (o > 7) ⇒ mayúscula. Vectores oficiales All caps / All Lower / Normal (corpus/documentos/erc-55.md, Specification, Implementation y Test Cases).",
K-684,,celda-en-evaluacion,sut/mobile/src/onchain/address.ts:49,export function toChecksumAddress(address: string): string {,,CORRECTO,1,"Checksum EIP-55/ERC-55: Keccak-256 sobre el hex ASCII en minúsculas sin `0x`; nibble ≥ 8 (o > 7) ⇒ mayúscula. Vectores oficiales All caps / All Lower / Normal (corpus/documentos/erc-55.md, Specification, Implementation y Test Cases).",
K-685,,celda-en-evaluacion,sut/mobile/src/onchain/address.ts:56,const hash = toHex(keccak_256(ascii.encode(lower)));,,CORRECTO,1,"Keccak-256 / secp256k1 usados como en HU-06-02 RN-4 (dirección = últimos 20 B de Keccak-256(X‖Y)) y BIP-32 (corpus/documentos/bip-0032.mediawiki, curva secp256k1; corpus/documentos/erc-55.md usa Keccak-256). Sin fórmula atribuida de más al estándar. §2.6.",
K-686,,celda-en-evaluacion,sut/mobile/src/onchain/address.ts:69,* checksum EIP-55 (HU-11-06 RN-5).,,CORRECTO,1,"Checksum EIP-55/ERC-55: Keccak-256 sobre el hex ASCII en minúsculas sin `0x`; nibble ≥ 8 (o > 7) ⇒ mayúscula. Vectores oficiales All caps / All Lower / Normal (corpus/documentos/erc-55.md, Specification, Implementation y Test Cases).",
K-687,,celda-en-evaluacion,sut/mobile/src/onchain/address.ts:71,"* Decisión de diseño: la comparación es **estricta contra el checksum**, no una validación",,CORRECTO,1,"Checksum EIP-55/ERC-55: Keccak-256 sobre el hex ASCII en minúsculas sin `0x`; nibble ≥ 8 (o > 7) ⇒ mayúscula. Vectores oficiales All caps / All Lower / Normal (corpus/documentos/erc-55.md, Specification, Implementation y Test Cases).",
K-688,,celda-en-evaluacion,sut/mobile/src/onchain/address.ts:74,"* ""sin checksum"" que algunas herramientas toleran. Es el criterio del backend, que responde",,CORRECTO,1,"Checksum EIP-55/ERC-55: Keccak-256 sobre el hex ASCII en minúsculas sin `0x`; nibble ≥ 8 (o > 7) ⇒ mayúscula. Vectores oficiales All caps / All Lower / Normal (corpus/documentos/erc-55.md, Specification, Implementation y Test Cases).",
K-689,,celda-en-evaluacion,sut/mobile/src/onchain/address.ts:75,"* `INVALID_ADDRESS` (422) ante un checksum incorrecto (HU-11-06 RN-5), así que el feedback",,CORRECTO,1,"Checksum EIP-55/ERC-55: Keccak-256 sobre el hex ASCII en minúsculas sin `0x`; nibble ≥ 8 (o > 7) ⇒ mayúscula. Vectores oficiales All caps / All Lower / Normal (corpus/documentos/erc-55.md, Specification, Implementation y Test Cases).",
K-690,,celda-en-evaluacion,sut/mobile/src/onchain/address.ts:78,* Consecuencia (no una excepción): existen direcciones cuyo checksum EIP-55 resulta ser,,CORRECTO,1,"Checksum EIP-55/ERC-55: Keccak-256 sobre el hex ASCII en minúsculas sin `0x`; nibble ≥ 8 (o > 7) ⇒ mayúscula. Vectores oficiales All caps / All Lower / Normal (corpus/documentos/erc-55.md, Specification, Implementation y Test Cases).",
K-691,,celda-en-evaluacion,sut/mobile/src/onchain/address.ts:80,"* vectores oficiales de ERC-55 incluyen esos casos («All Lower» y «All caps»), igual que el",,CORRECTO,1,"Checksum EIP-55/ERC-55: Keccak-256 sobre el hex ASCII en minúsculas sin `0x`; nibble ≥ 8 (o > 7) ⇒ mayúscula. Vectores oficiales All caps / All Lower / Normal (corpus/documentos/erc-55.md, Specification, Implementation y Test Cases).",
K-692,,celda-en-evaluacion,sut/mobile/src/onchain/address.ts:83,export function isValidEip55Address(value: string): boolean {,,CORRECTO,1,"Checksum EIP-55/ERC-55: Keccak-256 sobre el hex ASCII en minúsculas sin `0x`; nibble ≥ 8 (o > 7) ⇒ mayúscula. Vectores oficiales All caps / All Lower / Normal (corpus/documentos/erc-55.md, Specification, Implementation y Test Cases).",
K-693,,celda-en-evaluacion,sut/mobile/src/onchain/address.ts:85,return value === toChecksumAddress(value);,,CORRECTO,1,"Checksum EIP-55/ERC-55: Keccak-256 sobre el hex ASCII en minúsculas sin `0x`; nibble ≥ 8 (o > 7) ⇒ mayúscula. Vectores oficiales All caps / All Lower / Normal (corpus/documentos/erc-55.md, Specification, Implementation y Test Cases).",
K-694,,celda-en-evaluacion,sut/mobile/src/onchain/eip681.ts:2,* URIs EIP-681 para el QR de la pantalla de depósito.,,CORRECTO,1,"Uso correcto de ERC-681: `ethereum:` [`pay-`] target [`@` chain_id decimal] [`/` function] [`?` params]; sin function_name = pago nativo; ERC-20 = `transfer` con parámetro `address` (corpus/documentos/erc-681.md, Specification Syntax/Semantics). chainId 11155111 lo fija spec/00-fundaciones/activos-y-par-de-trading.md §1 (§2.6).",
K-695,,celda-en-evaluacion,sut/mobile/src/onchain/eip681.ts:4,"* Fuente normativa: ERC-681 («URL Format for Transaction Requests»), cuya gramática es",,CORRECTO,1,"Uso correcto de ERC-681: `ethereum:` [`pay-`] target [`@` chain_id decimal] [`/` function] [`?` params]; sin function_name = pago nativo; ERC-20 = `transfer` con parámetro `address` (corpus/documentos/erc-681.md, Specification Syntax/Semantics). chainId 11155111 lo fija spec/00-fundaciones/activos-y-par-de-trading.md §1 (§2.6).",
K-696,,celda-en-evaluacion,sut/mobile/src/onchain/eip681.ts:5,"*   `request = ""ethereum"" "":"" [ ""pay-"" ] target_address [ ""@"" chain_id ] [ ""/"" function_name ]",,CORRECTO,1,"Uso correcto de ERC-681: `ethereum:` [`pay-`] target [`@` chain_id decimal] [`/` function] [`?` params]; sin function_name = pago nativo; ERC-20 = `transfer` con parámetro `address` (corpus/documentos/erc-681.md, Specification Syntax/Semantics). chainId 11155111 lo fija spec/00-fundaciones/activos-y-par-de-trading.md §1 (§2.6).",
K-697,,celda-en-evaluacion,sut/mobile/src/onchain/eip681.ts:7,"* donde `chain_id` es el chain ID en **decimal** y, si falta `function_name`, el pago es en el",,CORRECTO,1,"Uso correcto de ERC-681: `ethereum:` [`pay-`] target [`@` chain_id decimal] [`/` function] [`?` params]; sin function_name = pago nativo; ERC-20 = `transfer` con parámetro `address` (corpus/documentos/erc-681.md, Specification Syntax/Semantics). chainId 11155111 lo fija spec/00-fundaciones/activos-y-par-de-trading.md §1 (§2.6).",
K-698,,celda-en-evaluacion,sut/mobile/src/onchain/eip681.ts:8,* token nativo (ether). Los pagos ERC-20 se expresan como una llamada a `transfer` del,,CORRECTO,1,"USDC-mock como token ERC-20 del proyecto (spec/00-fundaciones/activos-y-par-de-trading.md §2.2); no se atribuye a ERC-20 una semántica falsa (p. ej. revert obligatorio de `transfer`) (corpus/documentos/erc-20.md, Specification).",
K-699,,celda-en-evaluacion,sut/mobile/src/onchain/eip681.ts:14,*  - ETH nativo:  `ethereum:<depositAddress>@11155111`,,CORRECTO,1,"Uso correcto de ERC-681: `ethereum:` [`pay-`] target [`@` chain_id decimal] [`/` function] [`?` params]; sin function_name = pago nativo; ERC-20 = `transfer` con parámetro `address` (corpus/documentos/erc-681.md, Specification Syntax/Semantics). chainId 11155111 lo fija spec/00-fundaciones/activos-y-par-de-trading.md §1 (§2.6).",
K-700,,celda-en-evaluacion,sut/mobile/src/onchain/eip681.ts:15,*  - USDC-mock:   `ethereum:<tokenAddress>@11155111/transfer?address=<depositAddress>`,,CORRECTO,1,"Uso correcto de ERC-681: `ethereum:` [`pay-`] target [`@` chain_id decimal] [`/` function] [`?` params]; sin function_name = pago nativo; ERC-20 = `transfer` con parámetro `address` (corpus/documentos/erc-681.md, Specification Syntax/Semantics). chainId 11155111 lo fija spec/00-fundaciones/activos-y-par-de-trading.md §1 (§2.6).",
K-701,,celda-en-evaluacion,sut/mobile/src/onchain/eip681.ts:18,"* hardcodeado en el cliente. La red es siempre Sepolia (`chainId = 11155111`), de modo que una",,CORRECTO,1,Sepolia chainId 11155111 es constante de spec/00-fundaciones/activos-y-par-de-trading.md §1; no se afirma un chainId distinto ni una red equivocada como Sepolia (C4 no aplica). §2.6.,
K-702,,celda-en-evaluacion,sut/mobile/src/onchain/eip681.ts:23,"/** Chain ID de Sepolia en decimal, como exige ERC-681 (HU-11-06 RN-2). */",,CORRECTO,1,"Uso correcto de ERC-681: `ethereum:` [`pay-`] target [`@` chain_id decimal] [`/` function] [`?` params]; sin function_name = pago nativo; ERC-20 = `transfer` con parámetro `address` (corpus/documentos/erc-681.md, Specification Syntax/Semantics). chainId 11155111 lo fija spec/00-fundaciones/activos-y-par-de-trading.md §1 (§2.6).",
K-703,,celda-en-evaluacion,sut/mobile/src/onchain/eip681.ts:24,export const SEPOLIA_CHAIN_ID = '11155111';,,CORRECTO,1,Sepolia chainId 11155111 es constante de spec/00-fundaciones/activos-y-par-de-trading.md §1; no se afirma un chainId distinto ni una red equivocada como Sepolia (C4 no aplica). §2.6.,
K-704,,celda-en-evaluacion,sut/mobile/src/onchain/eip681.ts:44,"* Construye el URI EIP-681 que se codifica en el QR de depósito (HU-11-06 RN-2, AT-11-06-26).",,CORRECTO,1,"Uso correcto de ERC-681: `ethereum:` [`pay-`] target [`@` chain_id decimal] [`/` function] [`?` params]; sin function_name = pago nativo; ERC-20 = `transfer` con parámetro `address` (corpus/documentos/erc-681.md, Specification Syntax/Semantics). chainId 11155111 lo fija spec/00-fundaciones/activos-y-par-de-trading.md §1 (§2.6).",
K-705,,celda-en-evaluacion,sut/mobile/src/onchain/eip681.ts:46,* Las direcciones se emiten tal como las devolvió la API (con su checksum EIP-55) y sólo se,,CORRECTO,1,"Checksum EIP-55/ERC-55: Keccak-256 sobre el hex ASCII en minúsculas sin `0x`; nibble ≥ 8 (o > 7) ⇒ mayúscula. Vectores oficiales All caps / All Lower / Normal (corpus/documentos/erc-55.md, Specification, Implementation y Test Cases).",
K-706,,celda-en-evaluacion,sut/mobile/src/onchain/eip681.ts:47,* valida su **formato**; la validación de checksum es responsabilidad de `address.ts`,,CORRECTO,1,"Checksum EIP-55/ERC-55: Keccak-256 sobre el hex ASCII en minúsculas sin `0x`; nibble ≥ 8 (o > 7) ⇒ mayúscula. Vectores oficiales All caps / All Lower / Normal (corpus/documentos/erc-55.md, Specification, Implementation y Test Cases).",
K-707,,celda-en-evaluacion,sut/mobile/src/onchain/eip681.ts:48,* (`isValidEip55Address`) allí donde el usuario ingresa una dirección.,,CORRECTO,1,"Checksum EIP-55/ERC-55: Keccak-256 sobre el hex ASCII en minúsculas sin `0x`; nibble ≥ 8 (o > 7) ⇒ mayúscula. Vectores oficiales All caps / All Lower / Normal (corpus/documentos/erc-55.md, Specification, Implementation y Test Cases).",
K-708,,celda-en-evaluacion,sut/mobile/src/onchain/eip681.ts:59,return `ethereum:${address}@${SEPOLIA_CHAIN_ID}`;,,CORRECTO,1,"Uso correcto de ERC-681: `ethereum:` [`pay-`] target [`@` chain_id decimal] [`/` function] [`?` params]; sin function_name = pago nativo; ERC-20 = `transfer` con parámetro `address` (corpus/documentos/erc-681.md, Specification Syntax/Semantics). chainId 11155111 lo fija spec/00-fundaciones/activos-y-par-de-trading.md §1 (§2.6).",
K-709,,celda-en-evaluacion,sut/mobile/src/onchain/eip681.ts:62,// USDC-mock (ERC-20): el `target_address` es el contrato del token y el beneficiario viaja,,CORRECTO,1,"USDC-mock como token ERC-20 del proyecto (spec/00-fundaciones/activos-y-par-de-trading.md §2.2); no se atribuye a ERC-20 una semántica falsa (p. ej. revert obligatorio de `transfer`) (corpus/documentos/erc-20.md, Specification).",
K-710,,celda-en-evaluacion,sut/mobile/src/onchain/eip681.ts:66,'Falta tokenAddress: el QR EIP-681 de USDC requiere la dirección del contrato USDC-mock ' +,,CORRECTO,1,"Uso correcto de ERC-681: `ethereum:` [`pay-`] target [`@` chain_id decimal] [`/` function] [`?` params]; sin function_name = pago nativo; ERC-20 = `transfer` con parámetro `address` (corpus/documentos/erc-681.md, Specification Syntax/Semantics). chainId 11155111 lo fija spec/00-fundaciones/activos-y-par-de-trading.md §1 (§2.6).",
K-711,,celda-en-evaluacion,sut/mobile/src/onchain/eip681.ts:72,return `ethereum:${tokenAddress}@${SEPOLIA_CHAIN_ID}/transfer?address=${address}`;,,CORRECTO,1,"Uso correcto de ERC-681: `ethereum:` [`pay-`] target [`@` chain_id decimal] [`/` function] [`?` params]; sin function_name = pago nativo; ERC-20 = `transfer` con parámetro `address` (corpus/documentos/erc-681.md, Specification Syntax/Semantics). chainId 11155111 lo fija spec/00-fundaciones/activos-y-par-de-trading.md §1 (§2.6).",
K-712,,celda-en-evaluacion,sut/mobile/src/screens/DepositScreen.tsx:9,*   no la deriva ni toca la seed/mnemonic (RN-12: esta pantalla no muestra ni pide secretos).,,CORRECTO,1,"BIP-39: ENT 128–256, checksum SHA-256 ENT/32, wordlist inglés 2048, PBKDF2-HMAC-SHA512 2048 iter, seed 64 B, NFKD (corpus/documentos/bip-0039.mediawiki «Generating the mnemonic» y «From mnemonic to seed»; wordlist corpus/documentos/bip-0039-wordlist-english.txt, SHA-256 2f5eed53…24dbda). 24 palabras = política HU-06-01 RN-1, no exclusividad del estándar (§2.6).",
K-713,,celda-en-evaluacion,sut/mobile/src/screens/DepositScreen.tsx:10,"* - **RN-2:** se muestra la dirección como texto (`0x` + 40 hex, checksum EIP-55), su **QR**",,CORRECTO,1,"Checksum EIP-55/ERC-55: Keccak-256 sobre el hex ASCII en minúsculas sin `0x`; nibble ≥ 8 (o > 7) ⇒ mayúscula. Vectores oficiales All caps / All Lower / Normal (corpus/documentos/erc-55.md, Specification, Implementation y Test Cases).",
K-714,,celda-en-evaluacion,sut/mobile/src/screens/DepositScreen.tsx:11,*   como URI EIP-681 y la acción de **copiar** al portapapeles (con feedback tanto del éxito,,CORRECTO,1,"Uso correcto de ERC-681: `ethereum:` [`pay-`] target [`@` chain_id decimal] [`/` function] [`?` params]; sin function_name = pago nativo; ERC-20 = `transfer` con parámetro `address` (corpus/documentos/erc-681.md, Specification Syntax/Semantics). chainId 11155111 lo fija spec/00-fundaciones/activos-y-par-de-trading.md §1 (§2.6).",
K-715,,celda-en-evaluacion,sut/mobile/src/screens/DepositScreen.tsx:13,"*   informa, la del proyecto (**Sepolia**, `chainId = 11155111`). Un `chainId` distinto del",,CORRECTO,1,Sepolia chainId 11155111 es constante de spec/00-fundaciones/activos-y-par-de-trading.md §1; no se afirma un chainId distinto ni una red equivocada como Sepolia (C4 no aplica). §2.6.,
K-716,,celda-en-evaluacion,sut/mobile/src/screens/DepositScreen.tsx:14,*   esperado corta la pantalla: no se muestra una dirección de otra red como si fuera Sepolia.,,CORRECTO,1,Sepolia chainId 11155111 es constante de spec/00-fundaciones/activos-y-par-de-trading.md §1; no se afirma un chainId distinto ni una red equivocada como Sepolia (C4 no aplica). §2.6.,
K-717,,celda-en-evaluacion,sut/mobile/src/screens/DepositScreen.tsx:33,"import { CHAIN_ID, NETWORK_NAME } from '../config';",,CORRECTO,1,Sepolia chainId 11155111 es constante de spec/00-fundaciones/activos-y-par-de-trading.md §1; no se afirma un chainId distinto ni una red equivocada como Sepolia (C4 no aplica). §2.6.,
K-718,,celda-en-evaluacion,sut/mobile/src/screens/DepositScreen.tsx:34,"import { buildDepositUri, type Asset } from '../onchain/eip681';",,CORRECTO,1,"Uso correcto de ERC-681: `ethereum:` [`pay-`] target [`@` chain_id decimal] [`/` function] [`?` params]; sin function_name = pago nativo; ERC-20 = `transfer` con parámetro `address` (corpus/documentos/erc-681.md, Specification Syntax/Semantics). chainId 11155111 lo fija spec/00-fundaciones/activos-y-par-de-trading.md §1 (§2.6).",
K-719,,celda-en-evaluacion,sut/mobile/src/screens/DepositScreen.tsx:40,"const ASSET_LABEL: Record<Asset, string> = { ETH: 'ETH (nativo)', USDC: 'USDC-mock (ERC-20)' };",,CORRECTO,1,"USDC-mock como token ERC-20 del proyecto (spec/00-fundaciones/activos-y-par-de-trading.md §2.2); no se atribuye a ERC-20 una semántica falsa (p. ej. revert obligatorio de `transfer`) (corpus/documentos/erc-20.md, Specification).",
K-720,,celda-en-evaluacion,sut/mobile/src/screens/DepositScreen.tsx:92,* exactamente el error que el URI EIP-681 de RN-2 existe para evitar.,,CORRECTO,1,"Uso correcto de ERC-681: `ethereum:` [`pay-`] target [`@` chain_id decimal] [`/` function] [`?` params]; sin function_name = pago nativo; ERC-20 = `transfer` con parámetro `address` (corpus/documentos/erc-681.md, Specification Syntax/Semantics). chainId 11155111 lo fija spec/00-fundaciones/activos-y-par-de-trading.md §1 (§2.6).",
K-721,,celda-en-evaluacion,sut/mobile/src/screens/DepositScreen.tsx:110,if (result.chainId !== undefined && result.chainId !== CHAIN_ID) {,,CORRECTO,1,Sepolia chainId 11155111 es constante de spec/00-fundaciones/activos-y-par-de-trading.md §1; no se afirma un chainId distinto ni una red equivocada como Sepolia (C4 no aplica). §2.6.,
K-722,,celda-en-evaluacion,sut/mobile/src/screens/DepositScreen.tsx:111,"// RN-2: el depósito es en Sepolia (`chainId = 11155111`,",,CORRECTO,1,Sepolia chainId 11155111 es constante de spec/00-fundaciones/activos-y-par-de-trading.md §1; no se afirma un chainId distinto ni una red equivocada como Sepolia (C4 no aplica). §2.6.,
K-723,,celda-en-evaluacion,sut/mobile/src/screens/DepositScreen.tsx:113,// su dirección pertenece a esa otra red: mostrarla igual —rotulada como Sepolia—,,CORRECTO,1,Sepolia chainId 11155111 es constante de spec/00-fundaciones/activos-y-par-de-trading.md §1; no se afirma un chainId distinto ni una red equivocada como Sepolia (C4 no aplica). §2.6.,
K-724,,celda-en-evaluacion,sut/mobile/src/screens/DepositScreen.tsx:115,"// catálogo aplicable (`CHAIN_ID_MISMATCH`, `modelo-de-errores.md` §3.5), el mismo",,CORRECTO,1,Sepolia chainId 11155111 es constante de spec/00-fundaciones/activos-y-par-de-trading.md §1; no se afirma un chainId distinto ni una red equivocada como Sepolia (C4 no aplica). §2.6.,
K-725,,celda-en-evaluacion,sut/mobile/src/screens/DepositScreen.tsx:118,setError(messageForCode('CHAIN_ID_MISMATCH'));,,CORRECTO,1,Sepolia chainId 11155111 es constante de spec/00-fundaciones/activos-y-par-de-trading.md §1; no se afirma un chainId distinto ni una red equivocada como Sepolia (C4 no aplica). §2.6.,
K-726,,celda-en-evaluacion,sut/mobile/src/screens/DepositScreen.tsx:183,"* backend está apuntado, y rotular como Sepolia la dirección de otra red es exactamente el",,CORRECTO,1,Sepolia chainId 11155111 es constante de spec/00-fundaciones/activos-y-par-de-trading.md §1; no se afirma un chainId distinto ni una red equivocada como Sepolia (C4 no aplica). §2.6.,
K-727,,celda-en-evaluacion,sut/mobile/src/screens/DepositScreen.tsx:184,"* error que RN-2 previene. El `chainId` mostrado ya pasó por el control de `load` (o no vino,",,CORRECTO,1,Sepolia chainId 11155111 es constante de spec/00-fundaciones/activos-y-par-de-trading.md §1; no se afirma un chainId distinto ni una red equivocada como Sepolia (C4 no aplica). §2.6.,
K-728,,celda-en-evaluacion,sut/mobile/src/screens/DepositScreen.tsx:188,const networkChainId = data?.chainId ?? CHAIN_ID;,,CORRECTO,1,Sepolia chainId 11155111 es constante de spec/00-fundaciones/activos-y-par-de-trading.md §1; no se afirma un chainId distinto ni una red equivocada como Sepolia (C4 no aplica). §2.6.,
K-729,,celda-en-evaluacion,sut/mobile/src/screens/DepositScreen.tsx:233,Red {networkName} (chainId {networkChainId}) · {ASSET_LABEL[asset]},,CORRECTO,1,Sepolia chainId 11155111 es constante de spec/00-fundaciones/activos-y-par-de-trading.md §1; no se afirma un chainId distinto ni una red equivocada como Sepolia (C4 no aplica). §2.6.,
K-730,,celda-en-evaluacion,sut/mobile/src/screens/DepositScreen.tsx:322,* Con el parseo estricto de `parseDepositAddress` (ambas direcciones validadas contra EIP-55 en,,CORRECTO,1,"Checksum EIP-55/ERC-55: Keccak-256 sobre el hex ASCII en minúsculas sin `0x`; nibble ≥ 8 (o > 7) ⇒ mayúscula. Vectores oficiales All caps / All Lower / Normal (corpus/documentos/erc-55.md, Specification, Implementation y Test Cases).",
K-731,,celda-en-evaluacion,sut/mobile/src/screens/DepositScreen.tsx:335,"* URI EIP-681 del QR, o `null` si la respuesta del backend no permite construirlo (en la",,CORRECTO,1,"Uso correcto de ERC-681: `ethereum:` [`pay-`] target [`@` chain_id decimal] [`/` function] [`?` params]; sin function_name = pago nativo; ERC-20 = `transfer` con parámetro `address` (corpus/documentos/erc-681.md, Specification Syntax/Semantics). chainId 11155111 lo fija spec/00-fundaciones/activos-y-par-de-trading.md §1 (§2.6).",
K-732,,celda-en-evaluacion,sut/mobile/tests/deposit/deposit-address.test.tsx:14,"import { API_BASE_URL, CHAIN_ID, NETWORK_NAME } from '../../src/config';",,CORRECTO,1,Sepolia chainId 11155111 es constante de spec/00-fundaciones/activos-y-par-de-trading.md §1; no se afirma un chainId distinto ni una red equivocada como Sepolia (C4 no aplica). §2.6.,
K-733,,celda-en-evaluacion,sut/mobile/tests/deposit/deposit-address.test.tsx:15,"import { isValidEip55Address, toChecksumAddress } from '../../src/onchain/address';",,CORRECTO,1,"Checksum EIP-55/ERC-55: Keccak-256 sobre el hex ASCII en minúsculas sin `0x`; nibble ≥ 8 (o > 7) ⇒ mayúscula. Vectores oficiales All caps / All Lower / Normal (corpus/documentos/erc-55.md, Specification, Implementation y Test Cases).",
K-734,,celda-en-evaluacion,sut/mobile/tests/deposit/deposit-address.test.tsx:16,import { SEPOLIA_CHAIN_ID } from '../../src/onchain/eip681';,,CORRECTO,1,"Uso correcto de ERC-681: `ethereum:` [`pay-`] target [`@` chain_id decimal] [`/` function] [`?` params]; sin function_name = pago nativo; ERC-20 = `transfer` con parámetro `address` (corpus/documentos/erc-681.md, Specification Syntax/Semantics). chainId 11155111 lo fija spec/00-fundaciones/activos-y-par-de-trading.md §1 (§2.6).",
K-735,,celda-en-evaluacion,sut/mobile/tests/deposit/deposit-address.test.tsx:65,"it('los vectores de dirección usados tienen checksum EIP-55 válido', () => {",,CORRECTO,1,"Checksum EIP-55/ERC-55: Keccak-256 sobre el hex ASCII en minúsculas sin `0x`; nibble ≥ 8 (o > 7) ⇒ mayúscula. Vectores oficiales All caps / All Lower / Normal (corpus/documentos/erc-55.md, Specification, Implementation y Test Cases).",
K-736,,celda-en-evaluacion,sut/mobile/tests/deposit/deposit-address.test.tsx:68,expect(toChecksumAddress(address)).toBe(address);,,CORRECTO,1,"Checksum EIP-55/ERC-55: Keccak-256 sobre el hex ASCII en minúsculas sin `0x`; nibble ≥ 8 (o > 7) ⇒ mayúscula. Vectores oficiales All caps / All Lower / Normal (corpus/documentos/erc-55.md, Specification, Implementation y Test Cases).",
K-737,,celda-en-evaluacion,sut/mobile/tests/deposit/deposit-address.test.tsx:72,"it('AT-11-06-01: muestra la dirección (0x + 40 hex, checksum EIP-55) que devolvió la API', async () => {",,CORRECTO,1,"Checksum EIP-55/ERC-55: Keccak-256 sobre el hex ASCII en minúsculas sin `0x`; nibble ≥ 8 (o > 7) ⇒ mayúscula. Vectores oficiales All caps / All Lower / Normal (corpus/documentos/erc-55.md, Specification, Implementation y Test Cases).",
K-738,,celda-en-evaluacion,sut/mobile/tests/deposit/deposit-address.test.tsx:79,expect(isValidEip55Address(textOf(address))).toBe(true);,,CORRECTO,1,"Checksum EIP-55/ERC-55: Keccak-256 sobre el hex ASCII en minúsculas sin `0x`; nibble ≥ 8 (o > 7) ⇒ mayúscula. Vectores oficiales All caps / All Lower / Normal (corpus/documentos/erc-55.md, Specification, Implementation y Test Cases).",
K-739,,celda-en-evaluacion,sut/mobile/tests/deposit/deposit-address.test.tsx:80,// Checksum correcto ⇒ no hay advertencia de dirección sospechosa.,,CORRECTO,1,"Checksum EIP-55/ERC-55: Keccak-256 sobre el hex ASCII en minúsculas sin `0x`; nibble ≥ 8 (o > 7) ⇒ mayúscula. Vectores oficiales All caps / All Lower / Normal (corpus/documentos/erc-55.md, Specification, Implementation y Test Cases).",
K-740,,celda-en-evaluacion,sut/mobile/tests/deposit/deposit-address.test.tsx:93,"it('AT-11-06-01: codifica en el QR el URI EIP-681 de ETH nativo (ethereum:<address>@11155111)', async () => {",,CORRECTO,1,"Uso correcto de ERC-681: `ethereum:` [`pay-`] target [`@` chain_id decimal] [`/` function] [`?` params]; sin function_name = pago nativo; ERC-20 = `transfer` con parámetro `address` (corpus/documentos/erc-681.md, Specification Syntax/Semantics). chainId 11155111 lo fija spec/00-fundaciones/activos-y-par-de-trading.md §1 (§2.6).",
K-741,,celda-en-evaluacion,sut/mobile/tests/deposit/deposit-address.test.tsx:101,expect(qr.props.value).toBe(`ethereum:${DEPOSIT_ADDRESS}@${SEPOLIA_CHAIN_ID}`);,,CORRECTO,1,"Uso correcto de ERC-681: `ethereum:` [`pay-`] target [`@` chain_id decimal] [`/` function] [`?` params]; sin function_name = pago nativo; ERC-20 = `transfer` con parámetro `address` (corpus/documentos/erc-681.md, Specification Syntax/Semantics). chainId 11155111 lo fija spec/00-fundaciones/activos-y-par-de-trading.md §1 (§2.6).",
K-742,,celda-en-evaluacion,sut/mobile/tests/deposit/deposit-address.test.tsx:102,expect(qr.props.value).toBe(`ethereum:${DEPOSIT_ADDRESS}@11155111`);,,CORRECTO,1,"Uso correcto de ERC-681: `ethereum:` [`pay-`] target [`@` chain_id decimal] [`/` function] [`?` params]; sin function_name = pago nativo; ERC-20 = `transfer` con parámetro `address` (corpus/documentos/erc-681.md, Specification Syntax/Semantics). chainId 11155111 lo fija spec/00-fundaciones/activos-y-par-de-trading.md §1 (§2.6).",
K-743,,celda-en-evaluacion,sut/mobile/tests/deposit/deposit-address.test.tsx:103,// Pago en el token nativo: sin `function_name` ni parámetros (ERC-681).,,CORRECTO,1,"Uso correcto de ERC-681: `ethereum:` [`pay-`] target [`@` chain_id decimal] [`/` function] [`?` params]; sin function_name = pago nativo; ERC-20 = `transfer` con parámetro `address` (corpus/documentos/erc-681.md, Specification Syntax/Semantics). chainId 11155111 lo fija spec/00-fundaciones/activos-y-par-de-trading.md §1 (§2.6).",
K-744,,celda-en-evaluacion,sut/mobile/tests/deposit/deposit-address.test.tsx:127,"it('AT-11-06-01: aclara la red Sepolia (chainId 11155111) y el activo', async () => {",,CORRECTO,1,Sepolia chainId 11155111 es constante de spec/00-fundaciones/activos-y-par-de-trading.md §1; no se afirma un chainId distinto ni una red equivocada como Sepolia (C4 no aplica). §2.6.,
K-745,,celda-en-evaluacion,sut/mobile/tests/deposit/deposit-address.test.tsx:133,expect(network).toContain('Sepolia');,,CORRECTO,1,Sepolia chainId 11155111 es constante de spec/00-fundaciones/activos-y-par-de-trading.md §1; no se afirma un chainId distinto ni una red equivocada como Sepolia (C4 no aplica). §2.6.,
K-746,,celda-en-evaluacion,sut/mobile/tests/deposit/deposit-address.test.tsx:134,expect(network).toContain('11155111');,,CORRECTO,1,Sepolia chainId 11155111 es constante de spec/00-fundaciones/activos-y-par-de-trading.md §1; no se afirma un chainId distinto ni una red equivocada como Sepolia (C4 no aplica). §2.6.,
K-747,,celda-en-evaluacion,sut/mobile/tests/deposit/deposit-address.test.tsx:136,expect(NETWORK_NAME).toBe('Sepolia');,,CORRECTO,1,Sepolia chainId 11155111 es constante de spec/00-fundaciones/activos-y-par-de-trading.md §1; no se afirma un chainId distinto ni una red equivocada como Sepolia (C4 no aplica). §2.6.,
K-748,,celda-en-evaluacion,sut/mobile/tests/deposit/deposit-address.test.tsx:137,expect(CHAIN_ID).toBe('11155111');,,CORRECTO,1,Sepolia chainId 11155111 es constante de spec/00-fundaciones/activos-y-par-de-trading.md §1; no se afirma un chainId distinto ni una red equivocada como Sepolia (C4 no aplica). §2.6.,
K-749,,celda-en-evaluacion,sut/mobile/tests/deposit/deposit-address.test.tsx:143,expect(textOf(screen.getByTestId('deposit-network'))).toContain('11155111');,,CORRECTO,1,Sepolia chainId 11155111 es constante de spec/00-fundaciones/activos-y-par-de-trading.md §1; no se afirma un chainId distinto ni una red equivocada como Sepolia (C4 no aplica). §2.6.,
K-750,,celda-en-evaluacion,sut/mobile/tests/deposit/deposit-address.test.tsx:186,"describe('AT-11-06-26 — QR EIP-681 de USDC-mock', () => {",,CORRECTO,1,"Uso correcto de ERC-681: `ethereum:` [`pay-`] target [`@` chain_id decimal] [`/` function] [`?` params]; sin function_name = pago nativo; ERC-20 = `transfer` con parámetro `address` (corpus/documentos/erc-681.md, Specification Syntax/Semantics). chainId 11155111 lo fija spec/00-fundaciones/activos-y-par-de-trading.md §1 (§2.6).",
K-751,,celda-en-evaluacion,sut/mobile/tests/deposit/deposit-address.test.tsx:187,"it('AT-11-06-26: el QR codifica ethereum:<tokenAddress>@11155111/transfer?address=<depositAddress>', async () => {",,CORRECTO,1,"Uso correcto de ERC-681: `ethereum:` [`pay-`] target [`@` chain_id decimal] [`/` function] [`?` params]; sin function_name = pago nativo; ERC-20 = `transfer` con parámetro `address` (corpus/documentos/erc-681.md, Specification Syntax/Semantics). chainId 11155111 lo fija spec/00-fundaciones/activos-y-par-de-trading.md §1 (§2.6).",
K-752,,celda-en-evaluacion,sut/mobile/tests/deposit/deposit-address.test.tsx:196,"`ethereum:${USDC_TOKEN_ADDRESS}@11155111/transfer?address=${DEPOSIT_ADDRESS}`,",,CORRECTO,1,"Uso correcto de ERC-681: `ethereum:` [`pay-`] target [`@` chain_id decimal] [`/` function] [`?` params]; sin function_name = pago nativo; ERC-20 = `transfer` con parámetro `address` (corpus/documentos/erc-681.md, Specification Syntax/Semantics). chainId 11155111 lo fija spec/00-fundaciones/activos-y-par-de-trading.md §1 (§2.6).",
K-753,,celda-en-evaluacion,sut/mobile/tests/deposit/deposit-address.test.tsx:205,"it('AT-11-06-26: además muestra el address de depósito en texto con checksum EIP-55', async () => {",,CORRECTO,1,"Checksum EIP-55/ERC-55: Keccak-256 sobre el hex ASCII en minúsculas sin `0x`; nibble ≥ 8 (o > 7) ⇒ mayúscula. Vectores oficiales All caps / All Lower / Normal (corpus/documentos/erc-55.md, Specification, Implementation y Test Cases).",
K-754,,celda-en-evaluacion,sut/mobile/tests/deposit/deposit-address.test.tsx:216,"// El respaldo para wallets sin EIP-681 es el **address de depósito**, no el del contrato.",,CORRECTO,1,"Uso correcto de ERC-681: `ethereum:` [`pay-`] target [`@` chain_id decimal] [`/` function] [`?` params]; sin function_name = pago nativo; ERC-20 = `transfer` con parámetro `address` (corpus/documentos/erc-681.md, Specification Syntax/Semantics). chainId 11155111 lo fija spec/00-fundaciones/activos-y-par-de-trading.md §1 (§2.6).",
K-755,,celda-en-evaluacion,sut/mobile/tests/deposit/deposit-address.test.tsx:219,expect(isValidEip55Address(address)).toBe(true);,,CORRECTO,1,"Checksum EIP-55/ERC-55: Keccak-256 sobre el hex ASCII en minúsculas sin `0x`; nibble ≥ 8 (o > 7) ⇒ mayúscula. Vectores oficiales All caps / All Lower / Normal (corpus/documentos/erc-55.md, Specification, Implementation y Test Cases).",
K-756,,celda-en-evaluacion,sut/mobile/tests/deposit/deposit-address.test.tsx:232,"`ethereum:${OTHER_USDC_TOKEN_ADDRESS}@11155111/transfer?address=${DEPOSIT_ADDRESS}`,",,CORRECTO,1,"Uso correcto de ERC-681: `ethereum:` [`pay-`] target [`@` chain_id decimal] [`/` function] [`?` params]; sin function_name = pago nativo; ERC-20 = `transfer` con parámetro `address` (corpus/documentos/erc-681.md, Specification Syntax/Semantics). chainId 11155111 lo fija spec/00-fundaciones/activos-y-par-de-trading.md §1 (§2.6).",
K-757,,celda-en-evaluacion,sut/mobile/tests/deposit/deposit-contract.test.ts:4,* `0x` + 40 hex **con checksum EIP-55**.,,CORRECTO,1,"Checksum EIP-55/ERC-55: Keccak-256 sobre el hex ASCII en minúsculas sin `0x`; nibble ≥ 8 (o > 7) ⇒ mayúscula. Vectores oficiales All caps / All Lower / Normal (corpus/documentos/erc-55.md, Specification, Implementation y Test Cases).",
K-758,,celda-en-evaluacion,sut/mobile/tests/deposit/deposit-contract.test.ts:6,* HU-11-06 RN-2 exige mostrar la dirección de depósito con ese checksum: aceptar cualquier,,CORRECTO,1,"Checksum EIP-55/ERC-55: Keccak-256 sobre el hex ASCII en minúsculas sin `0x`; nibble ≥ 8 (o > 7) ⇒ mayúscula. Vectores oficiales All caps / All Lower / Normal (corpus/documentos/erc-55.md, Specification, Implementation y Test Cases).",
K-759,,celda-en-evaluacion,sut/mobile/tests/deposit/deposit-contract.test.ts:11,* Los campos `network`/`chainId` no están en RN-10 (son informativos): se preservan cuando,,CORRECTO,1,Sepolia chainId 11155111 es constante de spec/00-fundaciones/activos-y-par-de-trading.md §1; no se afirma un chainId distinto ni una red equivocada como Sepolia (C4 no aplica). §2.6.,
K-760,,celda-en-evaluacion,sut/mobile/tests/deposit/deposit-contract.test.ts:16,import { isValidEip55Address } from '../../src/onchain/address';,,CORRECTO,1,"Checksum EIP-55/ERC-55: Keccak-256 sobre el hex ASCII en minúsculas sin `0x`; nibble ≥ 8 (o > 7) ⇒ mayúscula. Vectores oficiales All caps / All Lower / Normal (corpus/documentos/erc-55.md, Specification, Implementation y Test Cases).",
K-761,,celda-en-evaluacion,sut/mobile/tests/deposit/deposit-contract.test.ts:17,import { CHAIN_ID } from '../../src/config';,,CORRECTO,1,Sepolia chainId 11155111 es constante de spec/00-fundaciones/activos-y-par-de-trading.md §1; no se afirma un chainId distinto ni una red equivocada como Sepolia (C4 no aplica). §2.6.,
K-762,,celda-en-evaluacion,sut/mobile/tests/deposit/deposit-contract.test.ts:20,/** Vector oficial de ERC-55 cuyo checksum es íntegramente **minúsculas** («All Lower»). */,,CORRECTO,1,"Checksum EIP-55/ERC-55: Keccak-256 sobre el hex ASCII en minúsculas sin `0x`; nibble ≥ 8 (o > 7) ⇒ mayúscula. Vectores oficiales All caps / All Lower / Normal (corpus/documentos/erc-55.md, Specification, Implementation y Test Cases).",
K-763,,celda-en-evaluacion,sut/mobile/tests/deposit/deposit-contract.test.ts:23,/** Vector oficial de ERC-55 cuyo checksum es íntegramente **mayúsculas** («All caps»). */,,CORRECTO,1,"Checksum EIP-55/ERC-55: Keccak-256 sobre el hex ASCII en minúsculas sin `0x`; nibble ≥ 8 (o > 7) ⇒ mayúscula. Vectores oficiales All caps / All Lower / Normal (corpus/documentos/erc-55.md, Specification, Implementation y Test Cases).",
K-764,,celda-en-evaluacion,sut/mobile/tests/deposit/deposit-contract.test.ts:50,"it('acepta los checksums degenerados de ERC-55 (todo minúsculas / todo mayúsculas)', () => {",,CORRECTO,1,"Checksum EIP-55/ERC-55: Keccak-256 sobre el hex ASCII en minúsculas sin `0x`; nibble ≥ 8 (o > 7) ⇒ mayúscula. Vectores oficiales All caps / All Lower / Normal (corpus/documentos/erc-55.md, Specification, Implementation y Test Cases).",
K-765,,celda-en-evaluacion,sut/mobile/tests/deposit/deposit-contract.test.ts:51,// No se rechaza «por venir en minúsculas»: se rechaza por **checksum inválido**.,,CORRECTO,1,"Checksum EIP-55/ERC-55: Keccak-256 sobre el hex ASCII en minúsculas sin `0x`; nibble ≥ 8 (o > 7) ⇒ mayúscula. Vectores oficiales All caps / All Lower / Normal (corpus/documentos/erc-55.md, Specification, Implementation y Test Cases).",
K-766,,celda-en-evaluacion,sut/mobile/tests/deposit/deposit-contract.test.ts:52,expect(isValidEip55Address(ALL_LOWER_ADDRESS)).toBe(true);,,CORRECTO,1,"Checksum EIP-55/ERC-55: Keccak-256 sobre el hex ASCII en minúsculas sin `0x`; nibble ≥ 8 (o > 7) ⇒ mayúscula. Vectores oficiales All caps / All Lower / Normal (corpus/documentos/erc-55.md, Specification, Implementation y Test Cases).",
K-767,,celda-en-evaluacion,sut/mobile/tests/deposit/deposit-contract.test.ts:53,expect(isValidEip55Address(ALL_CAPS_ADDRESS)).toBe(true);,,CORRECTO,1,"Checksum EIP-55/ERC-55: Keccak-256 sobre el hex ASCII en minúsculas sin `0x`; nibble ≥ 8 (o > 7) ⇒ mayúscula. Vectores oficiales All caps / All Lower / Normal (corpus/documentos/erc-55.md, Specification, Implementation y Test Cases).",
K-768,,celda-en-evaluacion,sut/mobile/tests/deposit/deposit-contract.test.ts:75,"it('rechaza un `address` con checksum EIP-55 inválido (RN-2)', () => {",,CORRECTO,1,"Checksum EIP-55/ERC-55: Keccak-256 sobre el hex ASCII en minúsculas sin `0x`; nibble ≥ 8 (o > 7) ⇒ mayúscula. Vectores oficiales All caps / All Lower / Normal (corpus/documentos/erc-55.md, Specification, Implementation y Test Cases).",
K-769,,celda-en-evaluacion,sut/mobile/tests/deposit/deposit-contract.test.ts:76,"// Misma dirección, capitalización alterada: el checksum ya no verifica.",,CORRECTO,1,"Checksum EIP-55/ERC-55: Keccak-256 sobre el hex ASCII en minúsculas sin `0x`; nibble ≥ 8 (o > 7) ⇒ mayúscula. Vectores oficiales All caps / All Lower / Normal (corpus/documentos/erc-55.md, Specification, Implementation y Test Cases).",
K-770,,celda-en-evaluacion,sut/mobile/tests/deposit/deposit-contract.test.ts:78,expect(isValidEip55Address(tampered)).toBe(false);,,CORRECTO,1,"Checksum EIP-55/ERC-55: Keccak-256 sobre el hex ASCII en minúsculas sin `0x`; nibble ≥ 8 (o > 7) ⇒ mayúscula. Vectores oficiales All caps / All Lower / Normal (corpus/documentos/erc-55.md, Specification, Implementation y Test Cases).",
K-771,,celda-en-evaluacion,sut/mobile/tests/deposit/deposit-contract.test.ts:96,// El QR de USDC apunta al contrato del token (AT-11-06-26): un contrato con checksum,,CORRECTO,1,"Checksum EIP-55/ERC-55: Keccak-256 sobre el hex ASCII en minúsculas sin `0x`; nibble ≥ 8 (o > 7) ⇒ mayúscula. Vectores oficiales All caps / All Lower / Normal (corpus/documentos/erc-55.md, Specification, Implementation y Test Cases).",
K-772,,celda-en-evaluacion,sut/mobile/tests/deposit/deposit-contract.test.ts:106,"describe('HU-11-06 RN-2 — red informada por el backend (`network` / `chainId`)', () => {",,CORRECTO,1,Sepolia chainId 11155111 es constante de spec/00-fundaciones/activos-y-par-de-trading.md §1; no se afirma un chainId distinto ni una red equivocada como Sepolia (C4 no aplica). §2.6.,
K-773,,celda-en-evaluacion,sut/mobile/tests/deposit/deposit-contract.test.ts:107,"it('preserva `network` y normaliza `chainId` a string', () => {",,CORRECTO,1,Sepolia chainId 11155111 es constante de spec/00-fundaciones/activos-y-par-de-trading.md §1; no se afirma un chainId distinto ni una red equivocada como Sepolia (C4 no aplica). §2.6.,
K-774,,celda-en-evaluacion,sut/mobile/tests/deposit/deposit-contract.test.ts:110,"{ asset: 'ETH', address: DEPOSIT_ADDRESS, network: 'Sepolia', chainId: CHAIN_ID },",,CORRECTO,1,Sepolia chainId 11155111 es constante de spec/00-fundaciones/activos-y-par-de-trading.md §1; no se afirma un chainId distinto ni una red equivocada como Sepolia (C4 no aplica). §2.6.,
K-775,,celda-en-evaluacion,sut/mobile/tests/deposit/deposit-contract.test.ts:116,"network: 'Sepolia',",,CORRECTO,1,Sepolia chainId 11155111 es constante de spec/00-fundaciones/activos-y-par-de-trading.md §1; no se afirma un chainId distinto ni una red equivocada como Sepolia (C4 no aplica). §2.6.,
K-776,,celda-en-evaluacion,sut/mobile/tests/deposit/deposit-contract.test.ts:117,"chainId: '11155111',",,CORRECTO,1,Sepolia chainId 11155111 es constante de spec/00-fundaciones/activos-y-par-de-trading.md §1; no se afirma un chainId distinto ni una red equivocada como Sepolia (C4 no aplica). §2.6.,
K-777,,celda-en-evaluacion,sut/mobile/tests/deposit/deposit-contract.test.ts:121,"it('acepta `chainId` como entero JSON (no es un monto: no exige string)', () => {",,CORRECTO,1,Sepolia chainId 11155111 es constante de spec/00-fundaciones/activos-y-par-de-trading.md §1; no se afirma un chainId distinto ni una red equivocada como Sepolia (C4 no aplica). §2.6.,
K-778,,celda-en-evaluacion,sut/mobile/tests/deposit/deposit-contract.test.ts:123,"parseDepositAddress({ asset: 'ETH', address: DEPOSIT_ADDRESS, chainId: 11155111 }, 'ETH')",,CORRECTO,1,Sepolia chainId 11155111 es constante de spec/00-fundaciones/activos-y-par-de-trading.md §1; no se afirma un chainId distinto ni una red equivocada como Sepolia (C4 no aplica). §2.6.,
K-779,,celda-en-evaluacion,sut/mobile/tests/deposit/deposit-contract.test.ts:124,".chainId,",,CORRECTO,1,Sepolia chainId 11155111 es constante de spec/00-fundaciones/activos-y-par-de-trading.md §1; no se afirma un chainId distinto ni una red equivocada como Sepolia (C4 no aplica). §2.6.,
K-780,,celda-en-evaluacion,sut/mobile/tests/deposit/deposit-contract.test.ts:125,).toBe('11155111');,,CORRECTO,1,Sepolia chainId 11155111 es constante de spec/00-fundaciones/activos-y-par-de-trading.md §1; no se afirma un chainId distinto ni una red equivocada como Sepolia (C4 no aplica). §2.6.,
K-781,,celda-en-evaluacion,sut/mobile/tests/deposit/deposit-contract.test.ts:128,"parseDepositAddress({ asset: 'ETH', address: DEPOSIT_ADDRESS, chainId: 1 }, 'ETH').chainId,",,CORRECTO,1,Sepolia chainId 11155111 es constante de spec/00-fundaciones/activos-y-par-de-trading.md §1; no se afirma un chainId distinto ni una red equivocada como Sepolia (C4 no aplica). §2.6.,
K-782,,celda-en-evaluacion,sut/mobile/tests/deposit/deposit-contract.test.ts:132,"it('ignora `network`/`chainId` mal formados sin invalidar la respuesta (no son de RN-10)', () => {",,CORRECTO,1,Sepolia chainId 11155111 es constante de spec/00-fundaciones/activos-y-par-de-trading.md §1; no se afirma un chainId distinto ni una red equivocada como Sepolia (C4 no aplica). §2.6.,
K-783,,celda-en-evaluacion,sut/mobile/tests/deposit/deposit-contract.test.ts:134,"{ asset: 'ETH', address: DEPOSIT_ADDRESS, network: '', chainId: 1.5 },",,CORRECTO,1,Sepolia chainId 11155111 es constante de spec/00-fundaciones/activos-y-par-de-trading.md §1; no se afirma un chainId distinto ni una red equivocada como Sepolia (C4 no aplica). §2.6.,
K-784,,celda-en-evaluacion,sut/mobile/tests/deposit/deposit-contract.test.ts:138,"expect(parseDepositAddress({ address: DEPOSIT_ADDRESS, chainId: '0x1' }, 'ETH').chainId).toBe(",,CORRECTO,1,Sepolia chainId 11155111 es constante de spec/00-fundaciones/activos-y-par-de-trading.md §1; no se afirma un chainId distinto ni una red equivocada como Sepolia (C4 no aplica). §2.6.,
K-785,,celda-en-evaluacion,sut/mobile/tests/deposit/deposit-errors.test.tsx:130,"it('una dirección con checksum EIP-55 inválido no se muestra (queda fuera del contrato)', async () => {",,CORRECTO,1,"Checksum EIP-55/ERC-55: Keccak-256 sobre el hex ASCII en minúsculas sin `0x`; nibble ≥ 8 (o > 7) ⇒ mayúscula. Vectores oficiales All caps / All Lower / Normal (corpus/documentos/erc-55.md, Specification, Implementation y Test Cases).",
K-786,,celda-en-evaluacion,sut/mobile/tests/deposit/deposit-errors.test.tsx:131,// Detalle en `deposit-network.test.tsx`: la validación EIP-55 vive en la frontera del,,CORRECTO,1,"Checksum EIP-55/ERC-55: Keccak-256 sobre el hex ASCII en minúsculas sin `0x`; nibble ≥ 8 (o > 7) ⇒ mayúscula. Vectores oficiales All caps / All Lower / Normal (corpus/documentos/erc-55.md, Specification, Implementation y Test Cases).",
K-787,,celda-en-evaluacion,sut/mobile/tests/deposit/deposit-errors.test.tsx:154,// Respaldo: la dirección con checksum EIP-55 se sigue mostrando.,,CORRECTO,1,"Checksum EIP-55/ERC-55: Keccak-256 sobre el hex ASCII en minúsculas sin `0x`; nibble ≥ 8 (o > 7) ⇒ mayúscula. Vectores oficiales All caps / All Lower / Normal (corpus/documentos/erc-55.md, Specification, Implementation y Test Cases).",
K-788,,celda-en-evaluacion,sut/mobile/tests/deposit/deposit-network.test.tsx:3,* que la red es Sepolia (`chainId = 11155111`) y el activo»).,,CORRECTO,1,Sepolia chainId 11155111 es constante de spec/00-fundaciones/activos-y-par-de-trading.md §1; no se afirma un chainId distinto ni una red equivocada como Sepolia (C4 no aplica). §2.6.,
K-789,,celda-en-evaluacion,sut/mobile/tests/deposit/deposit-network.test.tsx:6,* dirección que devuelve es de esa otra red y mostrarla como «Sepolia» induce a enviar fondos,,CORRECTO,1,Sepolia chainId 11155111 es constante de spec/00-fundaciones/activos-y-par-de-trading.md §1; no se afirma un chainId distinto ni una red equivocada como Sepolia (C4 no aplica). §2.6.,
K-790,,celda-en-evaluacion,sut/mobile/tests/deposit/deposit-network.test.tsx:8,"*  - cuando la respuesta informa `network`/`chainId`, la pantalla muestra **esos** valores;",,CORRECTO,1,Sepolia chainId 11155111 es constante de spec/00-fundaciones/activos-y-par-de-trading.md §1; no se afirma un chainId distinto ni una red equivocada como Sepolia (C4 no aplica). §2.6.,
K-791,,celda-en-evaluacion,sut/mobile/tests/deposit/deposit-network.test.tsx:9,"*  - cuando informa un `chainId` distinto del esperado del proyecto (`11155111`,",,CORRECTO,1,Sepolia chainId 11155111 es constante de spec/00-fundaciones/activos-y-par-de-trading.md §1; no se afirma un chainId distinto ni una red equivocada como Sepolia (C4 no aplica). §2.6.,
K-792,,celda-en-evaluacion,sut/mobile/tests/deposit/deposit-network.test.tsx:11,"*    ni el QR e informa el error con el `code` del catálogo (`CHAIN_ID_MISMATCH`,",,CORRECTO,1,Sepolia chainId 11155111 es constante de spec/00-fundaciones/activos-y-par-de-trading.md §1; no se afirma un chainId distinto ni una red equivocada como Sepolia (C4 no aplica). §2.6.,
K-793,,celda-en-evaluacion,sut/mobile/tests/deposit/deposit-network.test.tsx:16,* Además: una `address` fuera del contrato de RN-10 (checksum EIP-55 inválido) se trata como,,CORRECTO,1,"Checksum EIP-55/ERC-55: Keccak-256 sobre el hex ASCII en minúsculas sin `0x`; nibble ≥ 8 (o > 7) ⇒ mayúscula. Vectores oficiales All caps / All Lower / Normal (corpus/documentos/erc-55.md, Specification, Implementation y Test Cases).",
K-794,,celda-en-evaluacion,sut/mobile/tests/deposit/deposit-network.test.tsx:22,"import { CHAIN_ID, NETWORK_NAME } from '../../src/config';",,CORRECTO,1,Sepolia chainId 11155111 es constante de spec/00-fundaciones/activos-y-par-de-trading.md §1; no se afirma un chainId distinto ni una red equivocada como Sepolia (C4 no aplica). §2.6.,
K-795,,celda-en-evaluacion,sut/mobile/tests/deposit/deposit-network.test.tsx:51,"it('muestra el `network` y el `chainId` de la respuesta, no las constantes del bundle', async () => {",,CORRECTO,1,Sepolia chainId 11155111 es constante de spec/00-fundaciones/activos-y-par-de-trading.md §1; no se afirma un chainId distinto ni una red equivocada como Sepolia (C4 no aplica). §2.6.,
K-796,,celda-en-evaluacion,sut/mobile/tests/deposit/deposit-network.test.tsx:56,"network: 'Sepolia (nodo interno)',",,CORRECTO,1,Sepolia chainId 11155111 es constante de spec/00-fundaciones/activos-y-par-de-trading.md §1; no se afirma un chainId distinto ni una red equivocada como Sepolia (C4 no aplica). §2.6.,
K-797,,celda-en-evaluacion,sut/mobile/tests/deposit/deposit-network.test.tsx:57,"chainId: 11155111,",,CORRECTO,1,Sepolia chainId 11155111 es constante de spec/00-fundaciones/activos-y-par-de-trading.md §1; no se afirma un chainId distinto ni una red equivocada como Sepolia (C4 no aplica). §2.6.,
K-798,,celda-en-evaluacion,sut/mobile/tests/deposit/deposit-network.test.tsx:64,expect(network).toContain('Sepolia (nodo interno)');,,CORRECTO,1,Sepolia chainId 11155111 es constante de spec/00-fundaciones/activos-y-par-de-trading.md §1; no se afirma un chainId distinto ni una red equivocada como Sepolia (C4 no aplica). §2.6.,
K-799,,celda-en-evaluacion,sut/mobile/tests/deposit/deposit-network.test.tsx:65,expect(network).toContain('11155111');,,CORRECTO,1,Sepolia chainId 11155111 es constante de spec/00-fundaciones/activos-y-par-de-trading.md §1; no se afirma un chainId distinto ni una red equivocada como Sepolia (C4 no aplica). §2.6.,
K-800,,celda-en-evaluacion,sut/mobile/tests/deposit/deposit-network.test.tsx:69,"it('sin `network`/`chainId` en la respuesta usa la red del proyecto (HU-09-01 RN-10 no los exige)', async () => {",,CORRECTO,1,Sepolia chainId 11155111 es constante de spec/00-fundaciones/activos-y-par-de-trading.md §1; no se afirma un chainId distinto ni una red equivocada como Sepolia (C4 no aplica). §2.6.,
K-801,,celda-en-evaluacion,sut/mobile/tests/deposit/deposit-network.test.tsx:76,expect(network).toContain(CHAIN_ID);,,CORRECTO,1,Sepolia chainId 11155111 es constante de spec/00-fundaciones/activos-y-par-de-trading.md §1; no se afirma un chainId distinto ni una red equivocada como Sepolia (C4 no aplica). §2.6.,
K-802,,celda-en-evaluacion,sut/mobile/tests/deposit/deposit-network.test.tsx:80,"describe('RN-2 — `chainId` distinto del esperado (CHAIN_ID_MISMATCH)', () => {",,CORRECTO,1,Sepolia chainId 11155111 es constante de spec/00-fundaciones/activos-y-par-de-trading.md §1; no se afirma un chainId distinto ni una red equivocada como Sepolia (C4 no aplica). §2.6.,
K-803,,celda-en-evaluacion,sut/mobile/tests/deposit/deposit-network.test.tsx:81,"it('no muestra la dirección ni el QR de una red que no es Sepolia', async () => {",,CORRECTO,1,Sepolia chainId 11155111 es constante de spec/00-fundaciones/activos-y-par-de-trading.md §1; no se afirma un chainId distinto ni una red equivocada como Sepolia (C4 no aplica). §2.6.,
K-804,,celda-en-evaluacion,sut/mobile/tests/deposit/deposit-network.test.tsx:87,"chainId: '1',",,CORRECTO,1,Sepolia chainId 11155111 es constante de spec/00-fundaciones/activos-y-par-de-trading.md §1; no se afirma un chainId distinto ni una red equivocada como Sepolia (C4 no aplica). §2.6.,
K-805,,celda-en-evaluacion,sut/mobile/tests/deposit/deposit-network.test.tsx:93,expect(textOf(error)).toBe(messageForCode('CHAIN_ID_MISMATCH'));,,CORRECTO,1,Sepolia chainId 11155111 es constante de spec/00-fundaciones/activos-y-par-de-trading.md §1; no se afirma un chainId distinto ni una red equivocada como Sepolia (C4 no aplica). §2.6.,
K-806,,celda-en-evaluacion,sut/mobile/tests/deposit/deposit-network.test.tsx:110,"chainId: '1',",,CORRECTO,1,Sepolia chainId 11155111 es constante de spec/00-fundaciones/activos-y-par-de-trading.md §1; no se afirma un chainId distinto ni una red equivocada como Sepolia (C4 no aplica). §2.6.,
K-807,,celda-en-evaluacion,sut/mobile/tests/deposit/deposit-network.test.tsx:121,"messageForCode('CHAIN_ID_MISMATCH'),",,CORRECTO,1,Sepolia chainId 11155111 es constante de spec/00-fundaciones/activos-y-par-de-trading.md §1; no se afirma un chainId distinto ni una red equivocada como Sepolia (C4 no aplica). §2.6.,
K-808,,celda-en-evaluacion,sut/mobile/tests/deposit/deposit-network.test.tsx:128,"it('el `chainId` esperado con otra forma (string) sigue siendo válido', async () => {",,CORRECTO,1,Sepolia chainId 11155111 es constante de spec/00-fundaciones/activos-y-par-de-trading.md §1; no se afirma un chainId distinto ni una red equivocada como Sepolia (C4 no aplica). §2.6.,
K-809,,celda-en-evaluacion,sut/mobile/tests/deposit/deposit-network.test.tsx:130,"jsonResponse(200, { asset: 'ETH', address: DEPOSIT_ADDRESS, chainId: '11155111' }),",,CORRECTO,1,Sepolia chainId 11155111 es constante de spec/00-fundaciones/activos-y-par-de-trading.md §1; no se afirma un chainId distinto ni una red equivocada como Sepolia (C4 no aplica). §2.6.,
K-810,,celda-en-evaluacion,sut/mobile/tests/deposit/deposit-network.test.tsx:140,"it('una `address` con checksum EIP-55 inválido no se muestra: es respuesta fuera de contrato', async () => {",,CORRECTO,1,"Checksum EIP-55/ERC-55: Keccak-256 sobre el hex ASCII en minúsculas sin `0x`; nibble ≥ 8 (o > 7) ⇒ mayúscula. Vectores oficiales All caps / All Lower / Normal (corpus/documentos/erc-55.md, Specification, Implementation y Test Cases).",
K-811,,celda-en-evaluacion,sut/mobile/tests/deposit/deposit-network.test.tsx:150,"it('un `tokenAddress` con checksum EIP-55 inválido tampoco llega a la pantalla', async () => {",,CORRECTO,1,"Checksum EIP-55/ERC-55: Keccak-256 sobre el hex ASCII en minúsculas sin `0x`; nibble ≥ 8 (o > 7) ⇒ mayúscula. Vectores oficiales All caps / All Lower / Normal (corpus/documentos/erc-55.md, Specification, Implementation y Test Cases).",
K-812,,celda-en-evaluacion,sut/mobile/tests/deposit/deposit-race.test.tsx:4,* El URI EIP-681 existe para que una wallet externa no pueda enviar el activo (ni la red),,CORRECTO,1,"Uso correcto de ERC-681: `ethereum:` [`pay-`] target [`@` chain_id decimal] [`/` function] [`?` params]; sin function_name = pago nativo; ERC-20 = `transfer` con parámetro `address` (corpus/documentos/erc-681.md, Specification Syntax/Semantics). chainId 11155111 lo fija spec/00-fundaciones/activos-y-par-de-trading.md §1 (§2.6).",
K-813,,celda-en-evaluacion,sut/mobile/tests/deposit/deposit-race.test.tsx:53,const usdcUri = `ethereum:${USDC_TOKEN_ADDRESS}@11155111/transfer?address=${DEPOSIT_ADDRESS}`;,,CORRECTO,1,"Uso correcto de ERC-681: `ethereum:` [`pay-`] target [`@` chain_id decimal] [`/` function] [`?` params]; sin function_name = pago nativo; ERC-20 = `transfer` con parámetro `address` (corpus/documentos/erc-681.md, Specification Syntax/Semantics). chainId 11155111 lo fija spec/00-fundaciones/activos-y-par-de-trading.md §1 (§2.6).",
K-814,,celda-en-evaluacion,sut/mobile/tests/deposit/deposit-security.test.tsx:6,"* RN-12: el cliente **nunca** muestra ni solicita la mnemonic, la seed ni claves privadas.",,CORRECTO,1,"BIP-39: ENT 128–256, checksum SHA-256 ENT/32, wordlist inglés 2048, PBKDF2-HMAC-SHA512 2048 iter, seed 64 B, NFKD (corpus/documentos/bip-0039.mediawiki «Generating the mnemonic» y «From mnemonic to seed»; wordlist corpus/documentos/bip-0039-wordlist-english.txt, SHA-256 2f5eed53…24dbda). 24 palabras = política HU-06-01 RN-1, no exclusividad del estándar (§2.6).",
K-815,,celda-en-evaluacion,sut/mobile/tests/deposit/deposit-security.test.tsx:31,/mnemonic|mnemónic|mnemonica|seed|semilla|private[\s_-]?key|privatekey|clave privada|llave privada|frase de recuperaci|passphrase|xprv|derivation[\s_-]?path/iu;,,CORRECTO,1,"BIP-39: ENT 128–256, checksum SHA-256 ENT/32, wordlist inglés 2048, PBKDF2-HMAC-SHA512 2048 iter, seed 64 B, NFKD (corpus/documentos/bip-0039.mediawiki «Generating the mnemonic» y «From mnemonic to seed»; wordlist corpus/documentos/bip-0039-wordlist-english.txt, SHA-256 2f5eed53…24dbda). 24 palabras = política HU-06-01 RN-1, no exclusividad del estándar (§2.6).",
K-816,,celda-en-evaluacion,sut/mobile/tests/deposit/deposit-security.test.tsx:37,* Forma de una frase mnemónica BIP-39 renderizada: 12 o 24 palabras en minúscula separadas,,CORRECTO,1,"BIP-39: ENT 128–256, checksum SHA-256 ENT/32, wordlist inglés 2048, PBKDF2-HMAC-SHA512 2048 iter, seed 64 B, NFKD (corpus/documentos/bip-0039.mediawiki «Generating the mnemonic» y «From mnemonic to seed»; wordlist corpus/documentos/bip-0039-wordlist-english.txt, SHA-256 2f5eed53…24dbda). 24 palabras = política HU-06-01 RN-1, no exclusividad del estándar (§2.6).",
K-817,,celda-en-evaluacion,sut/mobile/tests/deposit/deposit-security.test.tsx:38,* por espacios (las palabras del wordlist tienen entre 3 y 8 letras `a-z`).,,CORRECTO,1,"BIP-39: ENT 128–256, checksum SHA-256 ENT/32, wordlist inglés 2048, PBKDF2-HMAC-SHA512 2048 iter, seed 64 B, NFKD (corpus/documentos/bip-0039.mediawiki «Generating the mnemonic» y «From mnemonic to seed»; wordlist corpus/documentos/bip-0039-wordlist-english.txt, SHA-256 2f5eed53…24dbda). 24 palabras = política HU-06-01 RN-1, no exclusividad del estándar (§2.6).",
K-818,,celda-en-evaluacion,sut/mobile/tests/deposit/deposit-security.test.tsx:40,function looksLikeMnemonicPhrase(value: string): boolean {,,CORRECTO,1,"BIP-39: ENT 128–256, checksum SHA-256 ENT/32, wordlist inglés 2048, PBKDF2-HMAC-SHA512 2048 iter, seed 64 B, NFKD (corpus/documentos/bip-0039.mediawiki «Generating the mnemonic» y «From mnemonic to seed»; wordlist corpus/documentos/bip-0039-wordlist-english.txt, SHA-256 2f5eed53…24dbda). 24 palabras = política HU-06-01 RN-1, no exclusividad del estándar (§2.6).",
K-819,,celda-en-evaluacion,sut/mobile/tests/deposit/deposit-security.test.tsx:46,/** Una mnemonic real de 12 palabras (vector BIP-39) para auto-verificar el detector. */,,CORRECTO,1,"BIP-39: ENT 128–256, checksum SHA-256 ENT/32, wordlist inglés 2048, PBKDF2-HMAC-SHA512 2048 iter, seed 64 B, NFKD (corpus/documentos/bip-0039.mediawiki «Generating the mnemonic» y «From mnemonic to seed»; wordlist corpus/documentos/bip-0039-wordlist-english.txt, SHA-256 2f5eed53…24dbda). 24 palabras = política HU-06-01 RN-1, no exclusividad del estándar (§2.6).",
K-820,,celda-en-evaluacion,sut/mobile/tests/deposit/deposit-security.test.tsx:47,const KNOWN_MNEMONIC =,,CORRECTO,1,"BIP-39: ENT 128–256, checksum SHA-256 ENT/32, wordlist inglés 2048, PBKDF2-HMAC-SHA512 2048 iter, seed 64 B, NFKD (corpus/documentos/bip-0039.mediawiki «Generating the mnemonic» y «From mnemonic to seed»; wordlist corpus/documentos/bip-0039-wordlist-english.txt, SHA-256 2f5eed53…24dbda). 24 palabras = política HU-06-01 RN-1, no exclusividad del estándar (§2.6).",
K-821,,celda-en-evaluacion,sut/mobile/tests/deposit/deposit-security.test.tsx:64,"it('el detector de frases mnemónicas reconoce una mnemonic BIP-39 de 12 palabras', () => {",,CORRECTO,1,"BIP-39: ENT 128–256, checksum SHA-256 ENT/32, wordlist inglés 2048, PBKDF2-HMAC-SHA512 2048 iter, seed 64 B, NFKD (corpus/documentos/bip-0039.mediawiki «Generating the mnemonic» y «From mnemonic to seed»; wordlist corpus/documentos/bip-0039-wordlist-english.txt, SHA-256 2f5eed53…24dbda). 24 palabras = política HU-06-01 RN-1, no exclusividad del estándar (§2.6).",
K-822,,celda-en-evaluacion,sut/mobile/tests/deposit/deposit-security.test.tsx:65,expect(looksLikeMnemonicPhrase(KNOWN_MNEMONIC)).toBe(true);,,CORRECTO,1,"BIP-39: ENT 128–256, checksum SHA-256 ENT/32, wordlist inglés 2048, PBKDF2-HMAC-SHA512 2048 iter, seed 64 B, NFKD (corpus/documentos/bip-0039.mediawiki «Generating the mnemonic» y «From mnemonic to seed»; wordlist corpus/documentos/bip-0039-wordlist-english.txt, SHA-256 2f5eed53…24dbda). 24 palabras = política HU-06-01 RN-1, no exclusividad del estándar (§2.6).",
K-823,,celda-en-evaluacion,sut/mobile/tests/deposit/deposit-security.test.tsx:66,expect(looksLikeMnemonicPhrase(`${KNOWN_MNEMONIC} ${KNOWN_MNEMONIC}`)).toBe(true); // 24,,CORRECTO,1,"BIP-39: ENT 128–256, checksum SHA-256 ENT/32, wordlist inglés 2048, PBKDF2-HMAC-SHA512 2048 iter, seed 64 B, NFKD (corpus/documentos/bip-0039.mediawiki «Generating the mnemonic» y «From mnemonic to seed»; wordlist corpus/documentos/bip-0039-wordlist-english.txt, SHA-256 2f5eed53…24dbda). 24 palabras = política HU-06-01 RN-1, no exclusividad del estándar (§2.6).",
K-824,,celda-en-evaluacion,sut/mobile/tests/deposit/deposit-security.test.tsx:67,expect(looksLikeMnemonicPhrase('Tu dirección de depósito')).toBe(false);,,CORRECTO,1,"BIP-39: ENT 128–256, checksum SHA-256 ENT/32, wordlist inglés 2048, PBKDF2-HMAC-SHA512 2048 iter, seed 64 B, NFKD (corpus/documentos/bip-0039.mediawiki «Generating the mnemonic» y «From mnemonic to seed»; wordlist corpus/documentos/bip-0039-wordlist-english.txt, SHA-256 2f5eed53…24dbda). 24 palabras = política HU-06-01 RN-1, no exclusividad del estándar (§2.6).",
K-825,,celda-en-evaluacion,sut/mobile/tests/deposit/deposit-security.test.tsx:68,expect(looksLikeMnemonicPhrase(DEPOSIT_ADDRESS)).toBe(false);,,CORRECTO,1,"BIP-39: ENT 128–256, checksum SHA-256 ENT/32, wordlist inglés 2048, PBKDF2-HMAC-SHA512 2048 iter, seed 64 B, NFKD (corpus/documentos/bip-0039.mediawiki «Generating the mnemonic» y «From mnemonic to seed»; wordlist corpus/documentos/bip-0039-wordlist-english.txt, SHA-256 2f5eed53…24dbda). 24 palabras = política HU-06-01 RN-1, no exclusividad del estándar (§2.6).",
K-826,,celda-en-evaluacion,sut/mobile/tests/deposit/deposit-security.test.tsx:71,"it('AT-11-06-17(b): ni ETH ni USDC renderizan mnemonic, seed, passphrase ni claves privadas', async () => {",,CORRECTO,1,"BIP-39: ENT 128–256, checksum SHA-256 ENT/32, wordlist inglés 2048, PBKDF2-HMAC-SHA512 2048 iter, seed 64 B, NFKD (corpus/documentos/bip-0039.mediawiki «Generating the mnemonic» y «From mnemonic to seed»; wordlist corpus/documentos/bip-0039-wordlist-english.txt, SHA-256 2f5eed53…24dbda). 24 palabras = política HU-06-01 RN-1, no exclusividad del estándar (§2.6).",
K-827,,celda-en-evaluacion,sut/mobile/tests/deposit/deposit-security.test.tsx:96,expect(looksLikeMnemonicPhrase(value)).toBe(false);,,CORRECTO,1,"BIP-39: ENT 128–256, checksum SHA-256 ENT/32, wordlist inglés 2048, PBKDF2-HMAC-SHA512 2048 iter, seed 64 B, NFKD (corpus/documentos/bip-0039.mediawiki «Generating the mnemonic» y «From mnemonic to seed»; wordlist corpus/documentos/bip-0039-wordlist-english.txt, SHA-256 2f5eed53…24dbda). 24 palabras = política HU-06-01 RN-1, no exclusividad del estándar (§2.6).",
K-828,,celda-en-evaluacion,sut/mobile/tests/deposit/deposit-security.test.tsx:111,"mnemonic: KNOWN_MNEMONIC,",,CORRECTO,1,"BIP-39: ENT 128–256, checksum SHA-256 ENT/32, wordlist inglés 2048, PBKDF2-HMAC-SHA512 2048 iter, seed 64 B, NFKD (corpus/documentos/bip-0039.mediawiki «Generating the mnemonic» y «From mnemonic to seed»; wordlist corpus/documentos/bip-0039-wordlist-english.txt, SHA-256 2f5eed53…24dbda). 24 palabras = política HU-06-01 RN-1, no exclusividad del estándar (§2.6).",
K-829,,celda-en-evaluacion,sut/mobile/tests/deposit/deposit-security.test.tsx:121,expect(rendered).not.toContain(KNOWN_MNEMONIC);,,CORRECTO,1,"BIP-39: ENT 128–256, checksum SHA-256 ENT/32, wordlist inglés 2048, PBKDF2-HMAC-SHA512 2048 iter, seed 64 B, NFKD (corpus/documentos/bip-0039.mediawiki «Generating the mnemonic» y «From mnemonic to seed»; wordlist corpus/documentos/bip-0039-wordlist-english.txt, SHA-256 2f5eed53…24dbda). 24 palabras = política HU-06-01 RN-1, no exclusividad del estándar (§2.6).",
K-830,,celda-en-evaluacion,sut/mobile/tests/deposit/deposit-security.test.tsx:125,expect(looksLikeMnemonicPhrase(value)).toBe(false);,,CORRECTO,1,"BIP-39: ENT 128–256, checksum SHA-256 ENT/32, wordlist inglés 2048, PBKDF2-HMAC-SHA512 2048 iter, seed 64 B, NFKD (corpus/documentos/bip-0039.mediawiki «Generating the mnemonic» y «From mnemonic to seed»; wordlist corpus/documentos/bip-0039-wordlist-english.txt, SHA-256 2f5eed53…24dbda). 24 palabras = política HU-06-01 RN-1, no exclusividad del estándar (§2.6).",
K-831,,celda-en-evaluacion,sut/mobile/tests/deposit/deposit-security.test.tsx:148,// Sin cuerpo: nada que pueda arrastrar mnemonic/seed/clave privada.,,CORRECTO,1,"BIP-39: ENT 128–256, checksum SHA-256 ENT/32, wordlist inglés 2048, PBKDF2-HMAC-SHA512 2048 iter, seed 64 B, NFKD (corpus/documentos/bip-0039.mediawiki «Generating the mnemonic» y «From mnemonic to seed»; wordlist corpus/documentos/bip-0039-wordlist-english.txt, SHA-256 2f5eed53…24dbda). 24 palabras = política HU-06-01 RN-1, no exclusividad del estándar (§2.6).",
K-832,,celda-en-evaluacion,sut/mobile/tests/onchain/address.test.ts:2,* Tests de EIP-55 (HU-11-06 RN-2 / RN-5) con los vectores oficiales de ERC-55.,,CORRECTO,1,"Checksum EIP-55/ERC-55: Keccak-256 sobre el hex ASCII en minúsculas sin `0x`; nibble ≥ 8 (o > 7) ⇒ mayúscula. Vectores oficiales All caps / All Lower / Normal (corpus/documentos/erc-55.md, Specification, Implementation y Test Cases).",
K-833,,celda-en-evaluacion,sut/mobile/tests/onchain/address.test.ts:7,"isValidEip55Address,",,CORRECTO,1,"Checksum EIP-55/ERC-55: Keccak-256 sobre el hex ASCII en minúsculas sin `0x`; nibble ≥ 8 (o > 7) ⇒ mayúscula. Vectores oficiales All caps / All Lower / Normal (corpus/documentos/erc-55.md, Specification, Implementation y Test Cases).",
K-834,,celda-en-evaluacion,sut/mobile/tests/onchain/address.test.ts:8,"toChecksumAddress,",,CORRECTO,1,"Checksum EIP-55/ERC-55: Keccak-256 sobre el hex ASCII en minúsculas sin `0x`; nibble ≥ 8 (o > 7) ⇒ mayúscula. Vectores oficiales All caps / All Lower / Normal (corpus/documentos/erc-55.md, Specification, Implementation y Test Cases).",
K-835,,celda-en-evaluacion,sut/mobile/tests/onchain/address.test.ts:11,"/** Vectores oficiales de ERC-55, sección «Test Cases». */",,CORRECTO,1,"Checksum EIP-55/ERC-55: Keccak-256 sobre el hex ASCII en minúsculas sin `0x`; nibble ≥ 8 (o > 7) ⇒ mayúscula. Vectores oficiales All caps / All Lower / Normal (corpus/documentos/erc-55.md, Specification, Implementation y Test Cases).",
K-836,,celda-en-evaluacion,sut/mobile/tests/onchain/address.test.ts:52,"describe('toChecksumAddress', () => {",,CORRECTO,1,"Checksum EIP-55/ERC-55: Keccak-256 sobre el hex ASCII en minúsculas sin `0x`; nibble ≥ 8 (o > 7) ⇒ mayúscula. Vectores oficiales All caps / All Lower / Normal (corpus/documentos/erc-55.md, Specification, Implementation y Test Cases).",
K-837,,celda-en-evaluacion,sut/mobile/tests/onchain/address.test.ts:54,expect(toChecksumAddress(addr)).toBe(addr);,,CORRECTO,1,"Checksum EIP-55/ERC-55: Keccak-256 sobre el hex ASCII en minúsculas sin `0x`; nibble ≥ 8 (o > 7) ⇒ mayúscula. Vectores oficiales All caps / All Lower / Normal (corpus/documentos/erc-55.md, Specification, Implementation y Test Cases).",
K-838,,celda-en-evaluacion,sut/mobile/tests/onchain/address.test.ts:59,expect(toChecksumAddress(addr.toLowerCase())).toBe(addr);,,CORRECTO,1,"Checksum EIP-55/ERC-55: Keccak-256 sobre el hex ASCII en minúsculas sin `0x`; nibble ≥ 8 (o > 7) ⇒ mayúscula. Vectores oficiales All caps / All Lower / Normal (corpus/documentos/erc-55.md, Specification, Implementation y Test Cases).",
K-839,,celda-en-evaluacion,sut/mobile/tests/onchain/address.test.ts:60,expect(toChecksumAddress(`0x${raw.toUpperCase()}`)).toBe(addr);,,CORRECTO,1,"Checksum EIP-55/ERC-55: Keccak-256 sobre el hex ASCII en minúsculas sin `0x`; nibble ≥ 8 (o > 7) ⇒ mayúscula. Vectores oficiales All caps / All Lower / Normal (corpus/documentos/erc-55.md, Specification, Implementation y Test Cases).",
K-840,,celda-en-evaluacion,sut/mobile/tests/onchain/address.test.ts:61,expect(toChecksumAddress(raw)).toBe(addr);,,CORRECTO,1,"Checksum EIP-55/ERC-55: Keccak-256 sobre el hex ASCII en minúsculas sin `0x`; nibble ≥ 8 (o > 7) ⇒ mayúscula. Vectores oficiales All caps / All Lower / Normal (corpus/documentos/erc-55.md, Specification, Implementation y Test Cases).",
K-841,,celda-en-evaluacion,sut/mobile/tests/onchain/address.test.ts:62,expect(toChecksumAddress(raw.toLowerCase())).toBe(addr);,,CORRECTO,1,"Checksum EIP-55/ERC-55: Keccak-256 sobre el hex ASCII en minúsculas sin `0x`; nibble ≥ 8 (o > 7) ⇒ mayúscula. Vectores oficiales All caps / All Lower / Normal (corpus/documentos/erc-55.md, Specification, Implementation y Test Cases).",
K-842,,celda-en-evaluacion,sut/mobile/tests/onchain/address.test.ts:63,expect(toChecksumAddress(`0X${raw}`)).toBe(addr);,,CORRECTO,1,"Checksum EIP-55/ERC-55: Keccak-256 sobre el hex ASCII en minúsculas sin `0x`; nibble ≥ 8 (o > 7) ⇒ mayúscula. Vectores oficiales All caps / All Lower / Normal (corpus/documentos/erc-55.md, Specification, Implementation y Test Cases).",
K-843,,celda-en-evaluacion,sut/mobile/tests/onchain/address.test.ts:67,// Un dígito volteado respecto del checksum correcto vuelve a la forma canónica.,,CORRECTO,1,"Checksum EIP-55/ERC-55: Keccak-256 sobre el hex ASCII en minúsculas sin `0x`; nibble ≥ 8 (o > 7) ⇒ mayúscula. Vectores oficiales All caps / All Lower / Normal (corpus/documentos/erc-55.md, Specification, Implementation y Test Cases).",
K-844,,celda-en-evaluacion,sut/mobile/tests/onchain/address.test.ts:68,expect(toChecksumAddress('0x5AAeb6053F3E94C9b9A09f33669435E7Ef1BeAed')).toBe(,,CORRECTO,1,"Checksum EIP-55/ERC-55: Keccak-256 sobre el hex ASCII en minúsculas sin `0x`; nibble ≥ 8 (o > 7) ⇒ mayúscula. Vectores oficiales All caps / All Lower / Normal (corpus/documentos/erc-55.md, Specification, Implementation y Test Cases).",
K-845,,celda-en-evaluacion,sut/mobile/tests/onchain/address.test.ts:80,expect(() => toChecksumAddress(value)).toThrow(,,CORRECTO,1,"Checksum EIP-55/ERC-55: Keccak-256 sobre el hex ASCII en minúsculas sin `0x`; nibble ≥ 8 (o > 7) ⇒ mayúscula. Vectores oficiales All caps / All Lower / Normal (corpus/documentos/erc-55.md, Specification, Implementation y Test Cases).",
K-846,,celda-en-evaluacion,sut/mobile/tests/onchain/address.test.ts:86,"describe('isValidEip55Address', () => {",,CORRECTO,1,"Checksum EIP-55/ERC-55: Keccak-256 sobre el hex ASCII en minúsculas sin `0x`; nibble ≥ 8 (o > 7) ⇒ mayúscula. Vectores oficiales All caps / All Lower / Normal (corpus/documentos/erc-55.md, Specification, Implementation y Test Cases).",
K-847,,celda-en-evaluacion,sut/mobile/tests/onchain/address.test.ts:89,// checksum EIP-55 coincide con la capitalización mostrada.,,CORRECTO,1,"Checksum EIP-55/ERC-55: Keccak-256 sobre el hex ASCII en minúsculas sin `0x`; nibble ≥ 8 (o > 7) ⇒ mayúscula. Vectores oficiales All caps / All Lower / Normal (corpus/documentos/erc-55.md, Specification, Implementation y Test Cases).",
K-848,,celda-en-evaluacion,sut/mobile/tests/onchain/address.test.ts:90,expect(isValidEip55Address(addr)).toBe(true);,,CORRECTO,1,"Checksum EIP-55/ERC-55: Keccak-256 sobre el hex ASCII en minúsculas sin `0x`; nibble ≥ 8 (o > 7) ⇒ mayúscula. Vectores oficiales All caps / All Lower / Normal (corpus/documentos/erc-55.md, Specification, Implementation y Test Cases).",
K-849,,celda-en-evaluacion,sut/mobile/tests/onchain/address.test.ts:97,expect(isValidEip55Address(lower)).toBe(false);,,CORRECTO,1,"Checksum EIP-55/ERC-55: Keccak-256 sobre el hex ASCII en minúsculas sin `0x`; nibble ≥ 8 (o > 7) ⇒ mayúscula. Vectores oficiales All caps / All Lower / Normal (corpus/documentos/erc-55.md, Specification, Implementation y Test Cases).",
K-850,,celda-en-evaluacion,sut/mobile/tests/onchain/address.test.ts:104,expect(isValidEip55Address(upper)).toBe(false);,,CORRECTO,1,"Checksum EIP-55/ERC-55: Keccak-256 sobre el hex ASCII en minúsculas sin `0x`; nibble ≥ 8 (o > 7) ⇒ mayúscula. Vectores oficiales All caps / All Lower / Normal (corpus/documentos/erc-55.md, Specification, Implementation y Test Cases).",
K-851,,celda-en-evaluacion,sut/mobile/tests/onchain/address.test.ts:107,"it.each(NORMAL)('rechaza %s con el checksum alterado', (addr) => {",,CORRECTO,1,"Checksum EIP-55/ERC-55: Keccak-256 sobre el hex ASCII en minúsculas sin `0x`; nibble ≥ 8 (o > 7) ⇒ mayúscula. Vectores oficiales All caps / All Lower / Normal (corpus/documentos/erc-55.md, Specification, Implementation y Test Cases).",
K-852,,celda-en-evaluacion,sut/mobile/tests/onchain/address.test.ts:109,// pero ya no coincide con el checksum EIP-55.,,CORRECTO,1,"Checksum EIP-55/ERC-55: Keccak-256 sobre el hex ASCII en minúsculas sin `0x`; nibble ≥ 8 (o > 7) ⇒ mayúscula. Vectores oficiales All caps / All Lower / Normal (corpus/documentos/erc-55.md, Specification, Implementation y Test Cases).",
K-853,,celda-en-evaluacion,sut/mobile/tests/onchain/address.test.ts:118,expect(isValidEip55Address(tampered)).toBe(false);,,CORRECTO,1,"Checksum EIP-55/ERC-55: Keccak-256 sobre el hex ASCII en minúsculas sin `0x`; nibble ≥ 8 (o > 7) ⇒ mayúscula. Vectores oficiales All caps / All Lower / Normal (corpus/documentos/erc-55.md, Specification, Implementation y Test Cases).",
K-854,,celda-en-evaluacion,sut/mobile/tests/onchain/address.test.ts:122,expect(isValidEip55Address('')).toBe(false);,,CORRECTO,1,"Checksum EIP-55/ERC-55: Keccak-256 sobre el hex ASCII en minúsculas sin `0x`; nibble ≥ 8 (o > 7) ⇒ mayúscula. Vectores oficiales All caps / All Lower / Normal (corpus/documentos/erc-55.md, Specification, Implementation y Test Cases).",
K-855,,celda-en-evaluacion,sut/mobile/tests/onchain/address.test.ts:123,expect(isValidEip55Address('0x123')).toBe(false);,,CORRECTO,1,"Checksum EIP-55/ERC-55: Keccak-256 sobre el hex ASCII en minúsculas sin `0x`; nibble ≥ 8 (o > 7) ⇒ mayúscula. Vectores oficiales All caps / All Lower / Normal (corpus/documentos/erc-55.md, Specification, Implementation y Test Cases).",
K-856,,celda-en-evaluacion,sut/mobile/tests/onchain/address.test.ts:124,expect(isValidEip55Address('no-es-una-direccion')).toBe(false);,,CORRECTO,1,"Checksum EIP-55/ERC-55: Keccak-256 sobre el hex ASCII en minúsculas sin `0x`; nibble ≥ 8 (o > 7) ⇒ mayúscula. Vectores oficiales All caps / All Lower / Normal (corpus/documentos/erc-55.md, Specification, Implementation y Test Cases).",
K-857,,celda-en-evaluacion,sut/mobile/tests/onchain/address.test.ts:125,expect(isValidEip55Address('ethereum:0x5aAeb6053F3E94C9b9A09f33669435E7Ef1BeAed')).toBe(false);,,CORRECTO,1,"Uso correcto de ERC-681: `ethereum:` [`pay-`] target [`@` chain_id decimal] [`/` function] [`?` params]; sin function_name = pago nativo; ERC-20 = `transfer` con parámetro `address` (corpus/documentos/erc-681.md, Specification Syntax/Semantics). chainId 11155111 lo fija spec/00-fundaciones/activos-y-par-de-trading.md §1 (§2.6).",
K-858,,celda-en-evaluacion,sut/mobile/tests/onchain/address.test.ts:130,expect(toChecksumAddress(numeric)).toBe(numeric);,,CORRECTO,1,"Checksum EIP-55/ERC-55: Keccak-256 sobre el hex ASCII en minúsculas sin `0x`; nibble ≥ 8 (o > 7) ⇒ mayúscula. Vectores oficiales All caps / All Lower / Normal (corpus/documentos/erc-55.md, Specification, Implementation y Test Cases).",
K-859,,celda-en-evaluacion,sut/mobile/tests/onchain/address.test.ts:131,expect(isValidEip55Address(numeric)).toBe(true);,,CORRECTO,1,"Checksum EIP-55/ERC-55: Keccak-256 sobre el hex ASCII en minúsculas sin `0x`; nibble ≥ 8 (o > 7) ⇒ mayúscula. Vectores oficiales All caps / All Lower / Normal (corpus/documentos/erc-55.md, Specification, Implementation y Test Cases).",
K-860,,celda-en-evaluacion,sut/mobile/tests/onchain/eip681.test.ts:2,* Tests del URI EIP-681 del QR de depósito (HU-11-06 RN-2 y AT-11-06-26).,,CORRECTO,1,"Uso correcto de ERC-681: `ethereum:` [`pay-`] target [`@` chain_id decimal] [`/` function] [`?` params]; sin function_name = pago nativo; ERC-20 = `transfer` con parámetro `address` (corpus/documentos/erc-681.md, Specification Syntax/Semantics). chainId 11155111 lo fija spec/00-fundaciones/activos-y-par-de-trading.md §1 (§2.6).",
K-861,,celda-en-evaluacion,sut/mobile/tests/onchain/eip681.test.ts:5,import { toChecksumAddress } from '../../src/onchain/address';,,CORRECTO,1,"Checksum EIP-55/ERC-55: Keccak-256 sobre el hex ASCII en minúsculas sin `0x`; nibble ≥ 8 (o > 7) ⇒ mayúscula. Vectores oficiales All caps / All Lower / Normal (corpus/documentos/erc-55.md, Specification, Implementation y Test Cases).",
K-862,,celda-en-evaluacion,sut/mobile/tests/onchain/eip681.test.ts:6,"import { SEPOLIA_CHAIN_ID, buildDepositUri } from '../../src/onchain/eip681';",,CORRECTO,1,"Uso correcto de ERC-681: `ethereum:` [`pay-`] target [`@` chain_id decimal] [`/` function] [`?` params]; sin function_name = pago nativo; ERC-20 = `transfer` con parámetro `address` (corpus/documentos/erc-681.md, Specification Syntax/Semantics). chainId 11155111 lo fija spec/00-fundaciones/activos-y-par-de-trading.md §1 (§2.6).",
K-863,,celda-en-evaluacion,sut/mobile/tests/onchain/eip681.test.ts:8,/** Dirección de depósito devuelta por `GET /api/v1/deposit-address` (checksum EIP-55). */,,CORRECTO,1,"Checksum EIP-55/ERC-55: Keccak-256 sobre el hex ASCII en minúsculas sin `0x`; nibble ≥ 8 (o > 7) ⇒ mayúscula. Vectores oficiales All caps / All Lower / Normal (corpus/documentos/erc-55.md, Specification, Implementation y Test Cases).",
K-864,,celda-en-evaluacion,sut/mobile/tests/onchain/eip681.test.ts:13,"describe('SEPOLIA_CHAIN_ID', () => {",,CORRECTO,1,Sepolia chainId 11155111 es constante de spec/00-fundaciones/activos-y-par-de-trading.md §1; no se afirma un chainId distinto ni una red equivocada como Sepolia (C4 no aplica). §2.6.,
K-865,,celda-en-evaluacion,sut/mobile/tests/onchain/eip681.test.ts:14,"it('es el chain ID decimal de Sepolia como string', () => {",,CORRECTO,1,Sepolia chainId 11155111 es constante de spec/00-fundaciones/activos-y-par-de-trading.md §1; no se afirma un chainId distinto ni una red equivocada como Sepolia (C4 no aplica). §2.6.,
K-866,,celda-en-evaluacion,sut/mobile/tests/onchain/eip681.test.ts:15,expect(SEPOLIA_CHAIN_ID).toBe('11155111');,,CORRECTO,1,Sepolia chainId 11155111 es constante de spec/00-fundaciones/activos-y-par-de-trading.md §1; no se afirma un chainId distinto ni una red equivocada como Sepolia (C4 no aplica). §2.6.,
K-867,,celda-en-evaluacion,sut/mobile/tests/onchain/eip681.test.ts:20,"it('construye ethereum:<address>@11155111 (RN-2)', () => {",,CORRECTO,1,"Uso correcto de ERC-681: `ethereum:` [`pay-`] target [`@` chain_id decimal] [`/` function] [`?` params]; sin function_name = pago nativo; ERC-20 = `transfer` con parámetro `address` (corpus/documentos/erc-681.md, Specification Syntax/Semantics). chainId 11155111 lo fija spec/00-fundaciones/activos-y-par-de-trading.md §1 (§2.6).",
K-868,,celda-en-evaluacion,sut/mobile/tests/onchain/eip681.test.ts:22,"`ethereum:${DEPOSIT_ADDRESS}@11155111`,",,CORRECTO,1,"Uso correcto de ERC-681: `ethereum:` [`pay-`] target [`@` chain_id decimal] [`/` function] [`?` params]; sin function_name = pago nativo; ERC-20 = `transfer` con parámetro `address` (corpus/documentos/erc-681.md, Specification Syntax/Semantics). chainId 11155111 lo fija spec/00-fundaciones/activos-y-par-de-trading.md §1 (§2.6).",
K-869,,celda-en-evaluacion,sut/mobile/tests/onchain/eip681.test.ts:35,).toBe(`ethereum:${DEPOSIT_ADDRESS}@11155111`);,,CORRECTO,1,"Uso correcto de ERC-681: `ethereum:` [`pay-`] target [`@` chain_id decimal] [`/` function] [`?` params]; sin function_name = pago nativo; ERC-20 = `transfer` con parámetro `address` (corpus/documentos/erc-681.md, Specification Syntax/Semantics). chainId 11155111 lo fija spec/00-fundaciones/activos-y-par-de-trading.md §1 (§2.6).",
K-870,,celda-en-evaluacion,sut/mobile/tests/onchain/eip681.test.ts:38,"it('preserva la capitalización del checksum EIP-55 de la API', () => {",,CORRECTO,1,"Checksum EIP-55/ERC-55: Keccak-256 sobre el hex ASCII en minúsculas sin `0x`; nibble ≥ 8 (o > 7) ⇒ mayúscula. Vectores oficiales All caps / All Lower / Normal (corpus/documentos/erc-55.md, Specification, Implementation y Test Cases).",
K-871,,celda-en-evaluacion,sut/mobile/tests/onchain/eip681.test.ts:40,expect(uri).toContain(toChecksumAddress(DEPOSIT_ADDRESS));,,CORRECTO,1,"Checksum EIP-55/ERC-55: Keccak-256 sobre el hex ASCII en minúsculas sin `0x`; nibble ≥ 8 (o > 7) ⇒ mayúscula. Vectores oficiales All caps / All Lower / Normal (corpus/documentos/erc-55.md, Specification, Implementation y Test Cases).",
K-872,,celda-en-evaluacion,sut/mobile/tests/onchain/eip681.test.ts:49,'ethereum:0xfB6916095ca1df60bB79Ce92cE3Ea74c37c5d359@11155111' +,,CORRECTO,1,"Uso correcto de ERC-681: `ethereum:` [`pay-`] target [`@` chain_id decimal] [`/` function] [`?` params]; sin function_name = pago nativo; ERC-20 = `transfer` con parámetro `address` (corpus/documentos/erc-681.md, Specification Syntax/Semantics). chainId 11155111 lo fija spec/00-fundaciones/activos-y-par-de-trading.md §1 (§2.6).",
K-873,,celda-en-evaluacion,sut/mobile/tests/onchain/eip681.test.ts:54,"it('usa el contrato como target_address y el depósito como parámetro address (ERC-681)', () => {",,CORRECTO,1,"Uso correcto de ERC-681: `ethereum:` [`pay-`] target [`@` chain_id decimal] [`/` function] [`?` params]; sin function_name = pago nativo; ERC-20 = `transfer` con parámetro `address` (corpus/documentos/erc-681.md, Specification Syntax/Semantics). chainId 11155111 lo fija spec/00-fundaciones/activos-y-par-de-trading.md §1 (§2.6).",
K-874,,celda-en-evaluacion,sut/mobile/tests/onchain/eip681.test.ts:61,expect(uri).toContain(`@${SEPOLIA_CHAIN_ID}/transfer?address=${DEPOSIT_ADDRESS}`);,,CORRECTO,1,Sepolia chainId 11155111 es constante de spec/00-fundaciones/activos-y-par-de-trading.md §1; no se afirma un chainId distinto ni una red equivocada como Sepolia (C4 no aplica). §2.6.,
K-875,,celda-en-evaluacion,sut/mobile/tests/onchain/eip681.test.ts:68,).toBe(`ethereum:${otro}@11155111/transfer?address=${DEPOSIT_ADDRESS}`);,,CORRECTO,1,"Uso correcto de ERC-681: `ethereum:` [`pay-`] target [`@` chain_id decimal] [`/` function] [`?` params]; sin function_name = pago nativo; ERC-20 = `transfer` con parámetro `address` (corpus/documentos/erc-681.md, Specification Syntax/Semantics). chainId 11155111 lo fija spec/00-fundaciones/activos-y-par-de-trading.md §1 (§2.6).",
K-876,,celda-en-evaluacion,sut/mobile/tests/setup.ts:8,"* escenarios de depósito verifican (el URI EIP-681 codificado, AT-11-06-01 / AT-11-06-26).",,CORRECTO,1,"Uso correcto de ERC-681: `ethereum:` [`pay-`] target [`@` chain_id decimal] [`/` function] [`?` params]; sin function_name = pago nativo; ERC-20 = `transfer` con parámetro `address` (corpus/documentos/erc-681.md, Specification Syntax/Semantics). chainId 11155111 lo fija spec/00-fundaciones/activos-y-par-de-trading.md §1 (§2.6).",
K-877,,celda-en-evaluacion,sut/mobile/tests/support/deposit-fixtures.ts:22,* RN-10): `0x` + 40 hex con checksum EIP-55. Vector oficial de ERC-55.,,CORRECTO,1,"Checksum EIP-55/ERC-55: Keccak-256 sobre el hex ASCII en minúsculas sin `0x`; nibble ≥ 8 (o > 7) ⇒ mayúscula. Vectores oficiales All caps / All Lower / Normal (corpus/documentos/erc-55.md, Specification, Implementation y Test Cases).",
K-878,,celda-en-evaluacion,sut/mobile/tests/support/deposit-fixtures.ts:32,/** Segundo contrato USDC-mock (otro entorno) para AT-11-06-26. Vector oficial de ERC-55. */,,CORRECTO,1,"Checksum EIP-55/ERC-55: Keccak-256 sobre el hex ASCII en minúsculas sin `0x`; nibble ≥ 8 (o > 7) ⇒ mayúscula. Vectores oficiales All caps / All Lower / Normal (corpus/documentos/erc-55.md, Specification, Implementation y Test Cases).",
K-879,,celda-en-evaluacion,sut/mobile/tests/support/fixtures.ts:17,/** Dirección con checksum EIP-55 válido para `GET /deposit-address` (HU-09-01 RN-10). */,,CORRECTO,1,"Checksum EIP-55/ERC-55: Keccak-256 sobre el hex ASCII en minúsculas sin `0x`; nibble ≥ 8 (o > 7) ⇒ mayúscula. Vectores oficiales All caps / All Lower / Normal (corpus/documentos/erc-55.md, Specification, Implementation y Test Cases).",
K-880,,celda-en-evaluacion,sut/mobile/tests-e2e/deposit-e2e.test.tsx:21,import { isValidEip55Address } from '../src/onchain/address';,,CORRECTO,1,"Checksum EIP-55/ERC-55: Keccak-256 sobre el hex ASCII en minúsculas sin `0x`; nibble ≥ 8 (o > 7) ⇒ mayúscula. Vectores oficiales All caps / All Lower / Normal (corpus/documentos/erc-55.md, Specification, Implementation y Test Cases).",
K-881,,celda-en-evaluacion,sut/mobile/tests-e2e/deposit-e2e.test.tsx:69,// Dirección de depósito con checksum EIP-55 y QR EIP-681 de ETH (AT-11-06-01).,,CORRECTO,1,"Uso correcto de ERC-681: `ethereum:` [`pay-`] target [`@` chain_id decimal] [`/` function] [`?` params]; sin function_name = pago nativo; ERC-20 = `transfer` con parámetro `address` (corpus/documentos/erc-681.md, Specification Syntax/Semantics). chainId 11155111 lo fija spec/00-fundaciones/activos-y-par-de-trading.md §1 (§2.6).",
K-882,,celda-en-evaluacion,sut/mobile/tests-e2e/deposit-e2e.test.tsx:71,expect(isValidEip55Address(address)).toBe(true);,,CORRECTO,1,"Checksum EIP-55/ERC-55: Keccak-256 sobre el hex ASCII en minúsculas sin `0x`; nibble ≥ 8 (o > 7) ⇒ mayúscula. Vectores oficiales All caps / All Lower / Normal (corpus/documentos/erc-55.md, Specification, Implementation y Test Cases).",
K-883,,celda-en-evaluacion,sut/mobile/tests-e2e/deposit-e2e.test.tsx:72,expect(screen.getByTestId('qrcode').props.value).toBe(`ethereum:${address}@11155111`);,,CORRECTO,1,"Uso correcto de ERC-681: `ethereum:` [`pay-`] target [`@` chain_id decimal] [`/` function] [`?` params]; sin function_name = pago nativo; ERC-20 = `transfer` con parámetro `address` (corpus/documentos/erc-681.md, Specification Syntax/Semantics). chainId 11155111 lo fija spec/00-fundaciones/activos-y-par-de-trading.md §1 (§2.6).",
K-884,,celda-en-evaluacion,sut/mobile/tests-e2e/deposit-e2e.test.tsx:73,expect(screen.getByTestId('deposit-network')).toHaveTextContent(/Sepolia \(chainId 11155111\)/u);,,CORRECTO,1,Sepolia chainId 11155111 es constante de spec/00-fundaciones/activos-y-par-de-trading.md §1; no se afirma un chainId distinto ni una red equivocada como Sepolia (C4 no aplica). §2.6.,
K-885,,celda-en-evaluacion,sut/mobile/tests-e2e/deposit-e2e.test.tsx:81,expect(isValidEip55Address(tokenAddress)).toBe(true);,,CORRECTO,1,"Checksum EIP-55/ERC-55: Keccak-256 sobre el hex ASCII en minúsculas sin `0x`; nibble ≥ 8 (o > 7) ⇒ mayúscula. Vectores oficiales All caps / All Lower / Normal (corpus/documentos/erc-55.md, Specification, Implementation y Test Cases).",
K-886,,celda-en-evaluacion,sut/mobile/tests-e2e/deposit-e2e.test.tsx:83,"`ethereum:${tokenAddress}@11155111/transfer?address=${address}`,",,CORRECTO,1,"Uso correcto de ERC-681: `ethereum:` [`pay-`] target [`@` chain_id decimal] [`/` function] [`?` params]; sin function_name = pago nativo; ERC-20 = `transfer` con parámetro `address` (corpus/documentos/erc-681.md, Specification Syntax/Semantics). chainId 11155111 lo fija spec/00-fundaciones/activos-y-par-de-trading.md §1 (§2.6).",
K-887,,celda-en-evaluacion,sut/web/src/api/errors.ts:46,"'CHAIN_ID_MISMATCH',",,CORRECTO,1,Sepolia chainId 11155111 es constante de spec/00-fundaciones/activos-y-par-de-trading.md §1; no se afirma un chainId distinto ni una red equivocada como Sepolia (C4 no aplica). §2.6.,
K-888,,celda-en-evaluacion,sut/web/src/routes/LoginPage.tsx:192,"<p className=""muted"">Exchange ETH/USDC · Sepolia</p>",,CORRECTO,1,Sepolia chainId 11155111 es constante de spec/00-fundaciones/activos-y-par-de-trading.md §1; no se afirma un chainId distinto ni una red equivocada como Sepolia (C4 no aplica). §2.6.,
K-889,,celda-en-evaluacion,trazas/backend.txt:10,Now I'll delegate the on-chain crypto core (BIP-39/32/44 + EIP-55) to a subagent while I build the rest.,,CORRECTO,1,"Checksum EIP-55/ERC-55: Keccak-256 sobre el hex ASCII en minúsculas sin `0x`; nibble ≥ 8 (o > 7) ⇒ mayúscula. Vectores oficiales All caps / All Lower / Normal (corpus/documentos/erc-55.md, Specification, Implementation y Test Cases).",
K-890,,celda-en-evaluacion,trazas/backend.txt:26,**`/repo/backend/src/wallet/crypto/wordlist.ts`**,,CORRECTO,1,"BIP-39: ENT 128–256, checksum SHA-256 ENT/32, wordlist inglés 2048, PBKDF2-HMAC-SHA512 2048 iter, seed 64 B, NFKD (corpus/documentos/bip-0039.mediawiki «Generating the mnemonic» y «From mnemonic to seed»; wordlist corpus/documentos/bip-0039-wordlist-english.txt, SHA-256 2f5eed53…24dbda). 24 palabras = política HU-06-01 RN-1, no exclusividad del estándar (§2.6).",
K-891,,celda-en-evaluacion,trazas/backend.txt:27,"- `ENGLISH_WORDLIST: readonly string[]` (2048 palabras vendorizadas), `WORDLIST_SIZE = 2048`, `WORDLIST_INDEX: ReadonlyMap<string, number>`.",,CORRECTO,1,"BIP-39: ENT 128–256, checksum SHA-256 ENT/32, wordlist inglés 2048, PBKDF2-HMAC-SHA512 2048 iter, seed 64 B, NFKD (corpus/documentos/bip-0039.mediawiki «Generating the mnemonic» y «From mnemonic to seed»; wordlist corpus/documentos/bip-0039-wordlist-english.txt, SHA-256 2f5eed53…24dbda). 24 palabras = política HU-06-01 RN-1, no exclusividad del estándar (§2.6).",
K-892,,celda-en-evaluacion,trazas/backend.txt:28,"- Obtenido de `@scure/bip39` instalado **fuera del repo** (`/tmp`), ya eliminado: no hay dependencia en `package.json` ni en runtime. SHA-256 verificado = `2f5eed53…24dbda`.",,CORRECTO,1,"BIP-39: ENT 128–256, checksum SHA-256 ENT/32, wordlist inglés 2048, PBKDF2-HMAC-SHA512 2048 iter, seed 64 B, NFKD (corpus/documentos/bip-0039.mediawiki «Generating the mnemonic» y «From mnemonic to seed»; wordlist corpus/documentos/bip-0039-wordlist-english.txt, SHA-256 2f5eed53…24dbda). 24 palabras = política HU-06-01 RN-1, no exclusividad del estándar (§2.6).",
K-893,,celda-en-evaluacion,trazas/backend.txt:33,**`/repo/backend/src/wallet/crypto/bip39.ts`**,,CORRECTO,1,"BIP-39: ENT 128–256, checksum SHA-256 ENT/32, wordlist inglés 2048, PBKDF2-HMAC-SHA512 2048 iter, seed 64 B, NFKD (corpus/documentos/bip-0039.mediawiki «Generating the mnemonic» y «From mnemonic to seed»; wordlist corpus/documentos/bip-0039-wordlist-english.txt, SHA-256 2f5eed53…24dbda). 24 palabras = política HU-06-01 RN-1, no exclusividad del estándar (§2.6).",
K-894,,celda-en-evaluacion,trazas/backend.txt:34,"- `generateMnemonic(entropyBits = 256): string`, `entropyToMnemonic(entropy: Uint8Array): string`, `validateMnemonic(m): { ok: true } | { ok: false; reason: 'LENGTH'|'WORDLIST'|'CHECKSUM' }`, `mnemonicToSeed(m, passph…",,CORRECTO,1,"Checksum EIP-55/ERC-55: Keccak-256 sobre el hex ASCII en minúsculas sin `0x`; nibble ≥ 8 (o > 7) ⇒ mayúscula. Vectores oficiales All caps / All Lower / Normal (corpus/documentos/erc-55.md, Specification, Implementation y Test Cases).",
K-895,,celda-en-evaluacion,trazas/backend.txt:36,**`/repo/backend/src/wallet/crypto/bip32.ts`**,,CORRECTO,1,"BIP-32: I = HMAC-SHA512(key=""Bitcoin seed"", data=S); CKDpriv hardened (`0x00‖ser256(k)‖ser32(i)`) / normal (`serP‖ser32(i)`); si parse256(I_L) ≥ n o k_i = 0, «proceed with the next value for i» (corpus/documentos/bip-0032.mediawiki, Master key generation y Private parent key → private child key).",
K-896,,celda-en-evaluacion,trazas/backend.txt:37,"- `interface HdNode`, `masterKeyFromSeed(seed): HdNode`, `ckdPriv(node, index): HdNode`, `derivePath(seed, path): HdNode`, `parsePath(path): number[]`, `publicKeyUncompressed(pk): Uint8Array` (65 B), `publicKeyXY(pk):…",,CORRECTO,1,"BIP-32: I = HMAC-SHA512(key=""Bitcoin seed"", data=S); CKDpriv hardened (`0x00‖ser256(k)‖ser32(i)`) / normal (`serP‖ser32(i)`); si parse256(I_L) ≥ n o k_i = 0, «proceed with the next value for i» (corpus/documentos/bip-0032.mediawiki, Master key generation y Private parent key → private child key).",
K-897,,celda-en-evaluacion,trazas/backend.txt:40,"- `toChecksumAddress(address): string`, `isValidAddressFormat(address): boolean`, `isValidChecksumAddress(address): boolean`, `publicKeyToAddress(publicKeyXY): string`, `ADDRESS_BYTES`.",,CORRECTO,1,"Checksum EIP-55/ERC-55: Keccak-256 sobre el hex ASCII en minúsculas sin `0x`; nibble ≥ 8 (o > 7) ⇒ mayúscula. Vectores oficiales All caps / All Lower / Normal (corpus/documentos/erc-55.md, Specification, Implementation y Test Cases).",
K-898,,celda-en-evaluacion,trazas/backend.txt:42,**`/repo/backend/src/wallet/crypto/derivation.ts`**,,CORRECTO,1,"Keccak-256 / secp256k1 usados como en HU-06-02 RN-4 (dirección = últimos 20 B de Keccak-256(X‖Y)) y BIP-32 (corpus/documentos/bip-0032.mediawiki, curva secp256k1; corpus/documentos/erc-55.md usa Keccak-256). Sin fórmula atribuida de más al estándar. §2.6.",
K-899,,celda-en-evaluacion,trazas/backend.txt:43,"- `ETHEREUM_BASE_PATH`, `COIN_TYPE = 60`, `CHAIN_ID = 11155111`, `MAX_ADDRESS_INDEX = 2147483647`, `interface DerivedAccount`, `derivationPathFor(i): string`, `assertAddressIndexInRange(i): void`, `deriveAccountAt(see…",,CORRECTO,1,"Path BIP-44 `m/purpose'/coin_type'/account'/change/address_index` con purpose 44' y change 0 = cadena externa (corpus/documentos/bip-0044.mediawiki, Path levels). coin type 60 (Ethereum) lo fija spec/00-fundaciones/activos-y-par-de-trading.md §1; BIP-44 remite el registro a SLIP-0044 (§2.6).",
K-900,,celda-en-evaluacion,trazas/backend.txt:56,"1. **Política vs. algoritmo BIP-39**: `validateMnemonic` implementa la política del proyecto (24 palabras exactas, orden LENGTH→WORDLIST→CHECKSUM); `mnemonicToSeed` es el algoritmo BIP-39 puro e independiente, por lo …",,CORRECTO,1,"Checksum EIP-55/ERC-55: Keccak-256 sobre el hex ASCII en minúsculas sin `0x`; nibble ≥ 8 (o > 7) ⇒ mayúscula. Vectores oficiales All caps / All Lower / Normal (corpus/documentos/erc-55.md, Specification, Implementation y Test Cases).",
K-901,,celda-en-evaluacion,trazas/backend.txt:57,"2. **Stub de AT-06-02-08**: el harness distingue la rama *normal* de CKDpriv de la *hardened* por el primer byte del `data` (`0x00` en hardened, `0x02/0x03` en normal — ambos miden 37 bytes) y por los últimos 4 bytes …",,CORRECTO,1,"BIP-32: I = HMAC-SHA512(key=""Bitcoin seed"", data=S); CKDpriv hardened (`0x00‖ser256(k)‖ser32(i)`) / normal (`serP‖ser32(i)`); si parse256(I_L) ≥ n o k_i = 0, «proceed with the next value for i» (corpus/documentos/bip-0032.mediawiki, Master key generation y Private parent key → private child key).",
K-902,,celda-en-evaluacion,trazas/backend.txt:58,3. **Errores tipados**: `bip32.ts` no depende del catálogo de la app; señaliza con `InvalidChildKeyError` / `InvalidMasterKeyError` (Error nativos). La traducción al catálogo ocurre en `derivation.ts` (`validationErro…,,CORRECTO,1,"BIP-32: I = HMAC-SHA512(key=""Bitcoin seed"", data=S); CKDpriv hardened (`0x00‖ser256(k)‖ser32(i)`) / normal (`serP‖ser32(i)`); si parse256(I_L) ≥ n o k_i = 0, «proceed with the next value for i» (corpus/documentos/bip-0032.mediawiki, Master key generation y Private parent key → private child key).",
K-903,,celda-en-evaluacion,trazas/backend.txt:60,"5. `toChecksumAddress` lanza `validationError([{ field: 'address', … }])` ante formato inválido — es un helper interno, no vi motivo para usar `INVALID_ADDRESS` (que la spec reserva a validación de retiros, épica 08).",,CORRECTO,1,"Checksum EIP-55/ERC-55: Keccak-256 sobre el hex ASCII en minúsculas sin `0x`; nibble ≥ 8 (o > 7) ⇒ mayúscula. Vectores oficiales All caps / All Lower / Normal (corpus/documentos/erc-55.md, Specification, Implementation y Test Cases).",
K-904,,celda-en-evaluacion,trazas/backend.txt:64,"`isValidChecksumAddress` implementa la comparación canónica `address === toChecksumAddress(address)`. Para el caso degenerado de una dirección sin dígitos `a-f`, lowercase y checksum coinciden por definición de EIP-55…",,CORRECTO,1,"Checksum EIP-55/ERC-55: Keccak-256 sobre el hex ASCII en minúsculas sin `0x`; nibble ≥ 8 (o > 7) ⇒ mayúscula. Vectores oficiales All caps / All Lower / Normal (corpus/documentos/erc-55.md, Specification, Implementation y Test Cases).",
K-905,,celda-en-evaluacion,trazas/backend.txt:80,"Backend is up and verified end-to-end (register → login → deposit-address, against the Sepolia node at chainId 11155111). The two acceptance-test agents (épica 01 and épica 06) are still running; I'll integrate and fi…",,CORRECTO,1,Sepolia chainId 11155111 es constante de spec/00-fundaciones/activos-y-par-de-trading.md §1; no se afirma un chainId distinto ni una red equivocada como Sepolia (C4 no aplica). §2.6.,
K-906,,celda-en-evaluacion,trazas/backend.txt:106,"- **Qué exige la spec.** HU-06-01 RN-6: «Al **descifrar**, el sistema verifica el tag: si el tag no coincide (corrupción, restauración incorrecta) **o la credencial es ausente/incorrecta**, el descifrado **falla** y e…",,CORRECTO,1,"§2: uso trivial o correcto del término de dominio (identificador, código de error, columna, import o mención) sin afirmación falsa identificable sobre un estándar. No aplica C1–C6.",
K-907,,celda-en-evaluacion,trazas/backend.txt:112,**No se encontraron otros desvíos.** Verifiqué punto por punto y todo lo demás cumple: cifrado AES-256-GCM `nonce||ciphertext||tag` con el mnemonic nunca en claro en el blob; rechazo de mnemonics con checksum/longitud…,,CORRECTO,1,"Checksum EIP-55/ERC-55: Keccak-256 sobre el hex ASCII en minúsculas sin `0x`; nibble ≥ 8 (o > 7) ⇒ mayúscula. Vectores oficiales All caps / All Lower / Normal (corpus/documentos/erc-55.md, Specification, Implementation y Test Cases).",
K-908,,celda-en-evaluacion,trazas/backend.txt:120,- **AT-06-01-02 / AT-06-01-03** (known-answer BIP-39 y determinismo de PBKDF2): fuera de mi alcance por instrucción; ya cubiertos en `/repo/backend/tests/wallet-crypto.test.ts`.,,CORRECTO,1,"BIP-39: ENT 128–256, checksum SHA-256 ENT/32, wordlist inglés 2048, PBKDF2-HMAC-SHA512 2048 iter, seed 64 B, NFKD (corpus/documentos/bip-0039.mediawiki «Generating the mnemonic» y «From mnemonic to seed»; wordlist corpus/documentos/bip-0039-wordlist-english.txt, SHA-256 2f5eed53…24dbda). 24 palabras = política HU-06-01 RN-1, no exclusividad del estándar (§2.6).",
K-909,,celda-en-evaluacion,trazas/backend.txt:121,"- **Toda HU-06-02**: cubierta por el otro agente en `wallet-crypto.test.ts`; reutilicé sus funciones (`deriveAccountAt`, `derivationPathFor`, `derivePrivateKeyAt`, `mnemonicToSeed`, `isValidChecksumAddress`) como refe…",,CORRECTO,1,"Checksum EIP-55/ERC-55: Keccak-256 sobre el hex ASCII en minúsculas sin `0x`; nibble ≥ 8 (o > 7) ⇒ mayúscula. Vectores oficiales All caps / All Lower / Normal (corpus/documentos/erc-55.md, Specification, Implementation y Test Cases).",
K-910,,celda-en-evaluacion,trazas/backend.txt:195,"**Épica 06 completa**: BIP-39, BIP-32, BIP-44 y EIP-55 **implementados en el repo** contra el texto normativo (consultado vía la herramienta de estándares) y verificados con los known-answer tests de la spec; seed úni…",,CORRECTO,1,"Checksum EIP-55/ERC-55: Keccak-256 sobre el hex ASCII en minúsculas sin `0x`; nibble ≥ 8 (o > 7) ⇒ mayúscula. Vectores oficiales All caps / All Lower / Normal (corpus/documentos/erc-55.md, Specification, Implementation y Test Cases).",
K-911,,celda-en-evaluacion,trazas/backend.txt:197,"**Épica 09 acotada**: los tres endpoints del contrato, autenticación Bearer con precedencia sobre el esquema, envelope uniforme con el catálogo completo, 404/405 y rate limiting por cuenta. Health-check en `GET /healt…",,CORRECTO,1,"JSON-RPC: `eth_chainId` existe y retorna quantity hex; `eth_getBalance(address, block)` existe (corpus/documentos/ethereum-json-rpc.md, §eth_chainId y §eth_getBalance; Conventions Hex value encoding). No hay método inventado.",
K-912,,celda-en-evaluacion,trazas/backend.txt:232,Todo lo que sigue está respaldado por respuestas HTTP reales contra `http://127.0.0.1:3102` (DB limpia en `/tmp/rev09/`). El checksum EIP-55 lo recomputé yo con Keccak-256 (validado antes contra el vector conocido `ke…,,CORRECTO,1,"Checksum EIP-55/ERC-55: Keccak-256 sobre el hex ASCII en minúsculas sin `0x`; nibble ≥ 8 (o > 7) ⇒ mayúscula. Vectores oficiales All caps / All Lower / Normal (corpus/documentos/erc-55.md, Specification, Implementation y Test Cases).",
K-913,,celda-en-evaluacion,trazas/backend.txt:236,"- **AT-06-04-01 / AT-09-01-10**: `?asset=ETH` → `200 {""asset"":""ETH"",""address"":""0x1a9E31089964717a38096Dc76298705d6552826c"",""network"":""sepolia"",""chainId"":""11155111"",""derivationPath"":""m/44'/60'/0'/0/0""}` — `chainId` es …",,CORRECTO,1,"Path BIP-44 `m/purpose'/coin_type'/account'/change/address_index` con purpose 44' y change 0 = cadena externa (corpus/documentos/bip-0044.mediawiki, Path levels). coin type 60 (Ethereum) lo fija spec/00-fundaciones/activos-y-par-de-trading.md §1; BIP-44 remite el registro a SLIP-0044 (§2.6).",
K-914,,celda-en-evaluacion,trazas/backend.txt:237,- **Checksum EIP-55**: recomputé el checksum de las **25** direcciones emitidas (vía `/internal/deposit-addresses`) y del `tokenAddress`: 0 discrepancias; todas matchean `^0x[0-9a-fA-F]{40}$`.,,CORRECTO,1,"Checksum EIP-55/ERC-55: Keccak-256 sobre el hex ASCII en minúsculas sin `0x`; nibble ≥ 8 (o > 7) ⇒ mayúscula. Vectores oficiales All caps / All Lower / Normal (corpus/documentos/erc-55.md, Specification, Implementation y Test Cases).",
K-915,,celda-en-evaluacion,trazas/backend.txt:238,"- **AT-06-04-02 / AT-06-03-04**: `?asset=USDC` devuelve **la misma** `address` que ETH, con `asset:""USDC""`, `chainId:""11155111""` y `tokenAddress:""0x1c7D4B196Cb0C7B01d743Fbc6116a902379C7238""` (checksum válido).",,CORRECTO,1,"Checksum EIP-55/ERC-55: Keccak-256 sobre el hex ASCII en minúsculas sin `0x`; nibble ≥ 8 (o > 7) ⇒ mayúscula. Vectores oficiales All caps / All Lower / Normal (corpus/documentos/erc-55.md, Specification, Implementation y Test Cases).",
K-916,,celda-en-evaluacion,trazas/backend.txt:239,"- **No hay fuga de secretos**: ninguna respuesta (deposit-address, register, login, health, internal) contiene `mnemonic`/`seed`/`privateKey`/`xprv`/`secret`.",,CORRECTO,1,"BIP-39: ENT 128–256, checksum SHA-256 ENT/32, wordlist inglés 2048, PBKDF2-HMAC-SHA512 2048 iter, seed 64 B, NFKD (corpus/documentos/bip-0039.mediawiki «Generating the mnemonic» y «From mnemonic to seed»; wordlist corpus/documentos/bip-0039-wordlist-english.txt, SHA-256 2f5eed53…24dbda). 24 palabras = política HU-06-01 RN-1, no exclusividad del estándar (§2.6).",
K-917,,celda-en-evaluacion,trazas/backend.txt:242,"- **AT-06-04-06**: `?asset=ETH&chainId=1` → `422 CHAIN_ID_MISMATCH` con `details:{""expected"":""11155111"",""got"":""1""}` (ambos **strings**). `?asset=ETH&network=mainnet` → mismo código con `got:""mainnet""`. `?asset=ETH&cha…",,CORRECTO,1,Sepolia chainId 11155111 es constante de spec/00-fundaciones/activos-y-par-de-trading.md §1; no se afirma un chainId distinto ni una red equivocada como Sepolia (C4 no aplica). §2.6.,
K-918,,celda-en-evaluacion,trazas/backend.txt:243,"- **Precedencia RN-9**: `?asset=BTC&chainId=1` → `422 VALIDATION_ERROR` (esquema gana sobre red). `?asset=ETH&chainId=1&network=sepolia` → `CHAIN_ID_MISMATCH got:""1""`.",,CORRECTO,1,Sepolia chainId 11155111 es constante de spec/00-fundaciones/activos-y-par-de-trading.md §1; no se afirma un chainId distinto ni una red equivocada como Sepolia (C4 no aplica). §2.6.,
K-919,,celda-en-evaluacion,trazas/backend.txt:248,"- **AT-06-03-09 (eager)**: la dirección existe en `/internal/deposit-addresses` inmediatamente tras el `register`, sin consulta previa, con `accountId, addressIndex, address, derivationPath, network:""sepolia"", chainId…",,CORRECTO,1,Sepolia chainId 11155111 es constante de spec/00-fundaciones/activos-y-par-de-trading.md §1; no se afirma un chainId distinto ni una red equivocada como Sepolia (C4 no aplica). §2.6.,
K-920,,celda-en-evaluacion,trazas/backend.txt:249,- **AT-06-04-08 / RN-7**: 10 consultas alternando ETH/USDC → 1 sola dirección y 1 solo `derivationPath`; el índice no cambia.,,CORRECTO,1,"Keccak-256 / secp256k1 usados como en HU-06-02 RN-4 (dirección = últimos 20 B de Keccak-256(X‖Y)) y BIP-32 (corpus/documentos/bip-0032.mediawiki, curva secp256k1; corpus/documentos/erc-55.md usa Keccak-256). Sin fórmula atribuida de más al estándar. §2.6.",
K-921,,celda-en-evaluacion,trazas/backend.txt:258,"- **Envelope y catálogo**: todas las respuestas de error observadas tienen exactamente `{error:{code,message,details?}}`, un solo `code` por respuesta. Códigos observados: `UNAUTHENTICATED`(401), `VALIDATION_ERROR`(42…",,CORRECTO,1,Sepolia chainId 11155111 es constante de spec/00-fundaciones/activos-y-par-de-trading.md §1; no se afirma un chainId distinto ni una red equivocada como Sepolia (C4 no aplica). §2.6.,
K-922,,celda-en-evaluacion,trazas/backend.txt:259,"- **Content-Type**: `application/json; charset=utf-8` en 200 y en todos los errores. `GET /health` → `200` con `{""status"":""ok"",…,""chain"":{""network"":""sepolia"",""chainId"":""11155111"",…}}`.",,CORRECTO,1,Sepolia chainId 11155111 es constante de spec/00-fundaciones/activos-y-par-de-trading.md §1; no se afirma un chainId distinto ni una red equivocada como Sepolia (C4 no aplica). §2.6.,
K-923,,celda-en-evaluacion,trazas/backend.txt:264,### D1 (importante) — Un `chainId`/`network` repetido evade por completo la validación de red,,CORRECTO,1,Sepolia chainId 11155111 es constante de spec/00-fundaciones/activos-y-par-de-trading.md §1; no se afirma un chainId distinto ni una red equivocada como Sepolia (C4 no aplica). §2.6.,
K-924,,celda-en-evaluacion,trazas/backend.txt:265,"`?asset=ETH&chainId=1` → `422 CHAIN_ID_MISMATCH` (bien), pero:",,CORRECTO,1,Sepolia chainId 11155111 es constante de spec/00-fundaciones/activos-y-par-de-trading.md §1; no se afirma un chainId distinto ni una red equivocada como Sepolia (C4 no aplica). §2.6.,
K-925,,celda-en-evaluacion,trazas/backend.txt:268,GET /api/v1/deposit-address?asset=ETH&chainId=1&chainId=1   (Bearer válido),,CORRECTO,1,Sepolia chainId 11155111 es constante de spec/00-fundaciones/activos-y-par-de-trading.md §1; no se afirma un chainId distinto ni una red equivocada como Sepolia (C4 no aplica). §2.6.,
K-926,,celda-en-evaluacion,trazas/backend.txt:269,"→ 200 {""asset"":""ETH"",""address"":""0x79Aa615c3BF29FD8A024CB8bAc4AA17eBb603621"",""network"":""sepolia"",""chainId"":""11155111"",""derivationPath"":""m/44'/60'/0'/0/1""}",,CORRECTO,1,"Path BIP-44 `m/purpose'/coin_type'/account'/change/address_index` con purpose 44' y change 0 = cadena externa (corpus/documentos/bip-0044.mediawiki, Path levels). coin type 60 (Ethereum) lo fija spec/00-fundaciones/activos-y-par-de-trading.md §1; BIP-44 remite el registro a SLIP-0044 (§2.6).",
K-927,,celda-en-evaluacion,trazas/backend.txt:274,GET /api/v1/deposit-address?asset=ETH&chainId=1&chainId=11155111   → 200,,CORRECTO,1,Sepolia chainId 11155111 es constante de spec/00-fundaciones/activos-y-par-de-trading.md §1; no se afirma un chainId distinto ni una red equivocada como Sepolia (C4 no aplica). §2.6.,
K-928,,celda-en-evaluacion,trazas/backend.txt:275,GET /api/v1/deposit-address?asset=ETH&chainId=11155111&chainId=1   → 200,,CORRECTO,1,Sepolia chainId 11155111 es constante de spec/00-fundaciones/activos-y-par-de-trading.md §1; no se afirma un chainId distinto ni una red equivocada como Sepolia (C4 no aplica). §2.6.,
K-929,,celda-en-evaluacion,trazas/backend.txt:278,"**Qué está mal**: la solicitud *sí* especifica un `chainId`/red distinto de 11155111 y el servidor responde 200 en lugar de `CHAIN_ID_MISMATCH` (422). Viola **HU-06-04 RN-4** (""Si… la consulta especificara una red o `…",,CORRECTO,1,Sepolia chainId 11155111 es constante de spec/00-fundaciones/activos-y-par-de-trading.md §1; no se afirma un chainId distinto ni una red equivocada como Sepolia (C4 no aplica). §2.6.,
K-930,,celda-en-evaluacion,trazas/backend.txt:279,"**Causa**: `/repo/backend/src/http/app.ts:255` y `:260` guardan con `typeof rawChainId === 'string'` / `typeof rawNetwork === 'string'`; con el parámetro repetido Fastify entrega un **array**, la guarda no aplica y la…",,CORRECTO,1,Sepolia chainId 11155111 es constante de spec/00-fundaciones/activos-y-par-de-trading.md §1; no se afirma un chainId distinto ni una red equivocada como Sepolia (C4 no aplica). §2.6.,
K-931,,celda-en-evaluacion,trazas/backend.txt:300,"{""items"":[{""accountId"":""64088428-…"",""addressIndex"":0,""address"":""0x1a9E…826c"",""derivationPath"":""m/44'/60'/0'/0/0"",""network"":""sepolia"",""chainId"":""11155111"",""createdAt"":""…""}, … 25 items …]}",,CORRECTO,1,"Path BIP-44 `m/purpose'/coin_type'/account'/change/address_index` con purpose 44' y change 0 = cadena externa (corpus/documentos/bip-0044.mediawiki, Path levels). coin type 60 (Ethereum) lo fija spec/00-fundaciones/activos-y-par-de-trading.md §1; BIP-44 remite el registro a SLIP-0044 (§2.6).",
K-932,,celda-en-evaluacion,trazas/backend.txt:302,"**HU-06-03 RN-11** describe esta consulta como **""no pública""** (consumo interno de la épica 07). Aquí está servida en el mismo puerto/host que la API pública, **sin ningún control de acceso**, y entrega `accountId + …",,CORRECTO,1,"Path BIP-44 `m/purpose'/coin_type'/account'/change/address_index` con purpose 44' y change 0 = cadena externa (corpus/documentos/bip-0044.mediawiki, Path levels). coin type 60 (Ethereum) lo fija spec/00-fundaciones/activos-y-par-de-trading.md §1; BIP-44 remite el registro a SLIP-0044 (§2.6).",
K-933,,celda-en-evaluacion,trazas/backend.txt:310,### D7 (menor) — `chainId=` / `network=` vacíos se tratan como ausentes → 200,,CORRECTO,1,Sepolia chainId 11155111 es constante de spec/00-fundaciones/activos-y-par-de-trading.md §1; no se afirma un chainId distinto ni una red equivocada como Sepolia (C4 no aplica). §2.6.,
K-934,,celda-en-evaluacion,trazas/backend.txt:321,"1. **Wordlist** (`/repo/backend/src/wallet/crypto/wordlist.ts`): 2048 palabras, orden alfabético estricto, sin duplicados (`WORDLIST_INDEX.size === 2048`), SHA-256 del texto `join('\n')+'\n'` = `2f5eed53a4727b4bf8880d…",,CORRECTO,1,"BIP-39: ENT 128–256, checksum SHA-256 ENT/32, wordlist inglés 2048, PBKDF2-HMAC-SHA512 2048 iter, seed 64 B, NFKD (corpus/documentos/bip-0039.mediawiki «Generating the mnemonic» y «From mnemonic to seed»; wordlist corpus/documentos/bip-0039-wordlist-english.txt, SHA-256 2f5eed53…24dbda). 24 palabras = política HU-06-01 RN-1, no exclusividad del estándar (§2.6).",
K-935,,celda-en-evaluacion,trazas/backend.txt:322,"2. **Vector canónico BIP-39** (AT-06-01-02): `mnemonicToSeed(MNEMONIC_BIP39_CANONICO, ""TREZOR"")` = `c55257c3…7463b04`, 64 bytes. OK.",,CORRECTO,1,"BIP-39: ENT 128–256, checksum SHA-256 ENT/32, wordlist inglés 2048, PBKDF2-HMAC-SHA512 2048 iter, seed 64 B, NFKD (corpus/documentos/bip-0039.mediawiki «Generating the mnemonic» y «From mnemonic to seed»; wordlist corpus/documentos/bip-0039-wordlist-english.txt, SHA-256 2f5eed53…24dbda). 24 palabras = política HU-06-01 RN-1, no exclusividad del estándar (§2.6).",
K-936,,celda-en-evaluacion,trazas/backend.txt:323,"3. **Vectores BIP-32 oficiales**: decodifiqué los `xprv` de los Test vectors 1, 2 y 3 del propio `bip-0032.mediawiki` (base58 → chain code + clave privada) y comparé contra `derivePath`. Los 14 nodos coinciden en clav…",,CORRECTO,1,"BIP-32: I = HMAC-SHA512(key=""Bitcoin seed"", data=S); CKDpriv hardened (`0x00‖ser256(k)‖ser32(i)`) / normal (`serP‖ser32(i)`); si parse256(I_L) ≥ n o k_i = 0, «proceed with the next value for i» (corpus/documentos/bip-0032.mediawiki, Master key generation y Private parent key → private child key).",
K-937,,celda-en-evaluacion,trazas/backend.txt:324,"4. **Vectores HU-06-02 (Hardhat)**: los 4 `address_index` 0..3 producen exactamente las direcciones de la tabla, con `derivationPath` `m/44'/60'/0'/0/{i}`.",,CORRECTO,1,"Path BIP-44 `m/purpose'/coin_type'/account'/change/address_index` con purpose 44' y change 0 = cadena externa (corpus/documentos/bip-0044.mediawiki, Path levels). coin type 60 (Ethereum) lo fija spec/00-fundaciones/activos-y-par-de-trading.md §1; BIP-44 remite el registro a SLIP-0044 (§2.6).",
K-938,,celda-en-evaluacion,trazas/backend.txt:325,5. **EIP-55**: los 4 vectores de la tabla (que son los mismos 4 del `erc-55.md` del corpus) coinciden carácter a carácter; además `isValidChecksumAddress` acepta la forma con checksum y rechaza la all-lowercase. El cr…,,CORRECTO,1,"Checksum EIP-55/ERC-55: Keccak-256 sobre el hex ASCII en minúsculas sin `0x`; nibble ≥ 8 (o > 7) ⇒ mayúscula. Vectores oficiales All caps / All Lower / Normal (corpus/documentos/erc-55.md, Specification, Implementation y Test Cases).",
K-939,,celda-en-evaluacion,trazas/backend.txt:326,6. **RN-2** (`bip39.ts:134-158`): orden longitud → wordlist → checksum verificado con casos que fallan varias reglas a la vez (12 palabras + palabra inválida ⇒ `LENGTH`; 24 palabras con palabra inválida + checksum rot…,,CORRECTO,1,"Checksum EIP-55/ERC-55: Keccak-256 sobre el hex ASCII en minúsculas sin `0x`; nibble ≥ 8 (o > 7) ⇒ mayúscula. Vectores oficiales All caps / All Lower / Normal (corpus/documentos/erc-55.md, Specification, Implementation y Test Cases).",
K-940,,celda-en-evaluacion,trazas/backend.txt:327,"7. **RN-3**: `mnemonicToSeed` reproduce bit a bit `pbkdf2Sync(mnemonic, ""mnemonic""+passphrase, 2048, 64, 'sha512')` de Node; control negativo con 2047 iteraciones difiere; salt con passphrase verificado con `""TREZOR""`.",,CORRECTO,1,"BIP-39: ENT 128–256, checksum SHA-256 ENT/32, wordlist inglés 2048, PBKDF2-HMAC-SHA512 2048 iter, seed 64 B, NFKD (corpus/documentos/bip-0039.mediawiki «Generating the mnemonic» y «From mnemonic to seed»; wordlist corpus/documentos/bip-0039-wordlist-english.txt, SHA-256 2f5eed53…24dbda). 24 palabras = política HU-06-01 RN-1, no exclusividad del estándar (§2.6).",
K-941,,celda-en-evaluacion,trazas/backend.txt:328,"9. **RN-9** (`derivation.ts:46-62`): `2147483648` ⇒ `AppError` `VALIDATION_ERROR` / HTTP 422 con `details.issues[0].field = ""address_index""`, lanzado **antes** de derivar (también desde `deriveAccountAt` y `deriveNext…",,CORRECTO,1,"Path BIP-44 `m/purpose'/coin_type'/account'/change/address_index` con purpose 44' y change 0 = cadena externa (corpus/documentos/bip-0044.mediawiki, Path levels). coin type 60 (Ethereum) lo fija spec/00-fundaciones/activos-y-par-de-trading.md §1; BIP-44 remite el registro a SLIP-0044 (§2.6).",
K-942,,celda-en-evaluacion,trazas/backend.txt:329,"10. **RN-4** (`bip32.ts:87-97`, `address.ts:75-83`): dirección == `keccak256(X‖Y)[-20:]` computado independientemente; controles negativos confirman que incluir el prefijo `0x04` (`0x56377c0b…`) o usar la pública comp…",,CORRECTO,1,"BIP-32: I = HMAC-SHA512(key=""Bitcoin seed"", data=S); CKDpriv hardened (`0x00‖ser256(k)‖ser32(i)`) / normal (`serP‖ser32(i)`); si parse256(I_L) ≥ n o k_i = 0, «proceed with the next value for i» (corpus/documentos/bip-0032.mediawiki, Master key generation y Private parent key → private child key).",
K-943,,celda-en-evaluacion,trazas/backend.txt:336,"- **Archivo/línea:** `/repo/backend/src/wallet/crypto/derivation.ts:98-105`, en particular la línea 102: `if (error instanceof InvalidChildKeyError) continue;`",,CORRECTO,1,"BIP-32: I = HMAC-SHA512(key=""Bitcoin seed"", data=S); CKDpriv hardened (`0x00‖ser256(k)‖ser32(i)`) / normal (`serP‖ser32(i)`); si parse256(I_L) ≥ n o k_i = 0, «proceed with the next value for i» (corpus/documentos/bip-0032.mediawiki, Master key generation y Private parent key → private child key).",
K-944,,celda-en-evaluacion,trazas/backend.txt:337,"- **Qué está mal:** el `catch` trata **cualquier** `InvalidChildKeyError` como ""índice de usuario inválido"" y avanza `address_index`, sin mirar en qué nivel del path se produjo. `InvalidChildKeyError` sí lleva el nive…",,CORRECTO,1,"BIP-32: I = HMAC-SHA512(key=""Bitcoin seed"", data=S); CKDpriv hardened (`0x00‖ser256(k)‖ser32(i)`) / normal (`serP‖ser32(i)`); si parse256(I_L) ≥ n o k_i = 0, «proceed with the next value for i» (corpus/documentos/bip-0032.mediawiki, Master key generation y Private parent key → private child key).",
K-945,,celda-en-evaluacion,trazas/backend.txt:339,"- **Contra qué regla:** BIP-32, *Private parent key → private child key*: «In case parse256(I_L) ≥ n or k_i = 0, the resulting key is invalid, and one should proceed **with the next value for i**» — el ""next i"" es el …",,CORRECTO,1,"BIP-32: I = HMAC-SHA512(key=""Bitcoin seed"", data=S); CKDpriv hardened (`0x00‖ser256(k)‖ser32(i)`) / normal (`serP‖ser32(i)`); si parse256(I_L) ≥ n o k_i = 0, «proceed with the next value for i» (corpus/documentos/bip-0032.mediawiki, Master key generation y Private parent key → private child key).",
K-946,,celda-en-evaluacion,trazas/backend.txt:341,"- **Corrección mínima sugerida:** en `derivation.ts:102`, `if (error instanceof InvalidChildKeyError && error.index === index) continue;` y re-lanzar (o convertir a `INTERNAL_ERROR`) cuando el fallo provenga de un niv…",,CORRECTO,1,"BIP-32: I = HMAC-SHA512(key=""Bitcoin seed"", data=S); CKDpriv hardened (`0x00‖ser256(k)‖ser32(i)`) / normal (`serP‖ser32(i)`); si parse256(I_L) ≥ n o k_i = 0, «proceed with the next value for i» (corpus/documentos/bip-0032.mediawiki, Master key generation y Private parent key → private child key).",
K-947,,celda-en-evaluacion,trazas/backend.txt:345,"- **Colapso de espacios en `normalizeMnemonic`** (`bip39.ts:47`): además de NFKD hace `trim()` + `replace(/\s+/gu,' ')` y esa cadena colapsada es la que va como password a PBKDF2 (`bip39.ts:172`). BIP-39 §*From mnemon…",,CORRECTO,1,"BIP-39: ENT 128–256, checksum SHA-256 ENT/32, wordlist inglés 2048, PBKDF2-HMAC-SHA512 2048 iter, seed 64 B, NFKD (corpus/documentos/bip-0039.mediawiki «Generating the mnemonic» y «From mnemonic to seed»; wordlist corpus/documentos/bip-0039-wordlist-english.txt, SHA-256 2f5eed53…24dbda). 24 palabras = política HU-06-01 RN-1, no exclusividad del estándar (§2.6).",
K-948,,celda-en-evaluacion,trazas/backend.txt:346,"- **`validateMnemonic` (24 palabras) vs `mnemonicToSeed` (agnóstico)**: la separación es deliberada y está documentada en `bip39.ts:129-133`, y es correcta respecto de BIP-39 («la conversión del mnemonic a seed es com…",,CORRECTO,1,"BIP-39: ENT 128–256, checksum SHA-256 ENT/32, wordlist inglés 2048, PBKDF2-HMAC-SHA512 2048 iter, seed 64 B, NFKD (corpus/documentos/bip-0039.mediawiki «Generating the mnemonic» y «From mnemonic to seed»; wordlist corpus/documentos/bip-0039-wordlist-english.txt, SHA-256 2f5eed53…24dbda). 24 palabras = política HU-06-01 RN-1, no exclusividad del estándar (§2.6).",
K-949,,celda-en-evaluacion,trazas/backend.txt:348,"- **Registro del índice efectivo (HU-06-03 RN-1)**: verificado ejecutando el servicio real contra una SQLite temporal con stub de HMAC (`/tmp/audit/run4.ts`): con el índice nominal 0 inválido se asigna el 1, se persis…",,CORRECTO,1,"Path BIP-44 `m/purpose'/coin_type'/account'/change/address_index` con purpose 44' y change 0 = cadena externa (corpus/documentos/bip-0044.mediawiki, Path levels). coin type 60 (Ethereum) lo fija spec/00-fundaciones/activos-y-par-de-trading.md §1; BIP-44 remite el registro a SLIP-0044 (§2.6).",
K-950,,celda-en-evaluacion,trazas/backend.txt:506,"El subagente de operabilidad se está demorando; verifico yo mismo los puntos que faltan (build, arranque del compilado y sonda contra el nodo JSON-RPC).",,CORRECTO,1,"JSON-RPC: `eth_chainId` existe y retorna quantity hex; `eth_getBalance(address, block)` existe (corpus/documentos/ethereum-json-rpc.md, §eth_chainId y §eth_getBalance; Conventions Hex value encoding). No hay método inventado.",
K-951,,celda-en-evaluacion,trazas/backend.txt:512,"**Cómo la hice:** leí `spec/00-fundaciones/` completo y las 7 HU del alcance, luego repartí en subagentes cuatro verificaciones independientes —estándares on-chain contra el corpus normativo (BIP-32/39/44, EIP-55), ca…",,CORRECTO,1,"Checksum EIP-55/ERC-55: Keccak-256 sobre el hex ASCII en minúsculas sin `0x`; nibble ≥ 8 (o > 7) ⇒ mayúscula. Vectores oficiales All caps / All Lower / Normal (corpus/documentos/erc-55.md, Specification, Implementation y Test Cases).",
K-952,,celda-en-evaluacion,trazas/backend.txt:514,"**Estado:** completitud OK —están las 7 HU del alcance, el health-check y el README; compila, arranca y responde `/health` con `rpc.status = ""OK""` y `chainId 11155111`; los 125 tests propios pasan y cubren todos los A…",,CORRECTO,1,Sepolia chainId 11155111 es constante de spec/00-fundaciones/activos-y-par-de-trading.md §1; no se afirma un chainId distinto ni una red equivocada como Sepolia (C4 no aplica). §2.6.,
K-953,,celda-en-evaluacion,trazas/backend.txt:518,"1. Un `chainId`/`network` **repetido** en la query hace que Fastify entregue un array, las guardas `typeof === 'string'` no aplican y la validación de red se saltea entera: `?asset=ETH&chainId=1` da 422 pero `?asset=E…",,CORRECTO,1,Sepolia chainId 11155111 es constante de spec/00-fundaciones/activos-y-par-de-trading.md §1; no se afirma un chainId distinto ni una red equivocada como Sepolia (C4 no aplica). §2.6.,
K-954,,celda-en-evaluacion,trazas/backend.txt:519,2. `tokenAddress` se devuelve sin checksum EIP-55 si `USDC_CONTRACT_ADDRESS` viene en minúsculas (HU-09-01 RN-10 / HU-06-04 RN-6).,,CORRECTO,1,"Checksum EIP-55/ERC-55: Keccak-256 sobre el hex ASCII en minúsculas sin `0x`; nibble ≥ 8 (o > 7) ⇒ mayúscula. Vectores oficiales All caps / All Lower / Normal (corpus/documentos/erc-55.md, Specification, Implementation y Test Cases).",
K-955,,celda-en-evaluacion,trazas/backend.txt:522,"Y uno latente pero verificado con stub: en `derivation.ts:102` el `catch` de `InvalidChildKeyError` ignora en qué nivel del path falló, así que una clave inválida en un paso intermedio degenera en un bucle de 2³¹ iter…",,CORRECTO,1,"BIP-32: I = HMAC-SHA512(key=""Bitcoin seed"", data=S); CKDpriv hardened (`0x00‖ser256(k)‖ser32(i)`) / normal (`serP‖ser32(i)`); si parse256(I_L) ≥ n o k_i = 0, «proceed with the next value for i» (corpus/documentos/bip-0032.mediawiki, Master key generation y Private parent key → private child key).",
K-956,,celda-en-evaluacion,trazas/backend.txt:540,Now the core fixes. Starting with #4 (the BIP-32 skip loop):,,CORRECTO,1,"BIP-32: I = HMAC-SHA512(key=""Bitcoin seed"", data=S); CKDpriv hardened (`0x00‖ser256(k)‖ser32(i)`) / normal (`serP‖ser32(i)`); si parse256(I_L) ≥ n o k_i = 0, «proceed with the next value for i» (corpus/documentos/bip-0032.mediawiki, Master key generation y Private parent key → private child key).",
K-957,,celda-en-evaluacion,trazas/backend.txt:546,Now #8 (BIP-39 NFKD without collapsing separators):,,CORRECTO,1,"BIP-39: ENT 128–256, checksum SHA-256 ENT/32, wordlist inglés 2048, PBKDF2-HMAC-SHA512 2048 iter, seed 64 B, NFKD (corpus/documentos/bip-0039.mediawiki «Generating the mnemonic» y «From mnemonic to seed»; wordlist corpus/documentos/bip-0039-wordlist-english.txt, SHA-256 2f5eed53…24dbda). 24 palabras = política HU-06-01 RN-1, no exclusividad del estándar (§2.6).",
K-958,,celda-en-evaluacion,trazas/backend.txt:548,"Now the seed-store, which also collapsed the mnemonic before persisting:",,CORRECTO,1,"BIP-39: ENT 128–256, checksum SHA-256 ENT/32, wordlist inglés 2048, PBKDF2-HMAC-SHA512 2048 iter, seed 64 B, NFKD (corpus/documentos/bip-0039.mediawiki «Generating the mnemonic» y «From mnemonic to seed»; wordlist corpus/documentos/bip-0039-wordlist-english.txt, SHA-256 2f5eed53…24dbda). 24 palabras = política HU-06-01 RN-1, no exclusividad del estándar (§2.6).",
K-959,,celda-en-evaluacion,trazas/backend.txt:581,"**Aviso no relacionado con mi tarea**: al terminar, `git status` muestra modificados `src/wallet/crypto/bip32.ts`, `bip39.ts`, `derivation.ts` y `seed-store.ts` (cambios sobre `InvalidChildKeyError`/`depth` y RN-8). N…",,CORRECTO,1,"BIP-39: ENT 128–256, checksum SHA-256 ENT/32, wordlist inglés 2048, PBKDF2-HMAC-SHA512 2048 iter, seed 64 B, NFKD (corpus/documentos/bip-0039.mediawiki «Generating the mnemonic» y «From mnemonic to seed»; wordlist corpus/documentos/bip-0039-wordlist-english.txt, SHA-256 2f5eed53…24dbda). 24 palabras = política HU-06-01 RN-1, no exclusividad del estándar (§2.6).",
K-960,,celda-en-evaluacion,trazas/backend.txt:617,Let me cross-check the derivation against the well-known BIP-44 reference vector while I wait:,,CORRECTO,1,"Path BIP-44 `m/purpose'/coin_type'/account'/change/address_index` con purpose 44' y change 0 = cadena externa (corpus/documentos/bip-0044.mediawiki, Path levels). coin type 60 (Ethereum) lo fija spec/00-fundaciones/activos-y-par-de-trading.md §1; BIP-44 remite el registro a SLIP-0044 (§2.6).",
K-961,,celda-en-evaluacion,trazas/backend.txt:619,"Derivation matches the canonical BIP-44 reference vectors (`m/44'/60'/0'/0/0` = `0x9858EfFD…aEda94`), and irregular spacing now yields a different seed, as BIP-39 requires.",,CORRECTO,1,"BIP-39: ENT 128–256, checksum SHA-256 ENT/32, wordlist inglés 2048, PBKDF2-HMAC-SHA512 2048 iter, seed 64 B, NFKD (corpus/documentos/bip-0039.mediawiki «Generating the mnemonic» y «From mnemonic to seed»; wordlist corpus/documentos/bip-0039-wordlist-english.txt, SHA-256 2f5eed53…24dbda). 24 palabras = política HU-06-01 RN-1, no exclusividad del estándar (§2.6).",
K-962,,celda-en-evaluacion,trazas/backend.txt:621,**Estado del pase correctivo** — los 10 puntos de la revisión están resueltos y commiteados (`345db79`). Verificado contra el servidor real y el nodo JSON-RPC de Sepolia:,,CORRECTO,1,Sepolia chainId 11155111 es constante de spec/00-fundaciones/activos-y-par-de-trading.md §1; no se afirma un chainId distinto ni una red equivocada como Sepolia (C4 no aplica). §2.6.,
K-963,,celda-en-evaluacion,trazas/backend.txt:625,| 1 | `?asset=ETH&chainId=1&chainId=1` → **422 `CHAIN_ID_MISMATCH`** (antes 200); repetido correcto → 200 |,,CORRECTO,1,Sepolia chainId 11155111 es constante de spec/00-fundaciones/activos-y-par-de-trading.md §1; no se afirma un chainId distinto ni una red equivocada como Sepolia (C4 no aplica). §2.6.,
K-964,,celda-en-evaluacion,trazas/backend.txt:626,| 2 | `tokenAddress` sale con checksum EIP-55 desde una config en minúsculas |,,CORRECTO,1,"Checksum EIP-55/ERC-55: Keccak-256 sobre el hex ASCII en minúsculas sin `0x`; nibble ≥ 8 (o > 7) ⇒ mayúscula. Vectores oficiales All caps / All Lower / Normal (corpus/documentos/erc-55.md, Specification, Implementation y Test Cases).",
K-965,,celda-en-evaluacion,trazas/backend.txt:628,"| 4 | Fallo BIP-32 en nivel intermedio: **2 HMACs, 0 ms, `INTERNAL_ERROR`** (antes ~2³¹ reintentos) |",,CORRECTO,1,"BIP-32: I = HMAC-SHA512(key=""Bitcoin seed"", data=S); CKDpriv hardened (`0x00‖ser256(k)‖ser32(i)`) / normal (`serP‖ser32(i)`); si parse256(I_L) ≥ n o k_i = 0, «proceed with the next value for i» (corpus/documentos/bip-0032.mediawiki, Master key generation y Private parent key → private child key).",
K-966,,celda-en-evaluacion,trazas/backend.txt:636,"También confirmé health-check `rpc.status=OK` (chainId 11155111), los tres endpoints del alcance, 404/405, y que un proceso genuinamente reiniciado devuelve la misma dirección (INV-8).",,CORRECTO,1,Sepolia chainId 11155111 es constante de spec/00-fundaciones/activos-y-par-de-trading.md §1; no se afirma un chainId distinto ni una red equivocada como Sepolia (C4 no aplica). §2.6.,
K-967,,celda-en-evaluacion,trazas/backend.txt:650,"| 1 | query param repetido no saltea la validación de red | 4 (`chainId` repetido, `network` repetido, repetido-correcto ⇒ 200, mixto `11155111&1` ⇒ 422) |",,CORRECTO,1,Sepolia chainId 11155111 es constante de spec/00-fundaciones/activos-y-par-de-trading.md §1; no se afirma un chainId distinto ni una red equivocada como Sepolia (C4 no aplica). §2.6.,
K-968,,celda-en-evaluacion,trazas/backend.txt:651,"| 2 | `tokenAddress` con checksum EIP-55 | 2 (caja negra sobre `?asset=USDC`; `loadConfig` rechaza mixed-case con checksum roto, construido flipeando una letra a-f) |",,CORRECTO,1,"Checksum EIP-55/ERC-55: Keccak-256 sobre el hex ASCII en minúsculas sin `0x`; nibble ≥ 8 (o > 7) ⇒ mayúscula. Vectores oficiales All caps / All Lower / Normal (corpus/documentos/erc-55.md, Specification, Implementation y Test Cases).",
K-969,,celda-en-evaluacion,trazas/backend.txt:653,"| 4 | clave BIP-32 inválida en nivel intermedio | 3 (stub en `44'` = depth 1, stub en `60'` = depth 2, control sin stub) |",,CORRECTO,1,"BIP-32: I = HMAC-SHA512(key=""Bitcoin seed"", data=S); CKDpriv hardened (`0x00‖ser256(k)‖ser32(i)`) / normal (`serP‖ser32(i)`); si parse256(I_L) ≥ n o k_i = 0, «proceed with the next value for i» (corpus/documentos/bip-0032.mediawiki, Master key generation y Private parent key → private child key).",
K-970,,celda-en-evaluacion,trazas/backend.txt:656,"| 7 | seed BIP-39 sin colapsar separadores | 3 (espacio doble ⇒ otra seed, PBKDF2 recomputado byte a byte con `@noble/hashes`, `validateMnemonic` tolerante) |",,CORRECTO,1,"BIP-39: ENT 128–256, checksum SHA-256 ENT/32, wordlist inglés 2048, PBKDF2-HMAC-SHA512 2048 iter, seed 64 B, NFKD (corpus/documentos/bip-0039.mediawiki «Generating the mnemonic» y «From mnemonic to seed»; wordlist corpus/documentos/bip-0039-wordlist-english.txt, SHA-256 2f5eed53…24dbda). 24 palabras = política HU-06-01 RN-1, no exclusividad del estándar (§2.6).",
K-971,,celda-en-evaluacion,trazas/backend.txt:658,"No dupliqué los que ya existían: el KAT BIP-39 TREZOR (`wallet-crypto.test.ts` AT-06-01-02), el salto por fallo en el último nivel (AT-06-02-08) y el arranque abortado con credencial mala + seed persistido (`epica-06-…",,CORRECTO,1,"BIP-39: ENT 128–256, checksum SHA-256 ENT/32, wordlist inglés 2048, PBKDF2-HMAC-SHA512 2048 iter, seed 64 B, NFKD (corpus/documentos/bip-0039.mediawiki «Generating the mnemonic» y «From mnemonic to seed»; wordlist corpus/documentos/bip-0039-wordlist-english.txt, SHA-256 2f5eed53…24dbda). 24 palabras = política HU-06-01 RN-1, no exclusividad del estándar (§2.6).",
K-972,,celda-en-evaluacion,trazas/backend.txt:667,"Hice una copia del backend en `/tmp` (sin tocar `/repo/backend/src`) y revertí ahí los 6 arreglos (guarda `typeof === 'string'`, default hardcodeado de USDC sin normalizar, base64 laxo, `continue` incondicional en `de…",,CORRECTO,1,"§2: uso trivial o correcto del término de dominio (identificador, código de error, columna, import o mención) sin afirmación falsa identificable sobre un estándar. No aplica C1–C6.",
K-973,,celda-en-evaluacion,trazas/backend.txt:674,"2. **`deriveNextValidAccount` con `startIndex` inválido de nivel intermedio** lanza `AppError('INTERNAL_ERROR')` con mensaje `""...el nivel fijo N del path m/44'/60'/0'/0...""`. Aserté sobre ese texto para confirmar que…",,CORRECTO,1,"Path BIP-44 `m/purpose'/coin_type'/account'/change/address_index` con purpose 44' y change 0 = cadena externa (corpus/documentos/bip-0044.mediawiki, Path levels). coin type 60 (Ethereum) lo fija spec/00-fundaciones/activos-y-par-de-trading.md §1; BIP-44 remite el registro a SLIP-0044 (§2.6).",
K-974,,celda-en-evaluacion,trazas/backend.txt:693,| 1 | `?chainId=1&chainId=1` llegaba como array y salteaba la validación de red (200 en vez de 422) | Se normaliza a lista y se evalúa **cada** valor recibido |,,CORRECTO,1,Sepolia chainId 11155111 es constante de spec/00-fundaciones/activos-y-par-de-trading.md §1; no se afirma un chainId distinto ni una red equivocada como Sepolia (C4 no aplica). §2.6.,
K-975,,celda-en-evaluacion,trazas/backend.txt:694,| 2 | `tokenAddress` sin checksum si la config venía en minúsculas | Normalización EIP-55 al cargar; mixed-case con checksum roto impide el arranque |,,CORRECTO,1,"Checksum EIP-55/ERC-55: Keccak-256 sobre el hex ASCII en minúsculas sin `0x`; nibble ≥ 8 (o > 7) ⇒ mayúscula. Vectores oficiales All caps / All Lower / Normal (corpus/documentos/erc-55.md, Specification, Implementation y Test Cases).",
K-976,,celda-en-evaluacion,trazas/backend.txt:696,"| 4 | Clave BIP-32 inválida en nivel intermedio ⇒ 2³¹ reintentos idénticos dentro de la transacción de alta | `InvalidChildKeyError` lleva el `depth`; sólo se saltea el `address_index`, los niveles fijos abortan |",,CORRECTO,1,"BIP-32: I = HMAC-SHA512(key=""Bitcoin seed"", data=S); CKDpriv hardened (`0x00‖ser256(k)‖ser32(i)`) / normal (`serP‖ser32(i)`); si parse256(I_L) ≥ n o k_i = 0, «proceed with the next value for i» (corpus/documentos/bip-0032.mediawiki, Master key generation y Private parent key → private child key).",
K-977,,celda-en-evaluacion,trazas/backend.txt:700,| 8 | PBKDF2 recibía el mnemonic con separadores colapsados | NFKD puro; el colapso queda sólo para validar |,,CORRECTO,1,"BIP-39: ENT 128–256, checksum SHA-256 ENT/32, wordlist inglés 2048, PBKDF2-HMAC-SHA512 2048 iter, seed 64 B, NFKD (corpus/documentos/bip-0039.mediawiki «Generating the mnemonic» y «From mnemonic to seed»; wordlist corpus/documentos/bip-0039-wordlist-english.txt, SHA-256 2f5eed53…24dbda). 24 palabras = política HU-06-01 RN-1, no exclusividad del estándar (§2.6).",
K-978,,celda-en-evaluacion,trazas/backend.txt:704,Ningún punto se descartó por contradecir la spec. Verifiqué contra los estándares (corpus BIP-32/BIP-39/ERC-55) que las dos correcciones normativas —#4 (*«proceed with the next value for i»* se refiere al índice del n…,,CORRECTO,1,"Checksum EIP-55/ERC-55: Keccak-256 sobre el hex ASCII en minúsculas sin `0x`; nibble ≥ 8 (o > 7) ⇒ mayúscula. Vectores oficiales All caps / All Lower / Normal (corpus/documentos/erc-55.md, Specification, Implementation y Test Cases).",
K-979,,celda-en-evaluacion,trazas/backend.txt:710,"- Independientemente comprobé #4 (2 HMACs, 0 ms, `INTERNAL_ERROR`) y que la derivación sigue dando los vectores canónicos BIP-44 (`m/44'/60'/0'/0/0` = `0x9858EfFD…aEda94`).",,CORRECTO,1,"Path BIP-44 `m/purpose'/coin_type'/account'/change/address_index` con purpose 44' y change 0 = cadena externa (corpus/documentos/bip-0044.mediawiki, Path levels). coin type 60 (Ethereum) lo fija spec/00-fundaciones/activos-y-par-de-trading.md §1; BIP-44 remite el registro a SLIP-0044 (§2.6).",
K-980,,celda-en-evaluacion,trazas/backend.txt:711,"- Build limpio + base nueva + nodo JSON-RPC real: health `rpc.status=OK` (chainId 11155111), register 201, login 200, `deposit-address?asset=USDC` con `tokenAddress` en EIP-55.",,CORRECTO,1,"Checksum EIP-55/ERC-55: Keccak-256 sobre el hex ASCII en minúsculas sin `0x`; nibble ≥ 8 (o > 7) ⇒ mayúscula. Vectores oficiales All caps / All Lower / Normal (corpus/documentos/erc-55.md, Specification, Implementation y Test Cases).",
K-981,,celda-en-evaluacion,trazas/backend.txt:715,**Los cambios 3 y 6 rompen el arranque de un despliegue existente**: ahora hay que proveer `USDC_CONTRACT_ADDRESS` explícitamente y ya no se autogenera el `.env`. Es la consecuencia directa de lo que pedía la revisión…,,CORRECTO,1,"§2: uso trivial o correcto del término de dominio (identificador, código de error, columna, import o mención) sin afirmación falsa identificable sobre un estándar. No aplica C1–C6.",
K-982,,celda-en-evaluacion,trazas/mobile.txt:6,"Let me get the exact ERC-55 spec body and test cases, plus the ERC-681 syntax grammar.",,CORRECTO,1,"Uso correcto de ERC-681: `ethereum:` [`pay-`] target [`@` chain_id decimal] [`/` function] [`?` params]; sin function_name = pago nativo; ERC-20 = `transfer` con parámetro `address` (corpus/documentos/erc-681.md, Specification Syntax/Semantics). chainId 11155111 lo fija spec/00-fundaciones/activos-y-par-de-trading.md §1 (§2.6).",
K-983,,celda-en-evaluacion,trazas/mobile.txt:22,"Good — the transform works. The 4 failures are my test expectations: the ERC-55 ""All caps""/""All Lower"" vectors are themselves valid checksummed addresses. Let me correct the docs and tests.",,CORRECTO,1,"Checksum EIP-55/ERC-55: Keccak-256 sobre el hex ASCII en minúsculas sin `0x`; nibble ≥ 8 (o > 7) ⇒ mayúscula. Vectores oficiales All caps / All Lower / Normal (corpus/documentos/erc-55.md, Specification, Implementation y Test Cases).",
K-984,,celda-en-evaluacion,trazas/mobile.txt:28,"**`/repo/mobile/src/onchain/address.ts`** — EIP-55 puro, sin React Native ni Node (`TextEncoder` + `keccak_256` de `@noble/hashes/sha3.js`, mismo import que el backend).",,CORRECTO,1,"Checksum EIP-55/ERC-55: Keccak-256 sobre el hex ASCII en minúsculas sin `0x`; nibble ≥ 8 (o > 7) ⇒ mayúscula. Vectores oficiales All caps / All Lower / Normal (corpus/documentos/erc-55.md, Specification, Implementation y Test Cases).",
K-985,,celda-en-evaluacion,trazas/mobile.txt:31,"- `toChecksumAddress(address: string): string` — acepta con/sin `0x` (también `0X`), cualquier capitalización; lanza `Error` si no son 40 hex.",,CORRECTO,1,"Checksum EIP-55/ERC-55: Keccak-256 sobre el hex ASCII en minúsculas sin `0x`; nibble ≥ 8 (o > 7) ⇒ mayúscula. Vectores oficiales All caps / All Lower / Normal (corpus/documentos/erc-55.md, Specification, Implementation y Test Cases).",
K-986,,celda-en-evaluacion,trazas/mobile.txt:32,- `isValidEip55Address(value: string): boolean`,,CORRECTO,1,"Checksum EIP-55/ERC-55: Keccak-256 sobre el hex ASCII en minúsculas sin `0x`; nibble ≥ 8 (o > 7) ⇒ mayúscula. Vectores oficiales All caps / All Lower / Normal (corpus/documentos/erc-55.md, Specification, Implementation y Test Cases).",
K-987,,celda-en-evaluacion,trazas/mobile.txt:34,**`/repo/mobile/src/onchain/eip681.ts`**,,CORRECTO,1,"Uso correcto de ERC-681: `ethereum:` [`pay-`] target [`@` chain_id decimal] [`/` function] [`?` params]; sin function_name = pago nativo; ERC-20 = `transfer` con parámetro `address` (corpus/documentos/erc-681.md, Specification Syntax/Semantics). chainId 11155111 lo fija spec/00-fundaciones/activos-y-par-de-trading.md §1 (§2.6).",
K-988,,celda-en-evaluacion,trazas/mobile.txt:35,"- `SEPOLIA_CHAIN_ID = '11155111'` (string), `type Asset = 'ETH' | 'USDC'`, `type DepositUriParams`",,CORRECTO,1,Sepolia chainId 11155111 es constante de spec/00-fundaciones/activos-y-par-de-trading.md §1; no se afirma un chainId distinto ni una red equivocada como Sepolia (C4 no aplica). §2.6.,
K-989,,celda-en-evaluacion,trazas/mobile.txt:38,**Tests**: `/repo/mobile/tests/onchain/address.test.ts` y `/repo/mobile/tests/onchain/eip681.test.ts`.,,CORRECTO,1,"Uso correcto de ERC-681: `ethereum:` [`pay-`] target [`@` chain_id decimal] [`/` function] [`?` params]; sin function_name = pago nativo; ERC-20 = `transfer` con parámetro `address` (corpus/documentos/erc-681.md, Specification Syntax/Semantics). chainId 11155111 lo fija spec/00-fundaciones/activos-y-par-de-trading.md §1 (§2.6).",
K-990,,celda-en-evaluacion,trazas/mobile.txt:42,- **Corrección importante sobre los vectores de ERC-55**: los grupos «All caps» y «All Lower» del estándar NO son direcciones sin checksum — son direcciones cuyo checksum EIP-55 *resulta* íntegramente mayúsculas/minús…,,CORRECTO,1,"Checksum EIP-55/ERC-55: Keccak-256 sobre el hex ASCII en minúsculas sin `0x`; nibble ≥ 8 (o > 7) ⇒ mayúscula. Vectores oficiales All caps / All Lower / Normal (corpus/documentos/erc-55.md, Specification, Implementation y Test Cases).",
K-991,,celda-en-evaluacion,trazas/mobile.txt:43,"- `buildDepositUri` **preserva** las direcciones tal como las devuelve la API (con su checksum) y sólo valida *formato*; no las re-checksummea, para no enmascarar datos del backend. Errores: mensaje distinto para dire…",,CORRECTO,1,"Uso correcto de ERC-681: `ethereum:` [`pay-`] target [`@` chain_id decimal] [`/` function] [`?` params]; sin function_name = pago nativo; ERC-20 = `transfer` con parámetro `address` (corpus/documentos/erc-681.md, Specification Syntax/Semantics). chainId 11155111 lo fija spec/00-fundaciones/activos-y-par-de-trading.md §1 (§2.6).",
K-992,,celda-en-evaluacion,trazas/mobile.txt:78,"- `/repo/mobile/tests/support/deposit-fixtures.ts` — fixtures (direcciones EIP-55, siembra de sesión, stub de `fetch` con inspección de llamadas/headers, extracción de texto y de strings del árbol)",,CORRECTO,1,"Checksum EIP-55/ERC-55: Keccak-256 sobre el hex ASCII en minúsculas sin `0x`; nibble ≥ 8 (o > 7) ⇒ mayúscula. Vectores oficiales All caps / All Lower / Normal (corpus/documentos/erc-55.md, Specification, Implementation y Test Cases).",
K-993,,celda-en-evaluacion,trazas/mobile.txt:82,"- **AT-11-06-01**: address `0x`+40 hex con checksum EIP-55 válido (sin `deposit-address-warning`); que el address proviene de la API (cambiando la respuesta cambia lo renderizado, RN-1); QR con `ethereum:<address>@111…",,CORRECTO,1,"Uso correcto de ERC-681: `ethereum:` [`pay-`] target [`@` chain_id decimal] [`/` function] [`?` params]; sin function_name = pago nativo; ERC-20 = `transfer` con parámetro `address` (corpus/documentos/erc-681.md, Specification Syntax/Semantics). chainId 11155111 lo fija spec/00-fundaciones/activos-y-par-de-trading.md §1 (§2.6).",
K-994,,celda-en-evaluacion,trazas/mobile.txt:83,- **AT-11-06-26**: QR exactamente `ethereum:<tokenAddress>@11155111/transfer?address=<depositAddress>`; address en texto con checksum EIP-55 **además** del QR; `tokenAddress` sale de la API (con un contrato distinto e…,,CORRECTO,1,"Uso correcto de ERC-681: `ethereum:` [`pay-`] target [`@` chain_id decimal] [`/` function] [`?` params]; sin function_name = pago nativo; ERC-20 = `transfer` con parámetro `address` (corpus/documentos/erc-681.md, Specification Syntax/Semantics). chainId 11155111 lo fija spec/00-fundaciones/activos-y-par-de-trading.md §1 (§2.6).",
K-995,,celda-en-evaluacion,trazas/mobile.txt:84,"- **AT-11-06-17 (b)/(c)**: sobre ETH, USDC y el estado ""copiado"" — ninguna string renderizada (texto ni props) contiene términos de secreto, frases de 12/24 palabras (detector auto-verificado con un vector BIP-39) ni …",,CORRECTO,1,"BIP-39: ENT 128–256, checksum SHA-256 ENT/32, wordlist inglés 2048, PBKDF2-HMAC-SHA512 2048 iter, seed 64 B, NFKD (corpus/documentos/bip-0039.mediawiki «Generating the mnemonic» y «From mnemonic to seed»; wordlist corpus/documentos/bip-0039-wordlist-english.txt, SHA-256 2f5eed53…24dbda). 24 palabras = política HU-06-01 RN-1, no exclusividad del estándar (§2.6).",
K-996,,celda-en-evaluacion,trazas/mobile.txt:85,"- **Bordes**: fallo de red ⇒ `deposit-error` con ""No se pudo conectar, reintentá"" + `deposit-retry`, sin cerrar sesión, y el reintento recarga y muestra la dirección (2 llamadas); respuesta fuera de contrato (sin `add…",,CORRECTO,1,"Uso correcto de ERC-681: `ethereum:` [`pay-`] target [`@` chain_id decimal] [`/` function] [`?` params]; sin function_name = pago nativo; ERC-20 = `transfer` con parámetro `address` (corpus/documentos/erc-681.md, Specification Syntax/Semantics). chainId 11155111 lo fija spec/00-fundaciones/activos-y-par-de-trading.md §1 (§2.6).",
K-997,,celda-en-evaluacion,trazas/mobile.txt:94,1. **Race al cambiar de activo: el QR puede quedar desalineado con el activo mostrado** — `/repo/mobile/src/screens/DepositScreen.tsx:51-80` (`load` + el `useEffect` de línea 78). `load` no cancela ni descarta respues…,,CORRECTO,1,"§2: uso trivial o correcto del término de dominio (identificador, código de error, columna, import o mención) sin afirmación falsa identificable sobre un estándar. No aplica C1–C6.",
K-998,,celda-en-evaluacion,trazas/mobile.txt:100,"- Direcciones: vectores oficiales de ERC-55 como literales (no calculadas con `toChecksumAddress` dentro del assert, para no validar la implementación contra sí misma); un test aparte verifica que esos vectores son ch…",,CORRECTO,1,"Checksum EIP-55/ERC-55: Keccak-256 sobre el hex ASCII en minúsculas sin `0x`; nibble ≥ 8 (o > 7) ⇒ mayúscula. Vectores oficiales All caps / All Lower / Normal (corpus/documentos/erc-55.md, Specification, Implementation y Test Cases).",
K-999,,celda-en-evaluacion,trazas/mobile.txt:102,"- Detector de mnemónicas por *forma* (12/24 palabras `[a-z]{3,8}`) aplicado string por string en vez de regex sobre todo el texto: evita falsos positivos con prosa en español y se auto-verifica con un vector BIP-39.",,CORRECTO,1,"BIP-39: ENT 128–256, checksum SHA-256 ENT/32, wordlist inglés 2048, PBKDF2-HMAC-SHA512 2048 iter, seed 64 B, NFKD (corpus/documentos/bip-0039.mediawiki «Generating the mnemonic» y «From mnemonic to seed»; wordlist corpus/documentos/bip-0039-wordlist-english.txt, SHA-256 2f5eed53…24dbda). 24 palabras = política HU-06-01 RN-1, no exclusividad del estándar (§2.6).",
K-1000,,celda-en-evaluacion,trazas/mobile.txt:105,"Estado: la app mobile ya está implementada y verificada de punta a punta contra el backend real (login + dirección de depósito con QR EIP-681 para ETH y USDC). Los bundles de Android, iOS y web compilan, y el dev serv…",,CORRECTO,1,"Uso correcto de ERC-681: `ethereum:` [`pay-`] target [`@` chain_id decimal] [`/` function] [`?` params]; sin function_name = pago nativo; ERC-20 = `transfer` con parámetro `address` (corpus/documentos/erc-681.md, Specification Syntax/Semantics). chainId 11155111 lo fija spec/00-fundaciones/activos-y-par-de-trading.md §1 (§2.6).",
K-1001,,celda-en-evaluacion,trazas/mobile.txt:170,"**`HU-11-06` — pantalla de depósito (Escenarios 1 y 26).** Dirección traída de `GET /deposit-address`, con checksum EIP-55 verificado en el cliente, copiable, y QR como URI EIP-681: `ethereum:<address>@11155111` para …",,CORRECTO,1,"Uso correcto de ERC-681: `ethereum:` [`pay-`] target [`@` chain_id decimal] [`/` function] [`?` params]; sin function_name = pago nativo; ERC-20 = `transfer` con parámetro `address` (corpus/documentos/erc-681.md, Specification Syntax/Semantics). chainId 11155111 lo fija spec/00-fundaciones/activos-y-par-de-trading.md §1 (§2.6).",
K-1002,,celda-en-evaluacion,trazas/mobile.txt:175,"- **End-to-end contra el backend corriendo** (`mobile/tests-e2e/`): registra una cuenta, se loguea desde la UI, navega a depósito, valida el checksum de la dirección que devolvió el backend, comprueba los dos URIs del…",,CORRECTO,1,"Checksum EIP-55/ERC-55: Keccak-256 sobre el hex ASCII en minúsculas sin `0x`; nibble ≥ 8 (o > 7) ⇒ mayúscula. Vectores oficiales All caps / All Lower / Normal (corpus/documentos/erc-55.md, Specification, Implementation y Test Cases).",
K-1003,,celda-en-evaluacion,trazas/mobile.txt:178,"Un defecto real que surgió de la revisión de los tests y corregí: al cambiar de activo, una respuesta lenta del activo anterior podía pisar a la actual y dejar el QR de ETH bajo la leyenda de USDC — justo el envío equ…",,CORRECTO,1,"Uso correcto de ERC-681: `ethereum:` [`pay-`] target [`@` chain_id decimal] [`/` function] [`?` params]; sin function_name = pago nativo; ERC-20 = `transfer` con parámetro `address` (corpus/documentos/erc-681.md, Specification Syntax/Semantics). chainId 11155111 lo fija spec/00-fundaciones/activos-y-par-de-trading.md §1 (§2.6).",
K-1004,,celda-en-evaluacion,trazas/mobile.txt:291,"| `AT-11-06-01: muestra la dirección (0x + 40 hex, checksum EIP-55) que devolvió la API` | `tests/deposit/deposit-address.test.tsx:76` | `Unable to find an element with testID: deposit-address` |",,CORRECTO,1,"Checksum EIP-55/ERC-55: Keccak-256 sobre el hex ASCII en minúsculas sin `0x`; nibble ≥ 8 (o > 7) ⇒ mayúscula. Vectores oficiales All caps / All Lower / Normal (corpus/documentos/erc-55.md, Specification, Implementation y Test Cases).",
K-1005,,celda-en-evaluacion,trazas/mobile.txt:292,"| `AT-11-06-17(b): ni ETH ni USDC renderizan mnemonic, seed, passphrase ni claves privadas` | `tests/deposit/deposit-security.test.tsx` | `Unable to find an element with testID: deposit-address` |",,CORRECTO,1,"BIP-39: ENT 128–256, checksum SHA-256 ENT/32, wordlist inglés 2048, PBKDF2-HMAC-SHA512 2048 iter, seed 64 B, NFKD (corpus/documentos/bip-0039.mediawiki «Generating the mnemonic» y «From mnemonic to seed»; wordlist corpus/documentos/bip-0039-wordlist-english.txt, SHA-256 2f5eed53…24dbda). 24 palabras = política HU-06-01 RN-1, no exclusividad del estándar (§2.6).",
K-1006,,celda-en-evaluacion,trazas/mobile.txt:411,"Handler: `/repo/backend/src/http/app.ts:478-522`. Config del `tokenAddress`: `/repo/backend/src/config/index.ts:162-183` (`USDC_CONTRACT_ADDRESS`, obligatoria, sin default, normalizada a checksum EIP-55; rechaza mixed…",,CORRECTO,1,"Checksum EIP-55/ERC-55: Keccak-256 sobre el hex ASCII en minúsculas sin `0x`; nibble ≥ 8 (o > 7) ⇒ mayúscula. Vectores oficiales All caps / All Lower / Normal (corpus/documentos/erc-55.md, Specification, Implementation y Test Cases).",
K-1007,,celda-en-evaluacion,trazas/mobile.txt:417,"{""asset"":""ETH"",""address"":""0xf209114F1433d7F99457B257545C4d4F975c9eB7"",""network"":""sepolia"",""chainId"":""11155111"",""derivationPath"":""m/44'/60'/0'/0/0""}",,CORRECTO,1,"Path BIP-44 `m/purpose'/coin_type'/account'/change/address_index` con purpose 44' y change 0 = cadena externa (corpus/documentos/bip-0044.mediawiki, Path levels). coin type 60 (Ethereum) lo fija spec/00-fundaciones/activos-y-par-de-trading.md §1; BIP-44 remite el registro a SLIP-0044 (§2.6).",
K-1008,,celda-en-evaluacion,trazas/mobile.txt:420,"{""asset"":""USDC"",""address"":""0xf209114F1433d7F99457B257545C4d4F975c9eB7"",""network"":""sepolia"",""chainId"":""11155111"",""derivationPath"":""m/44'/60'/0'/0/0"",""tokenAddress"":""0xfB6916095ca1df60bB79Ce92cE3Ea74c37c5d359""}",,CORRECTO,1,"Path BIP-44 `m/purpose'/coin_type'/account'/change/address_index` con purpose 44' y change 0 = cadena externa (corpus/documentos/bip-0044.mediawiki, Path levels). coin type 60 (Ethereum) lo fija spec/00-fundaciones/activos-y-par-de-trading.md §1; BIP-44 remite el registro a SLIP-0044 (§2.6).",
K-1009,,celda-en-evaluacion,trazas/mobile.txt:424,"?asset=ETH&chainId=1                                  → 422 CHAIN_ID_MISMATCH {expected:""11155111"",got:""1""}",,CORRECTO,1,Sepolia chainId 11155111 es constante de spec/00-fundaciones/activos-y-par-de-trading.md §1; no se afirma un chainId distinto ni una red equivocada como Sepolia (C4 no aplica). §2.6.,
K-1010,,celda-en-evaluacion,trazas/mobile.txt:425,"?asset=ETH&network=mainnet                            → 422 CHAIN_ID_MISMATCH {expected:""11155111"",got:""mainnet""}",,CORRECTO,1,Sepolia chainId 11155111 es constante de spec/00-fundaciones/activos-y-par-de-trading.md §1; no se afirma un chainId distinto ni una red equivocada como Sepolia (C4 no aplica). §2.6.,
K-1011,,celda-en-evaluacion,trazas/mobile.txt:430,- `address` y `tokenAddress` verificados con checksum EIP-55 válido (comprobado programáticamente).,,CORRECTO,1,"Checksum EIP-55/ERC-55: Keccak-256 sobre el hex ASCII en minúsculas sin `0x`; nibble ≥ 8 (o > 7) ⇒ mayúscula. Vectores oficiales All caps / All Lower / Normal (corpus/documentos/erc-55.md, Specification, Implementation y Test Cases).",
K-1012,,celda-en-evaluacion,trazas/mobile.txt:432,"- `network`/`chainId` (string `""11155111""`) y `derivationPath` son los campos informativos explícitamente permitidos por HU-06-04 RN-6/RN-8. Sin claves privadas ni seed.",,CORRECTO,1,Sepolia chainId 11155111 es constante de spec/00-fundaciones/activos-y-par-de-trading.md §1; no se afirma un chainId distinto ni una red equivocada como Sepolia (C4 no aplica). §2.6.,
K-1013,,celda-en-evaluacion,trazas/mobile.txt:435,## 2. URI EIP-681 en mobile — correcto,,CORRECTO,1,"Uso correcto de ERC-681: `ethereum:` [`pay-`] target [`@` chain_id decimal] [`/` function] [`?` params]; sin function_name = pago nativo; ERC-20 = `transfer` con parámetro `address` (corpus/documentos/erc-681.md, Specification Syntax/Semantics). chainId 11155111 lo fija spec/00-fundaciones/activos-y-par-de-trading.md §1 (§2.6).",
K-1014,,celda-en-evaluacion,trazas/mobile.txt:436,`/repo/mobile/src/onchain/eip681.ts:52-73`. Salida real ejecutada:,,CORRECTO,1,"Uso correcto de ERC-681: `ethereum:` [`pay-`] target [`@` chain_id decimal] [`/` function] [`?` params]; sin function_name = pago nativo; ERC-20 = `transfer` con parámetro `address` (corpus/documentos/erc-681.md, Specification Syntax/Semantics). chainId 11155111 lo fija spec/00-fundaciones/activos-y-par-de-trading.md §1 (§2.6).",
K-1015,,celda-en-evaluacion,trazas/mobile.txt:438,ETH : ethereum:0x5aAeb…BeAed@11155111,,CORRECTO,1,"Uso correcto de ERC-681: `ethereum:` [`pay-`] target [`@` chain_id decimal] [`/` function] [`?` params]; sin function_name = pago nativo; ERC-20 = `transfer` con parámetro `address` (corpus/documentos/erc-681.md, Specification Syntax/Semantics). chainId 11155111 lo fija spec/00-fundaciones/activos-y-par-de-trading.md §1 (§2.6).",
K-1016,,celda-en-evaluacion,trazas/mobile.txt:439,USDC: ethereum:0xfB69…d359@11155111/transfer?address=0x5aAeb…BeAed,,CORRECTO,1,"Uso correcto de ERC-681: `ethereum:` [`pay-`] target [`@` chain_id decimal] [`/` function] [`?` params]; sin function_name = pago nativo; ERC-20 = `transfer` con parámetro `address` (corpus/documentos/erc-681.md, Specification Syntax/Semantics). chainId 11155111 lo fija spec/00-fundaciones/activos-y-par-de-trading.md §1 (§2.6).",
K-1017,,celda-en-evaluacion,trazas/mobile.txt:441,"Coincide literalmente con RN-2 / AT-11-06-26. Contrastado con el texto normativo de ERC-681 (corpus): gramática `""ethereum"" "":"" [""pay-""] target_address [""@"" chain_id] [""/"" function_name] [""?"" parameters]`, `chain_id` …",,CORRECTO,1,"Uso correcto de ERC-681: `ethereum:` [`pay-`] target [`@` chain_id decimal] [`/` function] [`?` params]; sin function_name = pago nativo; ERC-20 = `transfer` con parámetro `address` (corpus/documentos/erc-681.md, Specification Syntax/Semantics). chainId 11155111 lo fija spec/00-fundaciones/activos-y-par-de-trading.md §1 (§2.6).",
K-1018,,celda-en-evaluacion,trazas/mobile.txt:443,## 3. EIP-55 en `/repo/mobile/src/onchain/address.ts` — correcto,,CORRECTO,1,"Checksum EIP-55/ERC-55: Keccak-256 sobre el hex ASCII en minúsculas sin `0x`; nibble ≥ 8 (o > 7) ⇒ mayúscula. Vectores oficiales All caps / All Lower / Normal (corpus/documentos/erc-55.md, Specification, Implementation y Test Cases).",
K-1019,,celda-en-evaluacion,trazas/mobile.txt:444,"Script temporal en `/tmp` importando el módulo real: los 8 vectores oficiales de ERC-55 (2 all-caps, 2 all-lower, 4 normales) pasan; rechaza capitalización volteada y la forma todo-minúsculas de una dirección mixed-ca…",,CORRECTO,1,"Checksum EIP-55/ERC-55: Keccak-256 sobre el hex ASCII en minúsculas sin `0x`; nibble ≥ 8 (o > 7) ⇒ mayúscula. Vectores oficiales All caps / All Lower / Normal (corpus/documentos/erc-55.md, Specification, Implementation y Test Cases).",
K-1020,,celda-en-evaluacion,trazas/mobile.txt:447,"`/repo/mobile/src/screens/DepositScreen.tsx`: address en texto (`:195`, con advertencia si el checksum no verifica, `:198`), QR con el URI EIP-681 (`:180`), copiar el **address** al portapapeles (`:105`, `:213`), leye…",,CORRECTO,1,"Uso correcto de ERC-681: `ethereum:` [`pay-`] target [`@` chain_id decimal] [`/` function] [`?` params]; sin function_name = pago nativo; ERC-20 = `transfer` con parámetro `address` (corpus/documentos/erc-681.md, Specification Syntax/Semantics). chainId 11155111 lo fija spec/00-fundaciones/activos-y-par-de-trading.md §1 (§2.6).",
K-1021,,celda-en-evaluacion,trazas/mobile.txt:449,"**E2E real ejecutado**: `EXPO_PUBLIC_API_BASE_URL=http://localhost:3999/api/v1 npm run test:e2e` → 2/2 passing contra el backend levantado (registro por API, login desde la UI, dirección con checksum válido, QR de ETH…",,CORRECTO,1,"Checksum EIP-55/ERC-55: Keccak-256 sobre el hex ASCII en minúsculas sin `0x`; nibble ≥ 8 (o > 7) ⇒ mayúscula. Vectores oficiales All caps / All Lower / Normal (corpus/documentos/erc-55.md, Specification, Implementation y Test Cases).",
K-1022,,celda-en-evaluacion,trazas/mobile.txt:455,"- `src/api/deposits.ts:29-31`: `parseDepositAddress` sólo exige que `address` sea string no vacío; no valida `0x`+40 hex ni EIP-55 en la frontera. Queda cubierto aguas abajo (QR nulo + advertencia visible), pero la va…",,CORRECTO,1,"Checksum EIP-55/ERC-55: Keccak-256 sobre el hex ASCII en minúsculas sin `0x`; nibble ≥ 8 (o > 7) ⇒ mayúscula. Vectores oficiales All caps / All Lower / Normal (corpus/documentos/erc-55.md, Specification, Implementation y Test Cases).",
K-1023,,celda-en-evaluacion,trazas/mobile.txt:456,"- `src/api/deposits.ts:36-37`: `network` y `chainId` se parsean y nunca se usan; la pantalla imprime el `CHAIN_ID` hardcodeado de `src/config.ts:21`. Coincide con RN-2 (Sepolia fija), pero un backend mal configurado q…",,CORRECTO,1,Sepolia chainId 11155111 es constante de spec/00-fundaciones/activos-y-par-de-trading.md §1; no se afirma un chainId distinto ni una red equivocada como Sepolia (C4 no aplica). §2.6.,
K-1024,,celda-en-evaluacion,trazas/mobile.txt:578,"**Lo que está bien** (y por eso no ocupa lugar en el archivo): la etapa arranca y corre — typecheck limpio, 160/160 tests, bundle en las tres plataformas, y el e2e real pasa contra el backend levantado. `GET /api/v1/d…",,CORRECTO,1,"§2: uso trivial o correcto del término de dominio (identificador, código de error, columna, import o mención) sin afirmación falsa identificable sobre un estándar. No aplica C1–C6.",
K-1025,,celda-en-evaluacion,trazas/mobile.txt:624,Now update the obsolete checksum-warning test in `deposit-errors.test.tsx`.,,CORRECTO,1,"Checksum EIP-55/ERC-55: Keccak-256 sobre el hex ASCII en minúsculas sin `0x`; nibble ≥ 8 (o > 7) ⇒ mayúscula. Vectores oficiales All caps / All Lower / Normal (corpus/documentos/erc-55.md, Specification, Implementation y Test Cases).",
K-1026,,celda-en-evaluacion,trazas/web.txt:177,"`npm install` (up to date) + `npm run build` (exit 0). Arranque literal del §4 con `WALLET_ENCRYPTION_KEY` generada con el `node -e ...` del README, `USDC_CONTRACT_ADDRESS` y `ETH_RPC_URL=http://host.docker.internal:8…",,CORRECTO,1,"§2: uso trivial o correcto del término de dominio (identificador, código de error, columna, import o mención) sin afirmación falsa identificable sobre un estándar. No aplica C1–C6.",
K-1027,,celda-en-evaluacion,trazas/web.txt:184,"`curl localhost:3000/health` → `{""status"":""ok"",...,""chain"":{""network"":""sepolia"",""chainId"":""11155111"",""rpc"":{""status"":""OK"",""chainId"":""11155111"",...}}}` (había un nodo JSON-RPC real respondiendo en `host.docker.internal…",,CORRECTO,1,Sepolia chainId 11155111 es constante de spec/00-fundaciones/activos-y-par-de-trading.md §1; no se afirma un chainId distinto ni una red equivocada como Sepolia (C4 no aplica). §2.6.,
